1.00000E-05,1.85485
1.03125E-05,1.82653
1.06250E-05,1.79947
1.09375E-05,1.77357
1.12500E-05,1.74877
1.15625E-05,1.72497
1.18750E-05,1.70212
1.21875E-05,1.68016
1.25000E-05,1.65903
1.28125E-05,1.63867
1.31250E-05,1.61904
1.34375E-05,1.60011
1.37500E-05,1.58182
1.43750E-05,1.54705
1.50000E-05,1.51448
1.56250E-05,1.48388
1.62500E-05,1.45506
1.68750E-05,1.42786
1.75000E-05,1.40213
1.81250E-05,1.37775
1.87500E-05,1.35459
1.93750E-05,1.33256
2.00000E-05,1.31158
2.09375E-05,1.28188
2.18750E-05,1.25411
2.28125E-05,1.22807
2.37500E-05,1.20358
2.46875E-05,1.18051
2.56250E-05,1.15871
2.65625E-05,1.13808
2.75000E-05,1.11852
2.84375E-05,1.09992
2.93750E-05,1.08223
3.03125E-05,1.06536
3.12500E-05,1.04926
3.21875E-05,1.03387
3.31250E-05,1.01913
3.40625E-05,1.00501
3.50000E-05,0.991458
3.59375E-05,0.978440
3.68750E-05,0.965922
3.78125E-05,0.953873
3.87500E-05,0.942263
3.96875E-05,0.931068
4.06250E-05,0.920262
4.25000E-05,0.899733
4.43750E-05,0.880519
4.62500E-05,0.862486
4.81250E-05,0.845518
5.00000E-05,0.829513
5.15625E-05,0.816848
5.31250E-05,0.804746
5.46875E-05,0.793166
5.62500E-05,0.782072
5.78125E-05,0.771431
5.93750E-05,0.761213
6.09375E-05,0.751391
6.25000E-05,0.741939
6.40625E-05,0.732835
6.56250E-05,0.724058
6.71875E-05,0.715589
6.87500E-05,0.707411
7.18750E-05,0.691862
7.50000E-05,0.677294
7.81250E-05,0.663610
8.12500E-05,0.650723
8.43750E-05,0.638559
8.75000E-05,0.627053
9.06250E-05,0.616147
9.37500E-05,0.605791
9.68750E-05,0.595940
0.000100000,0.586554
0.000103125,0.577599
0.000106250,0.569041
0.000109375,0.560853
0.000112500,0.553009
0.000115625,0.545484
0.000118750,0.538259
0.000121875,0.531313
0.000125000,0.524630
0.000128125,0.518193
0.000131250,0.511986
0.000134375,0.505998
0.000137500,0.500215
0.000143750,0.489220
0.000150000,0.478919
0.000156250,0.469243
0.000162500,0.460131
0.000168750,0.451530
0.000175000,0.443393
0.000181250,0.435682
0.000187500,0.428359
0.000193750,0.421393
0.000200000,0.414756
0.000209375,0.405365
0.000218750,0.396583
0.000228125,0.388349
0.000237500,0.380607
0.000246875,0.373310
0.000256250,0.366417
0.000265625,0.359893
0.000275000,0.353705
0.000284375,0.347826
0.000293750,0.342231
0.000303125,0.336897
0.000312500,0.331805
0.000321875,0.326937
0.000331250,0.322278
0.000340625,0.317812
0.000350000,0.313526
0.000359375,0.309410
0.000368750,0.305451
0.000378125,0.301641
0.000387500,0.297970
0.000396875,0.294429
0.000406250,0.291012
0.000425000,0.284521
0.000443750,0.278445
0.000462500,0.272742
0.000481250,0.267376
0.000500000,0.262315
0.000515625,0.258310
0.000531250,0.254483
0.000546875,0.250821
0.000562500,0.247313
0.000578125,0.243948
0.000593750,0.240717
0.000609375,0.237611
0.000625000,0.234622
0.000640625,0.231743
0.000656250,0.228967
0.000671875,0.226289
0.000687500,0.223703
0.000718750,0.218786
0.000750000,0.214179
0.000781250,0.209852
0.000812500,0.205777
0.000843750,0.201930
0.000875000,0.198291
0.000906250,0.194843
0.000937500,0.191568
0.000968750,0.188453
0.00100000,0.185485
0.00103125,0.182653
0.00106250,0.179947
0.00109375,0.177357
0.00112500,0.174877
0.00115625,0.172497
0.00118750,0.170212
0.00121875,0.168016
0.00125000,0.165902
0.00128125,0.163867
0.00131250,0.161904
0.00134375,0.160011
0.00137500,0.158182
0.00143750,0.154705
0.00150000,0.151448
0.00156250,0.148388
0.00162500,0.145506
0.00168750,0.142786
0.00175000,0.140213
0.00181250,0.137774
0.00187500,0.135459
0.00193750,0.133256
0.00200000,0.131157
0.00209375,0.128187
0.00218750,0.125410
0.00228125,0.122806
0.00237500,0.120358
0.00246875,0.118051
0.00256250,0.115871
0.00265625,0.113808
0.00275000,0.111851
0.00284375,0.109992
0.00293750,0.108223
0.00303125,0.106536
0.00312500,0.104926
0.00321875,0.103386
0.00331250,0.101913
0.00340625,0.100501
0.00350000,0.0991455
0.00359375,0.0978437
0.00368750,0.0965919
0.00378125,0.0953870
0.00387500,0.0942261
0.00396875,0.0931065
0.00406250,0.0920259
0.00425000,0.0899730
0.00443750,0.0880517
0.00462500,0.0862483
0.00481250,0.0845515
0.00500000,0.0829510
0.00515625,0.0816845
0.00531250,0.0804743
0.00546875,0.0793163
0.00562500,0.0782069
0.00578125,0.0771428
0.00593750,0.0761210
0.00609375,0.0751388
0.00625000,0.0741936
0.00640625,0.0732832
0.00656250,0.0724055
0.00671875,0.0715586
0.00687500,0.0707408
0.00718750,0.0691859
0.00750000,0.0677291
0.00781250,0.0663607
0.00812500,0.0650720
0.00843750,0.0638556
0.00875000,0.0627050
0.00906250,0.0616144
0.00937500,0.0605788
0.00968750,0.0595937
0.0100000,0.0586551
0.0103125,0.0577596
0.0106250,0.0569038
0.0109375,0.0560850
0.0112500,0.0553006
0.0115625,0.0545481
0.0118750,0.0538256
0.0121875,0.0531311
0.0125000,0.0524627
0.0128125,0.0518190
0.0131250,0.0511984
0.0134375,0.0505995
0.0137500,0.0500212
0.0143750,0.0489217
0.0150000,0.0478916
0.0156250,0.0469240
0.0162500,0.0460128
0.0168750,0.0451526
0.0175000,0.0443390
0.0181250,0.0435678
0.0187500,0.0428355
0.0193750,0.0421389
0.0200000,0.0414753
0.0206625,0.0408049
0.0213250,0.0401661
0.0219875,0.0395563
0.0226500,0.0389735
0.0233125,0.0384158
0.0239750,0.0378813
0.0246375,0.0373685
0.0253000,0.0368760
0.0264578,0.0360602
0.0276156,0.0352962
0.0287734,0.0345788
0.0299313,0.0339034
0.0310891,0.0332662
0.0322469,0.0326635
0.0334047,0.0320925
0.0345625,0.0315504
0.0355274,0.0311190
0.0364922,0.0307049
0.0374570,0.0303069
0.0384219,0.0299239
0.0393867,0.0295551
0.0403516,0.0291996
0.0413164,0.0288566
0.0422813,0.0285255
0.0442109,0.0278960
0.0461406,0.0273064
0.0480703,0.0267526
0.0500000,0.0262313
0.0515625,0.0258307
0.0531250,0.0254480
0.0546875,0.0250818
0.0562500,0.0247310
0.0578125,0.0243945
0.0593750,0.0240714
0.0609375,0.0237609
0.0625000,0.0234620
0.0640625,0.0231741
0.0656250,0.0228966
0.0671875,0.0226288
0.0687500,0.0223702
0.0718750,0.0218786
0.0750000,0.0214180
0.0781250,0.0209852
0.0812500,0.0205777
0.0843750,0.0201930
0.0875000,0.0198291
0.0906250,0.0194842
0.0937500,0.0191566
0.0968750,0.0188451
0.100000,0.0185482
0.103125,0.0182650
0.106250,0.0179944
0.109375,0.0177354
0.112500,0.0174873
0.115625,0.0172494
0.118750,0.0170209
0.121875,0.0168013
0.125000,0.0165900
0.128125,0.0163865
0.131250,0.0161903
0.134375,0.0160010
0.137500,0.0158182
0.143750,0.0154706
0.150000,0.0151449
0.156250,0.0148389
0.162500,0.0145508
0.168750,0.0142788
0.175000,0.0140215
0.181250,0.0137776
0.187500,0.0135461
0.193750,0.0133258
0.200000,0.0131160
0.209375,0.0128190
0.218750,0.0125413
0.228125,0.0122809
0.237500,0.0120360
0.246875,0.0118052
0.256250,0.0115872
0.265625,0.0113808
0.275000,0.0111851
0.284375,0.0109991
0.293750,0.0108221
0.303125,0.0106534
0.312500,0.0104924
0.321875,0.0103384
0.331250,0.0101911
0.340625,0.0100498
0.350000,0.00991435
0.359375,0.00978423
0.368750,0.00965912
0.378125,0.00953871
0.387500,0.00942270
0.406250,0.00920282
0.425000,0.00899761
0.443750,0.00880550
0.462500,0.00862523
0.500000,0.00829578
0.531250,0.00804830
0.562500,0.00782154
0.593750,0.00761282
0.625000,0.00741994
0.687500,0.00707444
0.750000,0.00677311
0.812500,0.00650741
0.875000,0.00627119
0.937500,0.00605893
1.00000,0.00586646
1.06250,0.00569114
1.12500,0.00553066
1.18750,0.00538304
1.25000,0.00524665
1.37500,0.00500234
1.50000,0.00478927
1.62500,0.00460132
1.75000,0.00443435
1.87500,0.00428432
2.00000,0.00414796
2.18750,0.00396588
2.37500,0.00380604
2.56250,0.00366409
2.75000,0.00353728
2.93750,0.00342278
3.12500,0.00331842
3.31250,0.00322304
3.50000,0.00313545
3.87500,0.00297976
4.25000,0.00284519
4.62500,0.00272734
5.00000,0.00262320
5.31250,0.00254500
5.62500,0.00247323
5.93750,0.00240721
6.25000,0.00234621
6.87500,0.00223695
7.50000,0.00214166
8.12500,0.00205759
8.75000,0.00198287
9.37500,0.00191575
10.0000,0.00185485
10.6250,0.00179942
11.2500,0.00174868
11.8750,0.00170200
12.5000,0.00165887
13.7500,0.00158161
15.0000,0.00151423
16.2500,0.00145478
17.5000,0.00140191
18.7500,0.00135442
20.0000,0.00131133
21.8750,0.00125379
23.7500,0.00120323
25.6250,0.00115834
27.5000,0.00111817
29.3750,0.00108191
31.2500,0.00104891
33.1250,0.00101875
35.0000,0.000991055
38.7500,0.000941820
42.5000,0.000899255
46.2500,0.000861979
50.0000,0.000828999
53.1250,0.000804230
56.2500,0.000781533
62.5000,0.000741358
68.7500,0.000706793
75.0000,0.000676644
81.2500,0.000650042
87.5000,0.000626360
93.7500,0.000605086
100.000,0.000585821
112.500,0.000552222
125.000,0.000523796
137.500,0.000499336
150.000,0.000478000
162.500,0.000459172
175.000,0.000442406
200.000,0.000413703
218.750,0.000395476
237.500,0.000379453
256.250,0.000365219
275.000,0.000352469
312.500,0.000330492
350.000,0.000312135
387.500,0.000296506
425.000,0.000282988
462.500,0.000271144
500.000,0.000260656
562.500,0.000245557
625.000,0.000232772
687.500,0.000221764
750.000,0.000212156
875.000,0.000196111
1000.00,0.000183159
1125.00,0.000172413
1250.00,0.000163310
1500.00,0.000148616
1750.00,0.000137164
2000.00,0.000127908
2375.00,0.000116831
2750.00,0.000108072
3125.00,0.000100914
3500.00,9.49167E-05
4250.00,8.53500E-05
5000.00,7.79761E-05
6250.00,6.87032E-05
7500.00,6.17911E-05
8750.00,5.63720E-05
10000.0,5.19694E-05
12500.0,4.51705E-05
15000.0,4.00955E-05
17500.0,3.61177E-05
20000.0,3.28914E-05
23750.0,2.90260E-05
27500.0,2.59747E-05
35000.0,2.14329E-05
42500.0,1.82007E-05
50000.0,1.57865E-05
56250.0,1.42060E-05
62500.0,1.29171E-05
75000.0,1.09904E-05
87500.0,9.73143E-06
100000,9.09009E-06
102928,9.04848E-06
111710,9.30818E-06
116101,9.78115E-06
120492,1.06772E-05
124334,1.20906E-05
126256,1.31375E-05
128177,1.45981E-05
130098,1.66174E-05
132019,1.94477E-05
133940,2.37738E-05
134901,2.67128E-05
135861,3.03616E-05
136776,3.50630E-05
137691,4.12019E-05
138606,4.93854E-05
139521,6.06051E-05
140298,7.42275E-05
140687,8.30333E-05
141076,9.36429E-05
141465,0.000106581
141853,0.000122235
142242,0.000142146
142631,0.000167626
143020,0.000201020
143409,0.000245929
143797,0.000307654
143992,0.000348001
144186,0.000396994
144415,0.000469490
144644,0.000563692
144872,0.000690231
145101,0.000863651
145227,0.000989107
145353,0.00114409
145478,0.00133858
145604,0.00158720
145690,0.00179867
145776,0.00205500
145862,0.00236934
145947,0.00276190
146010,0.00311512
146073,0.00354006
146136,0.00405728
146199,0.00469402
146229,0.00505293
146259,0.00545258
146289,0.00590077
146319,0.00640556
146349,0.00697867
146379,0.00762817
146409,0.00836971
146439,0.00921987
146470,0.0102573
146486,0.0108394
146502,0.0114709
146518,0.0121570
146533,0.0129041
146549,0.0137193
146565,0.0146106
146580,0.0155937
146596,0.0166668
146612,0.0178560
146628,0.0191600
146643,0.0206118
146659,0.0222113
146675,0.0239885
146691,0.0259673
146706,0.0281902
146722,0.0306605
146738,0.0334267
146753,0.0365278
146761,0.0382283
146769,0.0400065
146777,0.0419138
146785,0.0439076
146793,0.0460447
146801,0.0482763
146808,0.0506649
146816,0.0531543
146825,0.0559851
146833,0.0589381
146841,0.0620860
146850,0.0653530
146866,0.0723781
146883,0.0799250
146916,0.0957597
146933,0.103371
146942,0.106916
146950,0.110141
146962,0.114353
146969,0.116089
146975,0.117522
146981,0.118677
146988,0.119510
146994,0.120009
147000,0.120165
147008,0.119858
147016,0.118975
147025,0.117540
147033,0.115591
147041,0.113178
147049,0.110359
147057,0.107197
147066,0.103804
147082,0.0963720
147098,0.0886299
147115,0.0808654
147131,0.0734460
147143,0.0682399
147155,0.0633405
147167,0.0587685
147179,0.0545626
147191,0.0506471
147203,0.0470455
147216,0.0437404
147228,0.0407359
147239,0.0380930
147250,0.0356836
147262,0.0334482
147273,0.0314095
147285,0.0295162
147296,0.0277871
147308,0.0261920
147319,0.0247191
147335,0.0228821
147350,0.0212292
147366,0.0197394
147381,0.0184017
147397,0.0171809
147413,0.0160708
147428,0.0150595
147444,0.0141424
147467,0.0129279
147489,0.0118627
147512,0.0109162
147535,0.0100791
147558,0.00932925
147581,0.00866098
147604,0.00806054
147626,0.00751927
147649,0.00702775
147672,0.00658396
147718,0.00581058
147763,0.00516430
147809,0.00462016
147849,0.00421536
147888,0.00386186
147928,0.00354966
147967,0.00327418
148046,0.00281039
148125,0.00243826
148216,0.00209244
148307,0.00181547
148399,0.00158980
148490,0.00140394
148623,0.00118666
148756,0.00101673
148889,0.000880569
149022,0.000770149
149205,0.000649459
149387,0.000555230
149570,0.000480233
149753,0.000419638
150069,0.000339379
150384,0.000280328
150700,0.000235673
151015,0.000200978
151447,0.000165031
151879,0.000138165
152311,0.000117682
152743,0.000101383
153341,8.42584E-05
153939,7.13193E-05
154537,6.12943E-05
155135,5.33841E-05
155667,4.76943E-05
156199,4.29604E-05
156930,3.76969E-05
157661,3.34038E-05
158392,2.98993E-05
159123,2.70382E-05
160585,2.25864E-05
162047,1.93542E-05
164173,1.60359E-05
166300,1.37343E-05
168426,1.20690E-05
170552,1.08225E-05
172679,9.86317E-06
174805,9.18008E-06
176932,8.49883E-06
179058,8.00174E-06
184906,7.02354E-06
190754,6.38660E-06
196602,5.94806E-06
202450,5.63443E-06
212019,5.29452E-06
221588,5.08608E-06
240726,4.91077E-06
250295,4.91231E-06
259864,4.96003E-06
269434,5.05135E-06
279003,5.18608E-06
288572,5.36596E-06
298141,5.59452E-06
307710,5.87564E-06
317279,6.22120E-06
323127,6.47014E-06
328975,6.74724E-06
334823,7.05780E-06
340671,7.40843E-06
346518,7.79857E-06
352366,8.23984E-06
358214,8.73567E-06
364062,9.28924E-06
381074,1.13553E-05
385327,1.19989E-05
387453,1.23433E-05
389579,1.27038E-05
391706,1.30812E-05
393832,1.34761E-05
395959,1.38893E-05
398085,1.43216E-05
399547,1.46308E-05
401009,1.49490E-05
402471,1.52771E-05
403933,1.56157E-05
404664,1.57885E-05
405395,1.59640E-05
406857,1.63234E-05
407588,1.65066E-05
408319,1.66934E-05
409050,1.68824E-05
409781,1.70736E-05
410578,1.72864E-05
411376,1.75023E-05
412173,1.77210E-05
412971,1.79428E-05
413702,1.81497E-05
414433,1.83592E-05
415164,1.85715E-05
415895,1.87867E-05
416626,1.90046E-05
417357,1.92255E-05
418088,1.94491E-05
418818,1.96754E-05
419376,1.98498E-05
419933,2.00262E-05
421047,2.03827E-05
421604,2.05637E-05
422161,2.07460E-05
422719,2.09295E-05
423276,2.11152E-05
424390,2.14899E-05
425504,2.18711E-05
426062,2.20633E-05
426619,2.22574E-05
427733,2.26488E-05
428886,2.30593E-05
429462,2.32661E-05
430038,2.34744E-05
431191,2.38940E-05
431767,2.41054E-05
432344,2.43177E-05
432920,2.45307E-05
433496,2.47446E-05
434649,2.51744E-05
435225,2.53900E-05
435801,2.56063E-05
436954,2.60395E-05
438107,2.64734E-05
439259,2.69070E-05
440412,2.73393E-05
441565,2.77694E-05
442717,2.81964E-05
443870,2.86187E-05
445022,2.90354E-05
446175,2.94457E-05
447642,2.99545E-05
449109,3.04472E-05
450576,3.09211E-05
451310,3.11529E-05
452043,3.13734E-05
453510,3.18014E-05
454977,3.22023E-05
456444,3.25733E-05
457911,3.29115E-05
459378,3.32089E-05
460845,3.34472E-05
463779,3.38472E-05
469647,3.41170E-05
473000,3.39199E-05
477611,3.32358E-05
479916,3.27698E-05
482221,3.21818E-05
484526,3.15228E-05
486832,3.08074E-05
489137,3.00212E-05
491442,2.91903E-05
493748,2.83323E-05
496053,2.74468E-05
498358,2.65479E-05
500663,2.56464E-05
502969,2.47459E-05
505274,2.38598E-05
509884,2.21302E-05
514914,2.03653E-05
519944,1.87237E-05
524090,1.74935E-05
528236,1.63588E-05
536528,1.43769E-05
544820,1.27419E-05
553112,1.14025E-05
564138,9.99927E-06
575164,8.93196E-06
586190,8.11157E-06
597216,7.48798E-06
615468,6.78041E-06
633720,6.35752E-06
638990,6.27678E-06
644259,6.21166E-06
650140,6.15600E-06
656020,6.11696E-06
661901,6.09338E-06
667781,6.08431E-06
673662,6.08897E-06
679542,6.10677E-06
685423,6.13723E-06
691303,6.18005E-06
703064,6.30216E-06
714825,6.47325E-06
720706,6.57781E-06
726586,6.69571E-06
732467,6.82766E-06
738347,6.97457E-06
744227,7.13759E-06
750108,7.31815E-06
755988,7.51800E-06
761869,7.73929E-06
767749,7.98471E-06
773630,8.25751E-06
779510,8.56178E-06
785391,8.90255E-06
791271,9.28622E-06
797152,9.72083E-06
808913,1.07874E-05
811853,1.11060E-05
814793,1.14504E-05
817733,1.18236E-05
820674,1.22293E-05
823614,1.26718E-05
826554,1.31562E-05
829494,1.36884E-05
832434,1.42754E-05
835375,1.49260E-05
838315,1.56502E-05
841255,1.64605E-05
844195,1.73722E-05
847136,1.84041E-05
850076,1.95794E-05
853016,2.09277E-05
855956,2.24862E-05
858897,2.43031E-05
861837,2.64409E-05
863307,2.76550E-05
864777,2.89823E-05
866247,3.04375E-05
867717,3.20381E-05
869188,3.38044E-05
870658,3.57602E-05
872128,3.79339E-05
873598,4.03593E-05
875068,4.30771E-05
875803,4.45607E-05
876538,4.61363E-05
877273,4.78121E-05
878008,4.95963E-05
878743,5.14988E-05
879478,5.35298E-05
880213,5.57017E-05
880948,5.80271E-05
881684,6.05209E-05
882419,6.31990E-05
883154,6.60805E-05
883889,6.91854E-05
884624,7.25378E-05
885359,7.61631E-05
886094,8.00921E-05
886829,8.43575E-05
887564,8.89989E-05
888299,9.40590E-05
889034,9.95892E-05
889769,0.000105646
890504,0.000112296
891239,0.000119614
891974,0.000127690
892709,0.000136625
893444,0.000146536
894179,0.000157558
894547,0.000163536
894915,0.000169852
895282,0.000176531
895650,0.000183599
896017,0.000191086
896385,0.000199016
896752,0.000207425
897120,0.000216346
897487,0.000225818
897855,0.000235876
898222,0.000246564
898590,0.000257926
898957,0.000270012
899325,0.000282866
899692,0.000296543
900060,0.000311096
900427,0.000326584
900795,0.000343055
901162,0.000360569
901530,0.000379179
901898,0.000398942
902265,0.000419890
902633,0.000442067
903000,0.000465495
903438,0.000495028
903875,0.000526317
904313,0.000559277
904750,0.000593746
905188,0.000629470
905625,0.000666085
906500,0.000739877
906938,0.000775653
907375,0.000809528
907813,0.000840510
908250,0.000867563
908688,0.000889674
909125,0.000905942
909563,0.000915656
910000,0.000918374
910438,0.000913971
910875,0.000902651
911313,0.000884926
911750,0.000861561
912188,0.000833493
912625,0.000801746
913063,0.000767352
913500,0.000731284
914375,0.000657471
915250,0.000585639
915688,0.000551545
916125,0.000519008
916563,0.000488168
917000,0.000459097
917352,0.000437027
917703,0.000416100
918055,0.000396291
918406,0.000377572
918758,0.000359892
919109,0.000343217
919461,0.000327491
919813,0.000312673
920164,0.000298706
920516,0.000285546
920867,0.000273147
921219,0.000261465
921570,0.000250450
921922,0.000240067
922274,0.000230270
922625,0.000221028
922977,0.000212300
923328,0.000204056
923680,0.000196264
924031,0.000188898
924383,0.000181927
924734,0.000175329
925438,0.000163152
926141,0.000152197
926844,0.000142320
927547,0.000133392
928250,0.000125301
928953,0.000117951
929656,0.000111261
930359,0.000105157
931063,9.95743E-05
931766,9.44583E-05
932469,8.97614E-05
933172,8.54401E-05
933875,8.14569E-05
934578,7.77781E-05
935281,7.43756E-05
935984,7.12229E-05
936688,6.82968E-05
937391,6.55765E-05
938094,6.30446E-05
938797,6.06841E-05
939500,5.84806E-05
940203,5.64205E-05
940906,5.44926E-05
941609,5.26860E-05
942313,5.09910E-05
943719,4.79018E-05
945125,4.51653E-05
946531,4.27312E-05
947938,4.05585E-05
949344,3.86122E-05
950750,3.68637E-05
952156,3.52880E-05
953563,3.38645E-05
954969,3.25751E-05
956375,3.14047E-05
957781,3.03398E-05
959188,2.93694E-05
960594,2.84832E-05
962000,2.76728E-05
963406,2.69306E-05
964813,2.62500E-05
967625,2.50507E-05
970438,2.40359E-05
973250,2.31748E-05
976063,2.24431E-05
978875,2.18208E-05
981688,2.12922E-05
984500,2.08442E-05
987313,2.04660E-05
990125,2.01487E-05
992938,1.98849E-05
995750,1.96684E-05
1.00138E+06,1.93572E-05
1.00700E+06,1.91819E-05
1.01263E+06,1.91186E-05
1.01825E+06,1.91496E-05
1.02388E+06,1.92619E-05
1.02950E+06,1.94457E-05
1.03513E+06,1.96938E-05
1.04075E+06,2.00010E-05
1.04638E+06,2.03635E-05
1.05200E+06,2.07788E-05
1.05763E+06,2.12453E-05
1.06325E+06,2.17623E-05
1.06888E+06,2.23297E-05
1.07450E+06,2.29483E-05
1.08013E+06,2.36193E-05
1.08575E+06,2.43444E-05
1.09138E+06,2.51261E-05
1.09700E+06,2.59673E-05
1.10263E+06,2.68715E-05
1.10825E+06,2.78428E-05
1.11950E+06,3.00071E-05
1.12513E+06,3.12119E-05
1.13075E+06,3.25079E-05
1.13638E+06,3.39036E-05
1.14200E+06,3.54085E-05
1.14763E+06,3.70337E-05
1.15325E+06,3.87918E-05
1.15888E+06,4.06976E-05
1.16450E+06,4.27680E-05
1.17013E+06,4.50227E-05
1.17575E+06,4.74851E-05
1.18138E+06,5.01824E-05
1.18700E+06,5.31471E-05
1.19263E+06,5.64182E-05
1.19825E+06,6.00428E-05
1.20388E+06,6.40789E-05
1.20950E+06,6.85984E-05
1.21231E+06,7.10676E-05
1.21513E+06,7.36929E-05
1.21794E+06,7.64920E-05
1.22075E+06,7.94810E-05
1.22356E+06,8.26833E-05
1.22638E+06,8.61215E-05
1.22919E+06,8.98277E-05
1.23200E+06,9.38351E-05
1.23481E+06,9.81901E-05
1.23763E+06,0.000102944
1.24044E+06,0.000108170
1.24325E+06,0.000113954
1.24606E+06,0.000120421
1.24888E+06,0.000127732
1.25028E+06,0.000131778
1.25169E+06,0.000136130
1.25309E+06,0.000140839
1.25450E+06,0.000145965
1.25591E+06,0.000151590
1.25731E+06,0.000157804
1.25872E+06,0.000164739
1.26013E+06,0.000172570
1.26153E+06,0.000181537
1.26294E+06,0.000191954
1.26434E+06,0.000204293
1.26575E+06,0.000219238
1.26645E+06,0.000228006
1.26716E+06,0.000237841
1.26786E+06,0.000248978
1.26856E+06,0.000261703
1.26892E+06,0.000268783
1.26927E+06,0.000276384
1.26962E+06,0.000284615
1.26997E+06,0.000293502
1.27032E+06,0.000303179
1.27067E+06,0.000313690
1.27102E+06,0.000325208
1.27138E+06,0.000337799
1.27173E+06,0.000351688
1.27208E+06,0.000367023
1.27243E+06,0.000384015
1.27278E+06,0.000402857
1.27313E+06,0.000423950
1.27349E+06,0.000447519
1.27384E+06,0.000474108
1.27419E+06,0.000504044
1.27436E+06,0.000520515
1.27454E+06,0.000538065
1.27472E+06,0.000556781
1.27489E+06,0.000576637
1.27507E+06,0.000597960
1.27524E+06,0.000620744
1.27542E+06,0.000645104
1.27559E+06,0.000671003
1.27577E+06,0.000698860
1.27595E+06,0.000728658
1.27612E+06,0.000760526
1.27630E+06,0.000794390
1.27647E+06,0.000830756
1.27665E+06,0.000869546
1.27683E+06,0.000910851
1.27700E+06,0.000954475
1.27719E+06,0.00100420
1.27738E+06,0.00105656
1.27756E+06,0.00111197
1.27775E+06,0.00116959
1.27794E+06,0.00122963
1.27813E+06,0.00129085
1.27831E+06,0.00135312
1.27850E+06,0.00141474
1.27869E+06,0.00147513
1.27888E+06,0.00153217
1.27906E+06,0.00158487
1.27925E+06,0.00163094
1.27944E+06,0.00166923
1.27963E+06,0.00169782
1.27981E+06,0.00171581
1.28000E+06,0.00172227
1.28019E+06,0.00171699
1.28038E+06,0.00170033
1.28056E+06,0.00167291
1.28075E+06,0.00163624
1.28094E+06,0.00159145
1.28113E+06,0.00154069
1.28131E+06,0.00148512
1.28150E+06,0.00142695
1.28169E+06,0.00136700
1.28188E+06,0.00130713
1.28225E+06,0.00119021
1.28244E+06,0.00113453
1.28263E+06,0.00108167
1.28281E+06,0.00103133
1.28300E+06,0.000984153
1.28317E+06,0.000943358
1.28334E+06,0.000905025
1.28352E+06,0.000869094
1.28369E+06,0.000835482
1.28386E+06,0.000804087
1.28403E+06,0.000774796
1.28420E+06,0.000747492
1.28438E+06,0.000722199
1.28455E+06,0.000698502
1.28472E+06,0.000676440
1.28489E+06,0.000655902
1.28506E+06,0.000636783
1.28541E+06,0.000602406
1.28575E+06,0.000572667
1.28609E+06,0.000546763
1.28644E+06,0.000524246
1.28678E+06,0.000504653
1.28713E+06,0.000487638
1.28747E+06,0.000472767
1.28781E+06,0.000459810
1.28816E+06,0.000448524
1.28850E+06,0.000438731
1.28884E+06,0.000430197
1.28919E+06,0.000422804
1.28953E+06,0.000416422
1.28988E+06,0.000410955
1.29056E+06,0.000402318
1.29125E+06,0.000396297
1.29194E+06,0.000392406
1.29263E+06,0.000390296
1.29331E+06,0.000389685
1.29400E+06,0.000390355
1.29500E+06,0.000393275
1.29600E+06,0.000398146
1.29700E+06,0.000404662
1.29800E+06,0.000412586
1.29900E+06,0.000421722
1.30000E+06,0.000431900
1.30100E+06,0.000442959
1.30200E+06,0.000454742
1.30400E+06,0.000479831
1.30600E+06,0.000505846
1.30800E+06,0.000531545
1.30900E+06,0.000543986
1.31000E+06,0.000556083
1.31100E+06,0.000567845
1.31200E+06,0.000579342
1.31300E+06,0.000590693
1.31400E+06,0.000602060
1.31500E+06,0.000613638
1.31600E+06,0.000625642
1.31700E+06,0.000638291
1.31800E+06,0.000651806
1.32000E+06,0.000682262
1.32100E+06,0.000699592
1.32200E+06,0.000718563
1.32300E+06,0.000739348
1.32400E+06,0.000762117
1.32500E+06,0.000787040
1.32600E+06,0.000814298
1.32725E+06,0.000851880
1.32850E+06,0.000893767
1.32974E+06,0.000940450
1.33099E+06,0.000992464
1.33224E+06,0.00105048
1.33348E+06,0.00111515
1.33473E+06,0.00118737
1.33598E+06,0.00126818
1.33660E+06,0.00131223
1.33723E+06,0.00135890
1.33785E+06,0.00140841
1.33847E+06,0.00146087
1.33910E+06,0.00151668
1.33972E+06,0.00157594
1.34034E+06,0.00163910
1.34097E+06,0.00170630
1.34159E+06,0.00177808
1.34221E+06,0.00185461
1.34284E+06,0.00193656
1.34346E+06,0.00202416
1.34409E+06,0.00211822
1.34471E+06,0.00221904
1.34533E+06,0.00232762
1.34596E+06,0.00244438
1.34658E+06,0.00257053
1.34720E+06,0.00270687
1.34783E+06,0.00285451
1.34845E+06,0.00301442
1.34907E+06,0.00318855
1.34970E+06,0.00337796
1.35032E+06,0.00358514
1.35094E+06,0.00381159
1.35157E+06,0.00406053
1.35219E+06,0.00433451
1.35282E+06,0.00463695
1.35344E+06,0.00497123
1.35406E+06,0.00534311
1.35438E+06,0.00554464
1.35469E+06,0.00575689
1.35500E+06,0.00598208
1.35531E+06,0.00622046
1.35562E+06,0.00647306
1.35593E+06,0.00674012
1.35625E+06,0.00702457
1.35656E+06,0.00732692
1.35687E+06,0.00764864
1.35718E+06,0.00799137
1.35749E+06,0.00835690
1.35781E+06,0.00874721
1.35812E+06,0.00916449
1.35843E+06,0.00960966
1.35874E+06,0.0100883
1.35905E+06,0.0106019
1.35936E+06,0.0111539
1.35968E+06,0.0117460
1.35999E+06,0.0123860
1.36030E+06,0.0130766
1.36061E+06,0.0138229
1.36092E+06,0.0146279
1.36123E+06,0.0155031
1.36155E+06,0.0164531
1.36186E+06,0.0174856
1.36217E+06,0.0186056
1.36248E+06,0.0198301
1.36279E+06,0.0211663
1.36311E+06,0.0226260
1.36342E+06,0.0242170
1.36373E+06,0.0259636
1.36404E+06,0.0278760
1.36435E+06,0.0299704
1.36466E+06,0.0322558
1.36498E+06,0.0347637
1.36529E+06,0.0375030
1.36560E+06,0.0404878
1.36591E+06,0.0437176
1.36617E+06,0.0465702
1.36642E+06,0.0495959
1.36668E+06,0.0527870
1.36693E+06,0.0561153
1.36744E+06,0.0631284
1.36796E+06,0.0703059
1.36821E+06,0.0738027
1.36847E+06,0.0771210
1.36872E+06,0.0801634
1.36898E+06,0.0828183
1.36923E+06,0.0850066
1.36949E+06,0.0866220
1.36975E+06,0.0876062
1.37000E+06,0.0879067
1.37026E+06,0.0875122
1.37051E+06,0.0864390
1.37077E+06,0.0847366
1.37102E+06,0.0824895
1.37128E+06,0.0797718
1.37153E+06,0.0767046
1.37179E+06,0.0733653
1.37205E+06,0.0698751
1.37256E+06,0.0627018
1.37307E+06,0.0557354
1.37332E+06,0.0524235
1.37358E+06,0.0492760
1.37384E+06,0.0462819
1.37409E+06,0.0434712
1.37432E+06,0.0411147
1.37454E+06,0.0388936
1.37477E+06,0.0368045
1.37500E+06,0.0348428
1.37523E+06,0.0330029
1.37545E+06,0.0312786
1.37568E+06,0.0296636
1.37591E+06,0.0281516
1.37613E+06,0.0267359
1.37636E+06,0.0254106
1.37659E+06,0.0241695
1.37681E+06,0.0230069
1.37704E+06,0.0219174
1.37727E+06,0.0208959
1.37750E+06,0.0199377
1.37772E+06,0.0190382
1.37795E+06,0.0181933
1.37818E+06,0.0173991
1.37840E+06,0.0166521
1.37863E+06,0.0159489
1.37886E+06,0.0152864
1.37908E+06,0.0146619
1.37931E+06,0.0140728
1.37954E+06,0.0135165
1.37977E+06,0.0129908
1.37999E+06,0.0124937
1.38022E+06,0.0120233
1.38045E+06,0.0115778
1.38090E+06,0.0107551
1.38135E+06,0.0100156
1.38181E+06,0.00934593
1.38226E+06,0.00873931
1.38272E+06,0.00818834
1.38317E+06,0.00768664
1.38362E+06,0.00722868
1.38408E+06,0.00680968
1.38453E+06,0.00642544
1.38499E+06,0.00607233
1.38544E+06,0.00574714
1.38589E+06,0.00544707
1.38635E+06,0.00516966
1.38680E+06,0.00491272
1.38726E+06,0.00467432
1.38771E+06,0.00445275
1.38816E+06,0.00424649
1.38862E+06,0.00405459
1.38907E+06,0.00387499
1.38952E+06,0.00370705
1.38998E+06,0.00354979
1.39043E+06,0.00340234
1.39089E+06,0.00326390
1.39134E+06,0.00313377
1.39179E+06,0.00301131
1.39225E+06,0.00289592
1.39270E+06,0.00278707
1.39316E+06,0.00268430
1.39406E+06,0.00249523
1.39497E+06,0.00232564
1.39588E+06,0.00217313
1.39679E+06,0.00203520
1.39770E+06,0.00191020
1.39860E+06,0.00179656
1.39951E+06,0.00169297
1.40042E+06,0.00159827
1.40133E+06,0.00151149
1.40224E+06,0.00143176
1.40314E+06,0.00135844
1.40405E+06,0.00129070
1.40496E+06,0.00122806
1.40587E+06,0.00117004
1.40677E+06,0.00111618
1.40768E+06,0.00106610
1.40859E+06,0.00101947
1.40950E+06,0.000975958
1.41041E+06,0.000935353
1.41131E+06,0.000897317
1.41222E+06,0.000861678
1.41404E+06,0.000796829
1.41585E+06,0.000739458
1.41767E+06,0.000688494
1.41948E+06,0.000642977
1.42130E+06,0.000602187
1.42312E+06,0.000565499
1.42493E+06,0.000532404
1.42675E+06,0.000502423
1.42856E+06,0.000475213
1.43038E+06,0.000450423
1.43219E+06,0.000427805
1.43401E+06,0.000407095
1.43583E+06,0.000388103
1.43764E+06,0.000370648
1.43946E+06,0.000354584
1.44127E+06,0.000339757
1.44309E+06,0.000326057
1.44490E+06,0.000313377
1.44672E+06,0.000301632
1.44854E+06,0.000290725
1.45035E+06,0.000280590
1.45217E+06,0.000271162
1.45398E+06,0.000262387
1.45761E+06,0.000246571
1.46124E+06,0.000232788
1.46488E+06,0.000220743
1.46851E+06,0.000210207
1.47214E+06,0.000200979
1.47577E+06,0.000192904
1.47940E+06,0.000185845
1.48303E+06,0.000179694
1.49030E+06,0.000169754
1.49393E+06,0.000165823
1.49756E+06,0.000162511
1.50119E+06,0.000159773
1.50482E+06,0.000157575
1.50845E+06,0.000155886
1.51208E+06,0.000154686
1.51572E+06,0.000153958
1.51935E+06,0.000153692
1.52298E+06,0.000153884
1.52661E+06,0.000154534
1.53024E+06,0.000155648
1.53387E+06,0.000157239
1.53751E+06,0.000159325
1.54114E+06,0.000161930
1.54477E+06,0.000165087
1.54840E+06,0.000168838
1.55203E+06,0.000173237
1.55566E+06,0.000178347
1.55929E+06,0.000184250
1.56292E+06,0.000191045
1.57019E+06,0.000207852
1.57382E+06,0.000218222
1.57563E+06,0.000224004
1.57745E+06,0.000230231
1.57927E+06,0.000236955
1.58108E+06,0.000244225
1.58290E+06,0.000252101
1.58471E+06,0.000260650
1.58653E+06,0.000269964
1.58834E+06,0.000280135
1.59016E+06,0.000291278
1.59198E+06,0.000303521
1.59379E+06,0.000317039
1.59561E+06,0.000332014
1.59742E+06,0.000348671
1.59924E+06,0.000367258
1.60105E+06,0.000388094
1.60196E+06,0.000399453
1.60287E+06,0.000411482
1.60378E+06,0.000424250
1.60469E+06,0.000437784
1.60559E+06,0.000452120
1.60650E+06,0.000467270
1.60734E+06,0.000482128
1.60819E+06,0.000497720
1.60903E+06,0.000514031
1.60988E+06,0.000531006
1.61072E+06,0.000548621
1.61156E+06,0.000566764
1.61241E+06,0.000585304
1.61325E+06,0.000604050
1.61494E+06,0.000641398
1.61663E+06,0.000676731
1.61831E+06,0.000707908
1.61916E+06,0.000721372
1.62000E+06,0.000733241
1.62084E+06,0.000743532
1.62169E+06,0.000752316
1.62253E+06,0.000759771
1.62338E+06,0.000766142
1.62422E+06,0.000771750
1.62506E+06,0.000776922
1.62591E+06,0.000781995
1.62675E+06,0.000787288
1.62759E+06,0.000793113
1.62844E+06,0.000799727
1.63013E+06,0.000816187
1.63181E+06,0.000838112
1.63266E+06,0.000851449
1.63350E+06,0.000866491
1.63480E+06,0.000893161
1.63609E+06,0.000924408
1.63738E+06,0.000960591
1.63868E+06,0.00100209
1.63997E+06,0.00104937
1.64127E+06,0.00110296
1.64256E+06,0.00116353
1.64385E+06,0.00123186
1.64515E+06,0.00130894
1.64644E+06,0.00139591
1.64709E+06,0.00144355
1.64774E+06,0.00149422
1.64838E+06,0.00154814
1.64903E+06,0.00160558
1.64968E+06,0.00166679
1.65032E+06,0.00173210
1.65097E+06,0.00180183
1.65162E+06,0.00187637
1.65226E+06,0.00195614
1.65291E+06,0.00204160
1.65356E+06,0.00213328
1.65421E+06,0.00223175
1.65485E+06,0.00233786
1.65550E+06,0.00245201
1.65615E+06,0.00257518
1.65679E+06,0.00270832
1.65744E+06,0.00285250
1.65809E+06,0.00300891
1.65874E+06,0.00317894
1.65938E+06,0.00336416
1.66003E+06,0.00356637
1.66068E+06,0.00378764
1.66132E+06,0.00403035
1.66197E+06,0.00429727
1.66262E+06,0.00459161
1.66326E+06,0.00491710
1.66391E+06,0.00527811
1.66456E+06,0.00567976
1.66488E+06,0.00589803
1.66521E+06,0.00612811
1.66553E+06,0.00637236
1.66585E+06,0.00663028
1.66618E+06,0.00690458
1.66650E+06,0.00719476
1.66682E+06,0.00750393
1.66715E+06,0.00783162
1.66747E+06,0.00818143
1.66779E+06,0.00855291
1.66812E+06,0.00895024
1.66844E+06,0.00937303
1.66876E+06,0.00982614
1.66909E+06,0.0103093
1.66941E+06,0.0108280
1.66973E+06,0.0113823
1.67006E+06,0.0119786
1.67038E+06,0.0126169
1.67071E+06,0.0133049
1.67103E+06,0.0140426
1.67135E+06,0.0148390
1.67168E+06,0.0156942
1.67200E+06,0.0166188
1.67232E+06,0.0176125
1.67265E+06,0.0186875
1.67297E+06,0.0198434
1.67329E+06,0.0210935
1.67362E+06,0.0224367
1.67394E+06,0.0238873
1.67426E+06,0.0254420
1.67459E+06,0.0271155
1.67491E+06,0.0289006
1.67523E+06,0.0307794
1.67555E+06,0.0327655
1.67587E+06,0.0348594
1.67618E+06,0.0370513
1.67682E+06,0.0416592
1.67746E+06,0.0463723
1.67777E+06,0.0486702
1.67809E+06,0.0508435
1.67841E+06,0.0528360
1.67873E+06,0.0545813
1.67905E+06,0.0560143
1.67936E+06,0.0570765
1.67968E+06,0.0577215
1.68000E+06,0.0579199
1.68032E+06,0.0576613
1.68064E+06,0.0569594
1.68096E+06,0.0558464
1.68127E+06,0.0543706
1.68159E+06,0.0525919
1.68191E+06,0.0505758
1.68223E+06,0.0483886
1.68255E+06,0.0460927
1.68318E+06,0.0413824
1.68382E+06,0.0368033
1.68414E+06,0.0346295
1.68445E+06,0.0325549
1.68477E+06,0.0305885
1.68509E+06,0.0287350
1.68541E+06,0.0270112
1.68572E+06,0.0254025
1.68603E+06,0.0238956
1.68635E+06,0.0224954
1.68666E+06,0.0211879
1.68698E+06,0.0199757
1.68729E+06,0.0188488
1.68761E+06,0.0178014
1.68792E+06,0.0168249
1.68823E+06,0.0159199
1.68855E+06,0.0150783
1.68886E+06,0.0142951
1.68918E+06,0.0135636
1.68949E+06,0.0128843
1.68981E+06,0.0122508
1.69012E+06,0.0116595
1.69043E+06,0.0111055
1.69075E+06,0.0105892
1.69106E+06,0.0101060
1.69138E+06,0.00965343
1.69169E+06,0.00922780
1.69201E+06,0.00882967
1.69232E+06,0.00845568
1.69263E+06,0.00810405
1.69295E+06,0.00777211
1.69326E+06,0.00746046
1.69358E+06,0.00716663
1.69389E+06,0.00688936
1.69421E+06,0.00662667
1.69452E+06,0.00637917
1.69483E+06,0.00614500
1.69515E+06,0.00592328
1.69578E+06,0.00551327
1.69641E+06,0.00514398
1.69703E+06,0.00481036
1.69766E+06,0.00450855
1.69829E+06,0.00423388
1.69892E+06,0.00398407
1.69955E+06,0.00375555
1.70018E+06,0.00354668
1.70081E+06,0.00335473
1.70143E+06,0.00317850
1.70206E+06,0.00301584
1.70269E+06,0.00286590
1.70332E+06,0.00272697
1.70395E+06,0.00259842
1.70458E+06,0.00247888
1.70520E+06,0.00236790
1.70583E+06,0.00226436
1.70646E+06,0.00216779
1.70709E+06,0.00207757
1.70772E+06,0.00199330
1.70835E+06,0.00191424
1.70898E+06,0.00184019
1.70961E+06,0.00177054
1.71023E+06,0.00170515
1.71149E+06,0.00158549
1.71275E+06,0.00147899
1.71400E+06,0.00138382
1.71526E+06,0.00129846
1.71652E+06,0.00122157
1.71778E+06,0.00115220
1.71903E+06,0.00108938
1.72029E+06,0.00103232
1.72155E+06,0.000980353
1.72280E+06,0.000932920
1.72406E+06,0.000889523
1.72532E+06,0.000849733
1.72658E+06,0.000813150
1.72783E+06,0.000779508
1.72909E+06,0.000748492
1.73035E+06,0.000719850
1.73160E+06,0.000693363
1.73286E+06,0.000668835
1.73412E+06,0.000646092
1.73538E+06,0.000624980
1.73663E+06,0.000605348
1.73789E+06,0.000587103
1.74040E+06,0.000554299
1.74292E+06,0.000525798
1.74543E+06,0.000500989
1.74795E+06,0.000479365
1.75046E+06,0.000460530
1.75298E+06,0.000444135
1.75549E+06,0.000429897
1.75800E+06,0.000417578
1.76052E+06,0.000406981
1.76303E+06,0.000397939
1.76555E+06,0.000390312
1.77057E+06,0.000378850
1.77560E+06,0.000371875
1.78063E+06,0.000368886
1.78315E+06,0.000368782
1.78566E+06,0.000369569
1.78817E+06,0.000371230
1.79069E+06,0.000373755
1.79320E+06,0.000377143
1.79572E+06,0.000381402
1.79823E+06,0.000386548
1.80075E+06,0.000392601
1.80326E+06,0.000399594
1.80577E+06,0.000407570
1.80829E+06,0.000416587
1.81080E+06,0.000426706
1.81332E+06,0.000438015
1.81583E+06,0.000450622
1.81835E+06,0.000464672
1.82086E+06,0.000480335
1.82337E+06,0.000497862
1.82589E+06,0.000517599
1.82840E+06,0.000540070
1.83092E+06,0.000566069
1.83217E+06,0.000580794
1.83343E+06,0.000596997
1.83469E+06,0.000615044
1.83594E+06,0.000635464
1.83846E+06,0.000686954
1.83909E+06,0.000703112
1.83972E+06,0.000721122
1.84034E+06,0.000741479
1.84097E+06,0.000764687
1.84160E+06,0.000791576
1.84223E+06,0.000823068
1.84254E+06,0.000841019
1.84286E+06,0.000860615
1.84317E+06,0.000882153
1.84349E+06,0.000905912
1.84380E+06,0.000932300
1.84412E+06,0.000961518
1.84443E+06,0.000994057
1.84474E+06,0.00103037
1.84506E+06,0.00107109
1.84537E+06,0.00111645
1.84569E+06,0.00116705
1.84600E+06,0.00122323
1.84619E+06,0.00125962
1.84638E+06,0.00129783
1.84656E+06,0.00133818
1.84675E+06,0.00138006
1.84694E+06,0.00142364
1.84713E+06,0.00146805
1.84731E+06,0.00151320
1.84750E+06,0.00155792
1.84788E+06,0.00164341
1.84806E+06,0.00168204
1.84825E+06,0.00171610
1.84844E+06,0.00174481
1.84863E+06,0.00176683
1.84881E+06,0.00178155
1.84900E+06,0.00178829
1.84919E+06,0.00178695
1.84938E+06,0.00177773
1.84956E+06,0.00176109
1.84975E+06,0.00173803
1.84994E+06,0.00170938
1.85013E+06,0.00167658
1.85031E+06,0.00164046
1.85050E+06,0.00160253
1.85069E+06,0.00156338
1.85088E+06,0.00152429
1.85125E+06,0.00144806
1.85163E+06,0.00137767
1.85200E+06,0.00131497
1.85223E+06,0.00128042
1.85246E+06,0.00124907
1.85269E+06,0.00122065
1.85292E+06,0.00119500
1.85315E+06,0.00117193
1.85338E+06,0.00115125
1.85384E+06,0.00111625
1.85430E+06,0.00108850
1.85476E+06,0.00106684
1.85522E+06,0.00105013
1.85568E+06,0.00103752
1.85614E+06,0.00102827
1.85660E+06,0.00102187
1.85752E+06,0.00101581
1.85844E+06,0.00101664
1.85936E+06,0.00102262
1.86028E+06,0.00103258
1.86120E+06,0.00104571
1.86212E+06,0.00106150
1.86304E+06,0.00107956
1.86489E+06,0.00112157
1.86673E+06,0.00117050
1.86857E+06,0.00122589
1.87041E+06,0.00128767
1.87225E+06,0.00135603
1.87409E+06,0.00143133
1.87593E+06,0.00151422
1.87777E+06,0.00160532
1.87961E+06,0.00170561
1.88145E+06,0.00181598
1.88329E+06,0.00193776
1.88513E+06,0.00207227
1.88697E+06,0.00222113
1.88881E+06,0.00238609
1.89065E+06,0.00256948
1.89157E+06,0.00266876
1.89249E+06,0.00277357
1.89342E+06,0.00288439
1.89434E+06,0.00300139
1.89526E+06,0.00312510
1.89618E+06,0.00325595
1.89710E+06,0.00339459
1.89802E+06,0.00354120
1.89894E+06,0.00369665
1.89986E+06,0.00386117
1.90078E+06,0.00403569
1.90170E+06,0.00422047
1.90262E+06,0.00441632
1.90354E+06,0.00462392
1.90446E+06,0.00484417
1.90538E+06,0.00507729
1.90630E+06,0.00532417
1.90722E+06,0.00558546
1.90814E+06,0.00586208
1.90906E+06,0.00615397
1.90998E+06,0.00646186
1.91090E+06,0.00678605
1.91209E+06,0.00723129
1.91329E+06,0.00770386
1.91448E+06,0.00820251
1.91568E+06,0.00872441
1.91806E+06,0.00982298
1.92045E+06,0.0109454
1.92164E+06,0.0114899
1.92284E+06,0.0120053
1.92403E+06,0.0124758
1.92523E+06,0.0128849
1.92642E+06,0.0132177
1.92761E+06,0.0134596
1.92881E+06,0.0136001
1.92940E+06,0.0136300
1.93000E+06,0.0136325
1.93119E+06,0.0135555
1.93239E+06,0.0133729
1.93358E+06,0.0130932
1.93478E+06,0.0127292
1.93597E+06,0.0122951
1.93716E+06,0.0118074
1.93836E+06,0.0112818
1.93955E+06,0.0107338
1.94194E+06,0.00961857
1.94433E+06,0.00854140
1.94552E+06,0.00803225
1.94671E+06,0.00754762
1.94791E+06,0.00708936
1.94910E+06,0.00665865
1.95035E+06,0.00623749
1.95159E+06,0.00584541
1.95284E+06,0.00548133
1.95409E+06,0.00514385
1.95534E+06,0.00483143
1.95658E+06,0.00454242
1.95783E+06,0.00427517
1.95908E+06,0.00402824
1.96032E+06,0.00379968
1.96157E+06,0.00358823
1.96282E+06,0.00339249
1.96406E+06,0.00321118
1.96531E+06,0.00304310
1.96656E+06,0.00288717
1.96780E+06,0.00274238
1.96905E+06,0.00260791
1.97030E+06,0.00248271
1.97154E+06,0.00236613
1.97279E+06,0.00225748
1.97404E+06,0.00215613
1.97529E+06,0.00206150
1.97653E+06,0.00197306
1.97778E+06,0.00189035
1.97903E+06,0.00181299
1.98027E+06,0.00174046
1.98152E+06,0.00167246
1.98277E+06,0.00160868
1.98401E+06,0.00154881
1.98526E+06,0.00149257
1.98651E+06,0.00143973
1.98775E+06,0.00139004
1.98900E+06,0.00134333
1.99069E+06,0.00128440
1.99238E+06,0.00123011
1.99406E+06,0.00117998
1.99575E+06,0.00113371
1.99744E+06,0.00109090
1.99913E+06,0.00105127
2.00081E+06,0.00101447
2.00250E+06,0.000980231
2.00419E+06,0.000948220
2.00588E+06,0.000918184
2.00925E+06,0.000862833
2.01263E+06,0.000812073
2.01431E+06,0.000787856
2.01600E+06,0.000764215
2.01769E+06,0.000741011
2.01938E+06,0.000718213
2.02106E+06,0.000695774
2.02275E+06,0.000673738
2.02444E+06,0.000652122
2.02613E+06,0.000631009
2.02781E+06,0.000610437
2.02950E+06,0.000590493
2.03119E+06,0.000571204
2.03288E+06,0.000552634
2.03625E+06,0.000517705
2.03963E+06,0.000485783
2.04300E+06,0.000456790
2.04650E+06,0.000429633
2.05000E+06,0.000405197
2.05350E+06,0.000383230
2.05700E+06,0.000363491
2.06050E+06,0.000345767
2.06400E+06,0.000329873
2.06750E+06,0.000315660
2.07100E+06,0.000303008
2.07450E+06,0.000291831
2.07800E+06,0.000282071
2.08150E+06,0.000273701
2.08500E+06,0.000266722
2.08675E+06,0.000263761
2.08850E+06,0.000261162
2.09025E+06,0.000258929
2.09200E+06,0.000257071
2.09375E+06,0.000255597
2.09550E+06,0.000254512
2.09725E+06,0.000253822
2.09900E+06,0.000253530
2.10056E+06,0.000253602
2.10213E+06,0.000253981
2.10369E+06,0.000254652
2.10525E+06,0.000255591
2.10681E+06,0.000256765
2.10838E+06,0.000258125
2.10994E+06,0.000259609
2.11150E+06,0.000261137
2.11306E+06,0.000262615
2.11463E+06,0.000263930
2.11619E+06,0.000264964
2.11775E+06,0.000265588
2.11931E+06,0.000265680
2.12088E+06,0.000265132
2.12244E+06,0.000263855
2.12400E+06,0.000261800
2.12556E+06,0.000258947
2.12713E+06,0.000255325
2.12869E+06,0.000250988
2.13025E+06,0.000246034
2.13181E+06,0.000240567
2.13338E+06,0.000234714
2.13494E+06,0.000228591
2.13650E+06,0.000222320
2.13806E+06,0.000215995
2.13963E+06,0.000209711
2.14119E+06,0.000203528
2.14275E+06,0.000197509
2.14588E+06,0.000186089
2.14900E+06,0.000175620
2.15225E+06,0.000165780
2.15550E+06,0.000156958
2.15875E+06,0.000149063
2.16200E+06,0.000141986
2.16525E+06,0.000135623
2.16850E+06,0.000129877
2.17175E+06,0.000124664
2.17500E+06,0.000119911
2.17825E+06,0.000115555
2.18150E+06,0.000111545
2.18475E+06,0.000107837
2.18800E+06,0.000104394
2.19125E+06,0.000101185
2.19450E+06,9.81822E-05
2.20100E+06,9.27132E-05
2.20100E+06,1.53581E-05
2.30000E+06,1.47394E-05
2.40000E+06,1.41143E-05
2.50000E+06,1.38097E-05
2.60000E+06,1.35051E-05
2.70000E+06,1.33656E-05
2.80000E+06,1.32260E-05
2.90000E+06,1.31837E-05
3.00000E+06,1.31413E-05
3.10000E+06,1.31572E-05
3.20000E+06,1.31731E-05
3.30000E+06,1.32289E-05
3.40000E+06,1.32847E-05
3.50000E+06,1.33851E-05
3.60000E+06,1.34855E-05
3.70000E+06,1.35937E-05
3.80000E+06,1.37018E-05
3.84323E+06,1.37649E-05
3.90000E+06,1.38479E-05
4.00000E+06,1.39939E-05
4.20000E+06,1.43979E-05
4.40000E+06,1.48488E-05
4.46201E+06,1.49512E-05
4.60000E+06,1.51791E-05
4.67040E+06,1.52844E-05
4.80000E+06,1.54782E-05
5.00000E+06,1.60097E-05
5.06510E+06,1.62181E-05
5.06510E+06,1.62181E-05
5.20000E+06,1.66498E-05
5.21708E+06,1.66795E-05
5.21708E+06,1.66795E-05
5.40000E+06,1.69970E-05
5.41727E+06,1.70460E-05
5.60000E+06,1.75639E-05
5.80000E+06,1.83089E-05
5.90501E+06,1.86681E-05
5.90501E+06,1.86682E-05
5.97506E+06,1.89078E-05
6.00000E+06,1.89931E-05
6.07970E+06,1.91503E-05
6.07970E+06,1.91503E-05
6.11267E+06,1.92153E-05
6.20000E+06,1.93875E-05
6.28431E+06,1.96434E-05
6.40000E+06,1.99946E-05
6.60000E+06,2.07984E-05
6.61846E+06,2.08783E-05
6.65382E+06,2.10312E-05
6.65575E+06,2.10396E-05
6.79893E+06,2.16589E-05
6.80000E+06,2.16635E-05
7.00000E+06,2.26656E-05
7.04433E+06,2.28434E-05
7.04433E+06,2.28434E-05
7.06429E+06,2.29235E-05
7.06429E+06,2.29235E-05
7.20000E+06,2.34678E-05
7.34293E+06,2.40299E-05
7.35737E+06,2.40867E-05
7.39354E+06,2.42289E-05
7.40000E+06,2.42543E-05
7.51735E+06,2.45490E-05
7.51735E+06,2.45490E-05
7.51805E+06,2.45508E-05
7.55380E+06,2.46406E-05
7.55380E+06,2.46406E-05
7.60000E+06,2.47566E-05
7.68703E+06,2.49932E-05
7.76398E+06,2.52024E-05
7.79635E+06,2.52904E-05
7.79635E+06,2.52904E-05
7.80000E+06,2.53003E-05
8.00000E+06,2.56848E-05
8.02906E+06,2.57188E-05
8.22861E+06,2.59525E-05
8.22861E+06,2.59525E-05
8.50000E+06,2.62703E-05
8.56963E+06,2.63321E-05
8.59064E+06,2.63507E-05
8.72408E+06,2.64691E-05
8.80092E+06,2.65372E-05
8.87947E+06,2.66069E-05
8.87947E+06,2.66069E-05
8.95882E+06,2.66773E-05
9.00000E+06,2.67138E-05
9.13893E+06,2.66693E-05
9.13894E+06,2.66693E-05
9.14734E+06,2.66666E-05
9.22045E+06,2.66432E-05
9.22045E+06,2.66432E-05
9.26499E+06,2.66289E-05
9.30070E+06,2.66175E-05
9.30071E+06,2.66175E-05
9.45407E+06,2.65683E-05
9.45407E+06,2.65683E-05
9.48663E+06,2.65579E-05
9.48664E+06,2.65579E-05
9.50000E+06,2.65536E-05
9.57592E+06,2.64156E-05
9.57592E+06,2.64156E-05
9.65996E+06,2.62629E-05
9.78811E+06,2.60299E-05
9.96564E+06,2.57073E-05
1.00000E+07,2.56448E-05
1.03711E+07,3.45887E-05
1.04362E+07,3.61577E-05
1.04940E+07,3.75507E-05
1.05000E+07,3.76953E-05
1.07797E+07,3.94472E-05
1.07915E+07,3.95211E-05
1.09310E+07,4.03949E-05
1.10000E+07,4.08271E-05
1.12052E+07,4.23651E-05
1.13206E+07,4.32300E-05
1.14123E+07,4.39173E-05
1.15000E+07,4.45746E-05
1.20000E+07,4.81434E-05
1.25000E+07,5.16891E-05
1.25885E+07,5.55221E-05
1.25885E+07,5.55234E-05
1.26188E+07,5.68344E-05
1.27375E+07,6.19753E-05
1.28376E+07,6.63107E-05
1.30000E+07,7.33443E-05
1.35000E+07,8.08237E-05
1.35420E+07,8.15595E-05
1.35420E+07,8.15599E-05
1.37928E+07,8.59534E-05
1.37929E+07,8.59547E-05
1.40000E+07,8.95835E-05
1.45000E+07,0.000100104
1.50000E+07,0.000112538
1.51901E+07,0.000116957
1.55000E+07,0.000124160
1.55133E+07,0.000124469
1.56367E+07,0.000127338
1.58749E+07,0.000132874
1.60000E+07,0.000135782
1.65000E+07,0.000150791
1.66211E+07,0.000154426
1.67308E+07,0.000157719
1.67717E+07,0.000158947
1.68146E+07,0.000160235
1.70000E+07,0.000165800
1.74233E+07,0.000178497
1.75000E+07,0.000180798
1.75270E+07,0.000181608
1.76099E+07,0.000184095
1.78130E+07,0.000190187
1.78299E+07,0.000190694
1.78501E+07,0.000191300
1.78501E+07,0.000191301
1.79111E+07,0.000193129
1.80000E+07,0.000195796
1.84732E+07,0.000204716
1.85000E+07,0.000205221
1.85782E+07,0.000206695
1.90000E+07,0.000214646
1.95000E+07,0.000222970
1.95635E+07,0.000224027
1.95635E+07,0.000224028
2.00000E+07,0.000231294
2.10000E+07,0.000238291
2.14472E+07,0.000236874
2.15195E+07,0.000236645
2.19003E+07,0.000235439
2.20000E+07,0.000235123
2.22096E+07,0.000232634
2.22495E+07,0.000232160
2.30000E+07,0.000223250
2.40000E+07,0.000206409
2.45465E+07,0.000195962
2.50000E+07,0.000187291
2.52482E+07,0.000182330
2.60000E+07,0.000167301
2.70000E+07,0.000126690
2.80000E+07,0.000112212
2.90000E+07,0.000101588
3.00000E+07,9.16113E-05
3.00000E+07,0.00000
3.00000E+07,0.00000
3.10000E+07,0.00000
3.20000E+07,0.00000
3.30000E+07,0.00000
3.40000E+07,0.00000
3.50000E+07,0.00000
3.60000E+07,0.00000
3.70000E+07,0.00000
3.80000E+07,0.00000
3.90000E+07,0.00000
4.00000E+07,0.00000
4.10000E+07,0.00000
4.20000E+07,0.00000
4.30000E+07,0.00000
4.40000E+07,0.00000
4.50000E+07,0.00000
4.60000E+07,0.00000
4.70000E+07,0.00000
4.80000E+07,0.00000
4.90000E+07,0.00000
5.00000E+07,0.00000
5.10000E+07,0.00000
5.20000E+07,0.00000
5.30000E+07,0.00000
5.40000E+07,0.00000
5.50000E+07,0.00000
5.60000E+07,0.00000
5.70000E+07,0.00000
5.80000E+07,0.00000
5.90000E+07,0.00000
6.00000E+07,0.00000
6.10000E+07,0.00000
6.20000E+07,0.00000
6.30000E+07,0.00000
6.40000E+07,0.00000
6.50000E+07,0.00000
6.60000E+07,0.00000
6.70000E+07,0.00000
6.80000E+07,0.00000
6.90000E+07,0.00000
7.00000E+07,0.00000
7.10000E+07,0.00000
7.20000E+07,0.00000
7.30000E+07,0.00000
7.40000E+07,0.00000
7.50000E+07,0.00000
7.60000E+07,0.00000
7.70000E+07,0.00000
7.80000E+07,0.00000
7.90000E+07,0.00000
8.00000E+07,0.00000
8.10000E+07,0.00000
8.20000E+07,0.00000
8.30000E+07,0.00000
8.40000E+07,0.00000
8.50000E+07,0.00000
8.60000E+07,0.00000
8.70000E+07,0.00000
8.80000E+07,0.00000
8.90000E+07,0.00000
9.00000E+07,0.00000
9.10000E+07,0.00000
9.20000E+07,0.00000
9.30000E+07,0.00000
9.40000E+07,0.00000
9.50000E+07,0.00000
9.60000E+07,0.00000
9.70000E+07,0.00000
9.80000E+07,0.00000
9.90000E+07,0.00000
1.00000E+08,0.00000
1.02000E+08,0.00000
1.04000E+08,0.00000
1.06000E+08,0.00000
1.08000E+08,0.00000
1.10000E+08,0.00000
1.12000E+08,0.00000
1.14000E+08,0.00000
1.16000E+08,0.00000
1.18000E+08,0.00000
1.20000E+08,0.00000
1.22000E+08,0.00000
1.24000E+08,0.00000
1.26000E+08,0.00000
1.28000E+08,0.00000
1.30000E+08,0.00000
1.32000E+08,0.00000
1.34000E+08,0.00000
1.36000E+08,0.00000
1.38000E+08,0.00000
1.40000E+08,0.00000
1.42000E+08,0.00000
1.44000E+08,0.00000
1.46000E+08,0.00000
1.48000E+08,0.00000
1.50000E+08,0.00000
1.52000E+08,0.00000
1.54000E+08,0.00000
1.56000E+08,0.00000
1.58000E+08,0.00000
1.60000E+08,0.00000
1.62000E+08,0.00000
1.64000E+08,0.00000
1.66000E+08,0.00000
1.68000E+08,0.00000
1.70000E+08,0.00000
1.72000E+08,0.00000
1.74000E+08,0.00000
1.76000E+08,0.00000
1.78000E+08,0.00000
1.80000E+08,0.00000
1.82000E+08,0.00000
1.84000E+08,0.00000
1.86000E+08,0.00000
1.88000E+08,0.00000
1.90000E+08,0.00000
1.92000E+08,0.00000
1.94000E+08,0.00000
1.96000E+08,0.00000
1.98000E+08,0.00000
2.00000E+08,0.00000
