1.00000E-05,2.23407
1.03125E-05,2.19996
1.06250E-05,2.16736
1.09375E-05,2.13618
1.12500E-05,2.10630
1.15625E-05,2.07764
1.18750E-05,2.05012
1.21875E-05,2.02367
1.25000E-05,1.99821
1.28125E-05,1.97369
1.31250E-05,1.95005
1.34375E-05,1.92725
1.37500E-05,1.90522
1.43750E-05,1.86334
1.50000E-05,1.82411
1.56250E-05,1.78725
1.62500E-05,1.75255
1.68750E-05,1.71979
1.75000E-05,1.68880
1.81250E-05,1.65942
1.87500E-05,1.63153
1.93750E-05,1.60500
2.00000E-05,1.57973
2.09375E-05,1.54395
2.18750E-05,1.51051
2.28125E-05,1.47914
2.37500E-05,1.44966
2.46875E-05,1.42186
2.56250E-05,1.39561
2.65625E-05,1.37076
2.75000E-05,1.34719
2.84375E-05,1.32480
2.93750E-05,1.30349
3.03125E-05,1.28317
3.12500E-05,1.26378
3.21875E-05,1.24524
3.31250E-05,1.22749
3.40625E-05,1.21048
3.50000E-05,1.19416
3.59375E-05,1.17848
3.68750E-05,1.16340
3.78125E-05,1.14889
3.87500E-05,1.13491
3.96875E-05,1.12142
4.06250E-05,1.10841
4.25000E-05,1.08368
4.43750E-05,1.06054
4.62500E-05,1.03882
4.81250E-05,1.01838
5.00000E-05,0.999106
5.15625E-05,0.983851
5.31250E-05,0.969275
5.46875E-05,0.955328
5.62500E-05,0.941966
5.78125E-05,0.929149
5.93750E-05,0.916842
6.09375E-05,0.905011
6.25000E-05,0.893627
6.40625E-05,0.882662
6.56250E-05,0.872091
6.71875E-05,0.861891
6.87500E-05,0.852040
7.18750E-05,0.833312
7.50000E-05,0.815766
7.81250E-05,0.799284
8.12500E-05,0.783763
8.43750E-05,0.769112
8.75000E-05,0.755253
9.06250E-05,0.742117
9.37500E-05,0.729643
9.68750E-05,0.717779
0.000100000,0.706474
0.000103125,0.695688
0.000106250,0.685381
0.000109375,0.675519
0.000112500,0.666070
0.000115625,0.657008
0.000118750,0.648305
0.000121875,0.639940
0.000125000,0.631890
0.000128125,0.624136
0.000131250,0.616661
0.000134375,0.609449
0.000137500,0.602483
0.000143750,0.589240
0.000150000,0.576834
0.000156250,0.565179
0.000162500,0.554204
0.000168750,0.543844
0.000175000,0.534044
0.000181250,0.524756
0.000187500,0.515936
0.000193750,0.507546
0.000200000,0.499553
0.000209375,0.488241
0.000218750,0.477664
0.000228125,0.467746
0.000237500,0.458421
0.000246875,0.449633
0.000256250,0.441331
0.000265625,0.433473
0.000275000,0.426020
0.000284375,0.418939
0.000293750,0.412199
0.000303125,0.405775
0.000312500,0.399642
0.000321875,0.393779
0.000331250,0.388167
0.000340625,0.382788
0.000350000,0.377626
0.000359375,0.372668
0.000368750,0.367901
0.000378125,0.363311
0.000387500,0.358889
0.000396875,0.354625
0.000406250,0.350510
0.000425000,0.342690
0.000443750,0.335372
0.000462500,0.328504
0.000481250,0.322041
0.000500000,0.315945
0.000515625,0.311121
0.000531250,0.306512
0.000546875,0.302101
0.000562500,0.297876
0.000578125,0.293823
0.000593750,0.289931
0.000609375,0.286190
0.000625000,0.282590
0.000640625,0.279123
0.000656250,0.275780
0.000671875,0.272554
0.000687500,0.269439
0.000718750,0.263517
0.000750000,0.257968
0.000781250,0.252756
0.000812500,0.247848
0.000843750,0.243215
0.000875000,0.238832
0.000906250,0.234678
0.000937500,0.230734
0.000968750,0.226982
0.00100000,0.223407
0.00103125,0.219996
0.00106250,0.216737
0.00109375,0.213618
0.00112500,0.210631
0.00115625,0.207765
0.00118750,0.205013
0.00121875,0.202367
0.00125000,0.199822
0.00128125,0.197370
0.00131250,0.195006
0.00134375,0.192725
0.00137500,0.190523
0.00143750,0.186335
0.00150000,0.182411
0.00156250,0.178726
0.00162500,0.175255
0.00168750,0.171979
0.00175000,0.168880
0.00181250,0.165943
0.00187500,0.163154
0.00193750,0.160501
0.00200000,0.157973
0.00209375,0.154396
0.00218750,0.151051
0.00228125,0.147914
0.00237500,0.144966
0.00246875,0.142186
0.00256250,0.139561
0.00265625,0.137076
0.00275000,0.134719
0.00284375,0.132480
0.00293750,0.130349
0.00303125,0.128317
0.00312500,0.126378
0.00321875,0.124524
0.00331250,0.122749
0.00340625,0.121048
0.00350000,0.119415
0.00359375,0.117848
0.00368750,0.116340
0.00378125,0.114888
0.00387500,0.113490
0.00396875,0.112142
0.00406250,0.110840
0.00425000,0.108368
0.00443750,0.106053
0.00462500,0.103881
0.00481250,0.101838
0.00500000,0.0999098
0.00515625,0.0983844
0.00531250,0.0969268
0.00546875,0.0955320
0.00562500,0.0941959
0.00578125,0.0929142
0.00593750,0.0916835
0.00609375,0.0905005
0.00625000,0.0893620
0.00640625,0.0882655
0.00656250,0.0872084
0.00671875,0.0861884
0.00687500,0.0852033
0.00718750,0.0833305
0.00750000,0.0815759
0.00781250,0.0799277
0.00812500,0.0783755
0.00843750,0.0769103
0.00875000,0.0755243
0.00906250,0.0742107
0.00937500,0.0729633
0.00968750,0.0717767
0.0100000,0.0706463
0.0103125,0.0695676
0.0106250,0.0685369
0.0109375,0.0675507
0.0112500,0.0666058
0.0115625,0.0656996
0.0118750,0.0648294
0.0121875,0.0639929
0.0125000,0.0631879
0.0128125,0.0624126
0.0131250,0.0616652
0.0134375,0.0609440
0.0137500,0.0602475
0.0143750,0.0589233
0.0150000,0.0576827
0.0156250,0.0565172
0.0162500,0.0554197
0.0168750,0.0543836
0.0175000,0.0534035
0.0181250,0.0524746
0.0187500,0.0515925
0.0193750,0.0507533
0.0200000,0.0499539
0.0206625,0.0491464
0.0213250,0.0483768
0.0219875,0.0476423
0.0226500,0.0469403
0.0233125,0.0462684
0.0239750,0.0456245
0.0246375,0.0450069
0.0253000,0.0444137
0.0264578,0.0434310
0.0276156,0.0425108
0.0287734,0.0416468
0.0299313,0.0408335
0.0310891,0.0400661
0.0322469,0.0393404
0.0334047,0.0386528
0.0345625,0.0380000
0.0355274,0.0374805
0.0364922,0.0369817
0.0374570,0.0365023
0.0384219,0.0360410
0.0393867,0.0355968
0.0403516,0.0351685
0.0413164,0.0347554
0.0422813,0.0343564
0.0442109,0.0335980
0.0461406,0.0328877
0.0480703,0.0322206
0.0500000,0.0315925
0.0515625,0.0311100
0.0531250,0.0306489
0.0546875,0.0302078
0.0562500,0.0297852
0.0578125,0.0293799
0.0593750,0.0289907
0.0609375,0.0286166
0.0625000,0.0282566
0.0640625,0.0279100
0.0656250,0.0275758
0.0671875,0.0272534
0.0687500,0.0269420
0.0718750,0.0263500
0.0750000,0.0257953
0.0781250,0.0252741
0.0812500,0.0247831
0.0843750,0.0243196
0.0875000,0.0238812
0.0906250,0.0234656
0.0937500,0.0230710
0.0968750,0.0226957
0.100000,0.0223381
0.103125,0.0219969
0.106250,0.0216709
0.109375,0.0213589
0.112500,0.0210600
0.115625,0.0207734
0.118750,0.0204981
0.121875,0.0202336
0.125000,0.0199790
0.128125,0.0197339
0.131250,0.0194976
0.134375,0.0192697
0.137500,0.0190496
0.143750,0.0186310
0.150000,0.0182388
0.156250,0.0178701
0.162500,0.0175229
0.168750,0.0171951
0.175000,0.0168850
0.181250,0.0165912
0.187500,0.0163123
0.193750,0.0160470
0.200000,0.0157944
0.209375,0.0154368
0.218750,0.0151022
0.228125,0.0147884
0.237500,0.0144933
0.246875,0.0142153
0.256250,0.0139526
0.265625,0.0137039
0.275000,0.0134681
0.284375,0.0132440
0.293750,0.0130308
0.303125,0.0128275
0.312500,0.0126335
0.321875,0.0124480
0.331250,0.0122704
0.340625,0.0121002
0.350000,0.0119369
0.359375,0.0117801
0.368750,0.0116292
0.378125,0.0114841
0.387500,0.0113442
0.396875,0.0112095
0.406250,0.0110795
0.425000,0.0108325
0.443750,0.0106009
0.462500,0.0103836
0.500000,0.00998677
0.531250,0.00968876
0.562500,0.00941531
0.593750,0.00916371
0.625000,0.00893124
0.687500,0.00851482
0.750000,0.00815163
0.812500,0.00783120
0.875000,0.00754656
0.937500,0.00729080
1.00000,0.00705861
1.06250,0.00684724
1.12500,0.00665374
1.18750,0.00647574
1.25000,0.00631126
1.37500,0.00601661
1.50000,0.00575961
1.62500,0.00553285
1.75000,0.00533132
1.87500,0.00515025
2.00000,0.00498574
2.18750,0.00476605
2.37500,0.00457309
2.56250,0.00440170
2.75000,0.00424843
2.93750,0.00411005
3.12500,0.00398400
3.31250,0.00386879
3.50000,0.00376296
3.87500,0.00357478
4.25000,0.00341206
4.62500,0.00326951
5.00000,0.00314339
5.31250,0.00304866
5.62500,0.00296178
5.93750,0.00288183
6.25000,0.00280794
6.87500,0.00267552
7.50000,0.00255996
8.12500,0.00245795
8.75000,0.00236712
9.37500,0.00228549
10.0000,0.00221149
10.6250,0.00214409
11.2500,0.00208235
11.8750,0.00202552
12.5000,0.00197299
13.7500,0.00187880
15.0000,0.00179656
16.2500,0.00172393
17.5000,0.00165921
18.7500,0.00160101
20.0000,0.00154824
21.8750,0.00147765
23.7500,0.00141554
25.6250,0.00136029
27.5000,0.00131075
29.3750,0.00126598
31.2500,0.00122522
33.1250,0.00118792
35.0000,0.00115361
36.8750,0.00112192
38.7500,0.00109253
42.5000,0.00103960
46.2500,0.000993139
50.0000,0.000951939
53.1250,0.000920940
56.2500,0.000892504
59.3750,0.000866305
62.5000,0.000842064
68.7500,0.000798554
75.0000,0.000760513
81.2500,0.000726879
87.5000,0.000696871
93.7500,0.000669873
100.000,0.000645402
106.250,0.000623097
112.500,0.000602658
125.000,0.000566441
137.500,0.000535255
150.000,0.000508049
162.500,0.000484056
175.000,0.000462708
187.500,0.000443561
200.000,0.000426264
218.750,0.000403225
237.500,0.000383063
256.250,0.000365250
275.000,0.000349389
312.500,0.000322328
350.000,0.000300078
387.500,0.000281459
425.000,0.000265654
462.500,0.000252081
500.000,0.000240313
562.500,0.000223859
625.000,0.000210464
687.500,0.000199402
750.000,0.000190161
875.000,0.000175768
1000.00,0.000165321
1125.00,0.000157674
1250.00,0.000152123
1375.00,0.000148220
1500.00,0.000145680
1687.50,0.000144070
1750.00,0.000144081
2000.00,0.000146870
2165.46,0.000151568
2330.92,0.000158928
2496.38,0.000170466
2661.84,0.000188516
2763.67,0.000204999
2840.03,0.000221580
2910.03,0.000241502
2980.04,0.000267931
3050.04,0.000304074
3120.04,0.000355496
3155.04,0.000390491
3190.04,0.000433479
3225.05,0.000487880
3260.05,0.000559372
3295.05,0.000652342
3330.05,0.000782256
3347.55,0.000863125
3365.05,0.000966694
3382.55,0.00108960
3400.05,0.00123466
3425.51,0.00152570
3439.03,0.00172988
3452.55,0.00198395
3466.08,0.00230440
3479.60,0.00271627
3493.12,0.00325780
3499.89,0.00358414
3506.65,0.00396612
3513.41,0.00442502
3520.17,0.00497158
3526.93,0.00562995
3533.69,0.00643276
3539.26,0.00723457
3544.83,0.00820193
3550.40,0.00938199
3555.97,0.0108035
3561.54,0.0126190
3564.32,0.0137055
3567.10,0.0149402
3569.89,0.0163513
3572.67,0.0179741
3575.46,0.0198532
3578.24,0.0220458
3580.83,0.0244274
3583.41,0.0272082
3586.00,0.0304695
3588.58,0.0343921
3591.17,0.0391400
3592.46,0.0418933
3593.75,0.0449465
3595.05,0.0483503
3596.34,0.0521546
3597.63,0.0564318
3598.92,0.0612560
3600.32,0.0671818
3601.71,0.0740065
3603.10,0.0819099
3604.49,0.0911467
3605.88,0.102071
3606.58,0.108298
3607.28,0.115119
3607.97,0.122611
3608.67,0.130864
3609.36,0.139984
3610.06,0.150098
3610.86,0.163075
3611.65,0.177799
3612.45,0.194639
3613.24,0.213973
3614.04,0.236389
3614.44,0.248956
3614.83,0.262531
3615.23,0.277303
3615.63,0.293377
3616.03,0.310914
3616.42,0.330047
3616.97,0.359491
3617.52,0.393128
3617.79,0.411810
3618.06,0.431804
3618.34,0.453399
3618.61,0.476599
3618.89,0.501757
3619.16,0.528902
3619.43,0.558477
3619.71,0.590545
3619.98,0.625668
3620.25,0.663972
3620.53,0.706186
3620.80,0.752530
3621.07,0.803978
3621.35,0.860911
3621.62,0.924668
3621.89,0.995904
3622.17,1.07654
3622.30,1.12082
3622.44,1.16772
3622.58,1.21823
3622.71,1.27193
3622.85,1.32998
3622.99,1.39197
3623.11,1.45319
3623.24,1.51835
3623.36,1.58899
3623.48,1.66450
3623.61,1.74672
3623.73,1.83501
3623.86,1.93078
3623.98,2.03489
3624.11,2.14928
3624.23,2.27325
3624.35,2.40893
3624.48,2.55771
3624.60,2.72257
3624.73,2.90262
3624.85,3.10109
3624.98,3.32012
3625.04,3.45176
3625.11,3.58886
3625.18,3.73591
3625.25,3.88909
3625.32,4.05340
3625.39,4.22459
3625.45,4.40547
3625.52,4.59657
3625.59,4.80148
3625.66,5.01484
3625.73,5.24349
3625.80,5.48140
3625.87,5.73616
3625.93,6.00098
3626.00,6.28006
3626.07,6.57397
3626.14,6.88797
3626.21,7.21354
3626.28,7.56081
3626.34,7.92028
3626.41,8.30304
3626.48,8.69849
3626.55,9.11248
3626.62,9.54542
3626.75,10.4766
3626.89,11.4882
3627.03,12.5814
3627.16,13.7469
3627.26,14.6539
3627.36,15.5923
3627.46,16.5792
3627.56,17.5924
3627.76,19.7258
3627.96,21.9503
3628.51,28.2661
3628.64,29.7914
3628.78,31.2434
3628.92,32.6223
3629.05,33.8873
3629.22,35.3008
3629.39,36.4835
3629.56,37.4040
3629.74,38.0373
3629.87,38.3197
3630.00,38.4129
3630.03,38.4088
3630.11,38.3469
3630.19,38.2110
3630.36,37.7214
3630.53,36.9529
3630.69,35.9255
3630.82,35.0045
3630.94,33.9749
3631.06,32.8339
3631.19,31.6145
3631.42,29.1528
3631.65,26.5388
3632.04,21.9316
3632.24,19.6980
3632.44,17.5779
3632.56,16.4056
3632.67,15.2825
3632.79,14.2120
3632.90,13.2052
3633.01,12.2460
3633.13,11.3441
3633.24,10.4996
3633.36,9.71828
3633.47,8.98537
3633.59,8.30622
3633.70,7.67875
3633.82,7.10060
3633.93,6.56917
3634.05,6.08173
3634.16,5.63547
3634.28,5.22753
3634.39,4.87060
3634.50,4.54373
3634.61,4.24459
3634.72,3.97330
3634.83,3.72277
3634.94,3.49557
3635.05,3.28565
3635.16,3.09511
3635.27,2.91883
3635.38,2.75713
3635.49,2.60864
3635.59,2.47330
3635.70,2.34748
3635.81,2.23246
3635.92,2.12520
3636.03,2.02681
3636.16,1.92192
3636.28,1.82627
3636.41,1.73744
3636.53,1.65606
3636.66,1.58012
3636.79,1.51024
3636.91,1.44474
3637.04,1.38421
3637.16,1.32724
3637.29,1.27438
3637.41,1.22483
3637.54,1.17831
3637.79,1.09302
3638.04,1.01745
3638.29,0.949585
3638.54,0.888821
3638.77,0.838138
3639.00,0.791834
3639.23,0.749398
3639.46,0.710394
3639.69,0.674450
3639.92,0.641242
3640.15,0.610493
3640.38,0.582077
3640.61,0.555536
3640.84,0.530809
3641.30,0.486251
3641.76,0.447100
3642.22,0.412648
3642.59,0.387359
3642.97,0.364365
3643.34,0.343392
3643.72,0.324205
3644.10,0.306603
3644.47,0.290414
3644.85,0.275486
3645.22,0.261689
3645.98,0.237054
3646.73,0.215761
3647.48,0.197232
3648.23,0.181008
3648.82,0.169742
3649.40,0.159504
3649.99,0.150172
3650.57,0.141642
3651.16,0.133826
3651.74,0.126647
3652.91,0.113943
3654.08,0.103082
3655.25,0.0937076
3656.42,0.0855501
3657.59,0.0784109
3658.76,0.0721321
3659.93,0.0665823
3661.10,0.0616528
3662.27,0.0572543
3663.44,0.0533131
3664.61,0.0497679
3666.95,0.0436778
3669.29,0.0386762
3671.63,0.0344733
3673.97,0.0309120
3676.31,0.0278801
3678.82,0.0251042
3681.33,0.0227268
3683.83,0.0206749
3686.34,0.0188917
3688.85,0.0173321
3691.35,0.0159603
3693.86,0.0147513
3696.37,0.0136955
3701.38,0.0118662
3706.40,0.0103830
3711.41,0.00916647
3716.42,0.00815646
3722.44,0.00715495
3728.46,0.00633207
3734.47,0.00564732
3740.49,0.00508633
3746.51,0.00459351
3752.52,0.00417670
3758.54,0.00380494
3764.56,0.00349758
3776.59,0.00297743
3788.62,0.00257069
3800.66,0.00224718
3812.69,0.00198642
3823.39,0.00179558
3838.10,0.00158687
3852.80,0.00140978
3867.51,0.00126078
3882.22,0.00114419
3911.63,0.000957571
3941.05,0.000824566
3970.47,0.000722903
3999.88,0.000646215
4029.30,0.000586287
4058.71,0.000538180
4117.54,0.000469355
4176.37,0.000423412
4235.20,0.000392192
4294.03,0.000371031
4411.69,0.000348654
4529.36,0.000342884
4647.02,0.000348962
4764.68,0.000364381
4882.34,0.000388686
5000.00,0.000422593
5115.63,0.000467467
5231.25,0.000526205
5346.88,0.000603801
5462.50,0.000707736
5529.44,0.000784863
5596.38,0.000878398
5663.33,0.000993055
5730.27,0.00113563
5791.12,0.00129875
5851.98,0.00150279
5882.41,0.00162635
5912.83,0.00176679
5943.26,0.00192682
5973.69,0.00211043
6007.16,0.00234859
6040.63,0.00263210
6074.10,0.00297281
6090.84,0.00317006
6107.57,0.00338762
6124.31,0.00363084
6141.04,0.00390101
6157.78,0.00420364
6174.51,0.00454570
6191.25,0.00493002
6207.98,0.00536909
6224.72,0.00587092
6241.45,0.00644524
6261.23,0.00724381
6281.01,0.00821117
6300.79,0.00937746
6310.68,0.0100613
6315.62,0.0104317
6320.57,0.0108233
6325.13,0.0112049
6329.69,0.0116055
6334.26,0.0120302
6338.82,0.0124789
6341.10,0.0127128
6343.39,0.0129535
6345.67,0.0132011
6347.95,0.0134559
6350.23,0.0137183
6352.51,0.0139885
6354.80,0.0142668
6357.08,0.0145536
6359.65,0.0148868
6362.21,0.0152316
6364.78,0.0155888
6367.35,0.0159584
6369.92,0.0163412
6371.20,0.0165378
6372.48,0.0167380
6373.77,0.0169421
6375.05,0.0171500
6376.34,0.0173618
6376.98,0.0174691
6377.62,0.0175773
6378.57,0.0177398
6379.52,0.0179045
6380.00,0.0179878
6380.47,0.0180715
6380.95,0.0181558
6381.42,0.0182407
6381.85,0.0183178
6382.28,0.0183953
6382.71,0.0184733
6383.13,0.0185518
6383.99,0.0187104
6384.84,0.0188708
6385.70,0.0190335
6386.56,0.0191984
6387.41,0.0193654
6388.27,0.0195344
6389.27,0.0197348
6390.26,0.0199380
6391.26,0.0201446
6392.26,0.0203542
6394.26,0.0207836
6396.26,0.0212267
6398.25,0.0216842
6400.25,0.0221568
6402.25,0.0226449
6404.24,0.0231492
6406.33,0.0236961
6408.43,0.0242626
6409.47,0.0245536
6410.52,0.0248498
6411.56,0.0251514
6412.61,0.0254586
6413.66,0.0257714
6414.70,0.0260900
6415.75,0.0264146
6416.79,0.0267453
6417.84,0.0270823
6418.89,0.0274257
6419.93,0.0277756
6420.98,0.0281319
6422.02,0.0284955
6423.07,0.0288662
6424.12,0.0292442
6425.16,0.0296297
6426.21,0.0300228
6427.25,0.0304238
6428.30,0.0308329
6429.35,0.0312503
6430.39,0.0316762
6431.44,0.0321109
6432.48,0.0325546
6433.53,0.0330075
6434.58,0.0334699
6435.62,0.0339421
6436.67,0.0344244
6437.71,0.0349165
6438.76,0.0354197
6439.80,0.0359338
6441.90,0.0369962
6443.99,0.0381062
6446.08,0.0392668
6448.17,0.0404810
6450.26,0.0417522
6452.36,0.0430840
6454.45,0.0444795
6456.54,0.0459442
6458.63,0.0474821
6460.72,0.0490980
6462.82,0.0507973
6464.91,0.0525856
6467.00,0.0544693
6469.09,0.0564552
6471.18,0.0585496
6473.27,0.0607627
6475.37,0.0631023
6477.46,0.0655782
6479.55,0.0682009
6481.64,0.0709820
6483.73,0.0739344
6485.83,0.0770722
6487.92,0.0804092
6490.01,0.0839658
6492.10,0.0877594
6494.19,0.0918112
6496.29,0.0961443
6498.38,0.100785
6500.47,0.105762
6502.56,0.111108
6504.65,0.116858
6506.75,0.123055
6507.79,0.126334
6508.84,0.129742
6509.88,0.133286
6510.93,0.136972
6511.98,0.140809
6513.02,0.144799
6514.07,0.148959
6515.11,0.153295
6516.16,0.157815
6517.20,0.162530
6518.25,0.167452
6519.30,0.172590
6520.34,0.177958
6521.39,0.183564
6522.43,0.189431
6523.48,0.195570
6524.53,0.201997
6525.57,0.208729
6526.62,0.215784
6527.66,0.223182
6528.71,0.230943
6529.76,0.239090
6530.80,0.247646
6531.85,0.256638
6532.89,0.266092
6533.94,0.276038
6534.99,0.286507
6536.03,0.297531
6537.08,0.309147
6538.12,0.321392
6539.17,0.334306
6540.22,0.347933
6541.26,0.362317
6542.31,0.377506
6543.35,0.393552
6544.40,0.410507
6545.45,0.428427
6546.49,0.447370
6547.54,0.467397
6548.58,0.488568
6549.63,0.510948
6550.68,0.534599
6551.72,0.559584
6552.77,0.585962
6553.81,0.613791
6554.86,0.643091
6555.91,0.674203
6556.97,0.706880
6558.02,0.741202
6559.07,0.777102
6560.13,0.814624
6561.18,0.853637
6562.23,0.894116
6563.29,0.935843
6565.39,1.02237
6567.50,1.11097
6569.61,1.19839
6571.71,1.28019
6572.75,1.31684
6573.79,1.35026
6574.82,1.37980
6575.86,1.40486
6576.89,1.42490
6577.93,1.43946
6578.97,1.44820
6580.00,1.45091
6581.38,1.44505
6582.76,1.42861
6583.89,1.40791
6585.01,1.38125
6586.13,1.34929
6587.25,1.31280
6588.38,1.27255
6589.50,1.22944
6591.74,1.13770
6596.23,0.950203
6598.48,0.861570
6599.60,0.819589
6600.72,0.779349
6602.67,0.713863
6603.64,0.683195
6604.61,0.653901
6605.58,0.625960
6606.56,0.599341
6607.53,0.574005
6608.50,0.549934
6609.48,0.527031
6610.45,0.505272
6611.42,0.484606
6612.39,0.464982
6613.37,0.446350
6614.34,0.428658
6615.31,0.411860
6616.29,0.395923
6618.24,0.366299
6620.19,0.339563
6622.14,0.315376
6624.09,0.293484
6626.04,0.273614
6627.99,0.255566
6629.94,0.239126
6631.89,0.224136
6633.84,0.210430
6635.79,0.197886
6637.74,0.186372
6639.69,0.175795
6641.64,0.166051
6643.59,0.157069
6645.54,0.148769
6647.49,0.141091
6649.27,0.134604
6651.04,0.128551
6654.59,0.117558
6658.13,0.107863
6661.68,0.0992911
6665.22,0.0916778
6668.77,0.0848920
6672.32,0.0788186
6675.86,0.0733631
6679.76,0.0679805
6683.66,0.0631603
6687.57,0.0588280
6691.47,0.0549216
6695.37,0.0513862
6699.27,0.0481774
6703.17,0.0452568
6707.07,0.0425918
6711.68,0.0397309
6716.29,0.0371467
6720.90,0.0348046
6725.51,0.0326753
6730.12,0.0307352
6734.73,0.0289724
6739.34,0.0273456
6743.95,0.0258501
6751.75,0.0235844
6759.55,0.0216015
6767.36,0.0198571
6775.16,0.0183160
6782.96,0.0169457
6790.76,0.0157238
6798.56,0.0146289
6806.36,0.0136438
6814.16,0.0127552
6821.97,0.0119501
6829.77,0.0112187
6837.57,0.0105528
6853.17,0.00938645
6868.78,0.00840332
6882.25,0.00767362
6895.73,0.00703741
6909.20,0.00647466
6922.68,0.00597830
6936.15,0.00553696
6949.63,0.00514214
6976.58,0.00446910
6992.18,0.00413987
7007.79,0.00384501
7038.99,0.00334391
7070.20,0.00293520
7101.41,0.00259802
7141.13,0.00224844
7180.84,0.00196574
7220.56,0.00173546
7260.28,0.00154311
7322.69,0.00130266
7385.10,0.00111618
7447.52,0.000968672
7509.93,0.000850241
7572.34,0.000754091
7634.76,0.000674740
7697.17,0.000608513
7759.58,0.000552783
7878.74,0.000468767
7997.89,0.000405839
8117.04,0.000357773
8236.19,0.000320481
8361.02,0.000290467
8485.84,0.000267491
8610.67,0.000250400
8735.50,0.000238795
8871.67,0.000233219
9019.19,0.000239968
9092.95,0.000252863
9166.72,0.000279268
9212.11,0.000308430
9257.50,0.000356629
9280.19,0.000392912
9302.89,0.000442405
9325.59,0.000512104
9348.28,0.000613591
9360.34,0.000687651
9372.40,0.000783266
9384.45,0.000908752
9396.51,0.00107790
9408.57,0.00131346
9414.60,0.00146276
9420.62,0.00164311
9426.65,0.00187047
9432.68,0.00215519
9438.71,0.00251830
9444.74,0.00299137
9449.70,0.00349774
9454.67,0.00415455
9459.63,0.00502227
9464.60,0.00618814
9467.08,0.00694894
9469.56,0.00786673
9472.04,0.00898583
9474.53,0.0103698
9477.01,0.0121109
9479.49,0.0143405
9481.97,0.0172513
9484.46,0.0211485
9486.14,0.0246250
9487.82,0.0290783
9489.51,0.0349210
9491.19,0.0427865
9492.04,0.0477959
9492.88,0.0537649
9493.72,0.0609787
9494.56,0.0698379
9495.41,0.0809552
9496.25,0.0952455
9497.09,0.114295
9497.51,0.126407
9497.93,0.140912
9498.60,0.170589
9498.93,0.189718
9499.26,0.212611
9499.59,0.240395
9499.93,0.274127
9500.26,0.315516
9500.59,0.366115
9500.92,0.428355
9501.26,0.504287
9501.59,0.597069
9501.92,0.709020
9502.09,0.773598
9502.25,0.843755
9502.42,0.920204
9502.59,1.00327
9502.75,1.09379
9502.92,1.19096
9503.09,1.29547
9503.25,1.40748
9503.52,1.60274
9503.78,1.81723
9504.05,2.05018
9504.32,2.30008
9504.58,2.56466
9504.85,2.84085
9505.38,3.41074
9505.64,3.69563
9505.91,3.97260
9506.18,4.23555
9506.44,4.47740
9506.66,4.65707
9506.88,4.81527
9507.09,4.95002
9507.31,5.05886
9507.48,5.12568
9507.66,5.17369
9507.83,5.20286
9508.00,5.21249
9508.05,5.21151
9508.23,5.19549
9508.40,5.16029
9508.57,5.10593
9508.74,5.03369
9508.91,4.94984
9509.07,4.85220
9509.23,4.74055
9509.39,4.61739
9509.68,4.37330
9509.96,4.10210
9510.25,3.81137
9510.53,3.50870
9511.13,2.86532
9511.25,2.73922
9511.43,2.55373
9511.61,2.37362
9511.79,2.19990
9511.97,2.03337
9512.19,1.83628
9512.42,1.65233
9512.64,1.48206
9512.87,1.32566
9513.09,1.18307
9513.32,1.05394
9513.54,0.937743
9513.77,0.834243
9513.99,0.741718
9514.22,0.659792
9514.44,0.587561
9514.67,0.524377
9514.89,0.468780
9515.12,0.420211
9515.34,0.377854
9515.57,0.341107
9515.84,0.303035
9516.11,0.270760
9516.38,0.243350
9516.65,0.220000
9517.19,0.182865
9517.73,0.155175
9518.27,0.133933
9518.80,0.117279
9519.34,0.103856
9519.88,0.0928518
9520.96,0.0758376
9522.04,0.0633401
9523.12,0.0538207
9524.20,0.0463719
9525.88,0.0375996
9527.56,0.0311410
9529.24,0.0262306
9530.91,0.0224106
9532.59,0.0193780
9534.27,0.0169319
9535.95,0.0149309
9537.63,0.0132769
9540.99,0.0107244
9544.34,0.00884596
9547.70,0.00741973
9551.06,0.00631916
9555.14,0.00529048
9559.21,0.00450066
9563.29,0.00388091
9567.37,0.00338651
9571.44,0.00299247
9575.52,0.00266520
9583.68,0.00215212
9591.83,0.00178258
9599.98,0.00150763
9608.14,0.00129748
9616.29,0.00113324
9623.96,0.00100934
9631.64,0.000908687
9646.99,0.000754358
9662.34,0.000642849
9677.68,0.000560233
9693.03,0.000497305
9708.38,0.000448246
9723.73,0.000409434
9754.43,0.000352181
9785.12,0.000312585
9815.82,0.000284167
9877.21,0.000247020
9938.61,0.000224513
10000.0,0.000209861
10137.8,0.000191507
10275.6,0.000182939
10551.3,0.000178186
10809.7,0.000181417
11068.1,0.000189737
11326.5,0.000202783
11584.9,0.000221047
11774.4,0.000238906
11963.8,0.000261420
12153.3,0.000289952
12342.8,0.000326533
12497.9,0.000364889
12652.9,0.000413311
12807.9,0.000475480
12885.5,0.000513233
12963.0,0.000557054
13057.7,0.000620699
13152.5,0.000698197
13247.2,0.000793792
13294.6,0.000850387
13342.0,0.000913654
13380.7,0.000971933
13419.5,0.00103671
13458.2,0.00110883
13497.0,0.00118943
13535.8,0.00127988
13574.5,0.00138183
13613.3,0.00149694
13652.0,0.00162904
13699.4,0.00181781
13746.8,0.00204366
13770.5,0.00217322
13794.2,0.00231664
13841.5,0.00265116
13881.4,0.00300014
13921.2,0.00341403
13941.1,0.00365744
13961.1,0.00392838
13971.0,0.00407533
13981.0,0.00423156
13990.9,0.00439715
13995.9,0.00448345
14000.9,0.00457215
14006.8,0.00468184
14012.7,0.00479542
14018.7,0.00491326
14024.6,0.00503557
14030.5,0.00516280
14036.4,0.00529476
14042.3,0.00543192
14048.3,0.00557455
14051.9,0.00566509
14055.5,0.00575763
14059.2,0.00585274
14062.8,0.00594995
14066.4,0.00604984
14068.3,0.00610075
14070.1,0.00615204
14071.9,0.00620429
14073.7,0.00625721
14075.5,0.00631082
14077.3,0.00636484
14078.4,0.00639740
14079.5,0.00642992
14080.6,0.00646299
14081.6,0.00649601
14082.5,0.00652337
14083.4,0.00655058
14084.3,0.00657828
14085.1,0.00660584
14086.0,0.00663390
14086.9,0.00666181
14088.6,0.00671851
14090.4,0.00677594
14092.1,0.00683412
14093.9,0.00689306
14095.6,0.00695242
14097.9,0.00703172
14100.2,0.00711241
14102.5,0.00719454
14104.8,0.00727778
14109.4,0.00744936
14113.9,0.00762660
14118.5,0.00781067
14120.8,0.00790522
14123.1,0.00800107
14125.4,0.00809910
14127.7,0.00819891
14130.0,0.00830051
14132.2,0.00840356
14135.2,0.00854079
14138.2,0.00868100
14141.1,0.00882471
14144.1,0.00897202
14147.0,0.00912304
14150.0,0.00927791
14153.0,0.00943675
14155.9,0.00959969
14158.9,0.00976746
14161.9,0.00993906
14164.8,0.0101152
14167.8,0.0102961
14170.7,0.0104824
14173.7,0.0106732
14176.7,0.0108692
14179.6,0.0110707
14183.1,0.0113161
14186.6,0.0115697
14190.1,0.0118319
14193.6,0.0121023
14197.1,0.0123830
14200.6,0.0126736
14204.1,0.0129743
14207.6,0.0132846
14210.6,0.0135574
14213.5,0.0138375
14216.5,0.0141264
14219.5,0.0144242
14222.4,0.0147314
14225.4,0.0150484
14228.3,0.0153755
14231.3,0.0157132
14234.3,0.0160620
14237.2,0.0164223
14240.2,0.0167946
14243.1,0.0171795
14246.1,0.0175774
14249.1,0.0179890
14252.0,0.0184149
14255.0,0.0188557
14257.9,0.0193137
14260.9,0.0197865
14263.9,0.0202764
14266.8,0.0207842
14269.8,0.0213107
14272.7,0.0218569
14275.7,0.0224236
14278.7,0.0230118
14281.6,0.0236248
14284.6,0.0242596
14287.6,0.0249192
14290.5,0.0256051
14293.5,0.0263184
14296.4,0.0270607
14299.4,0.0278334
14302.4,0.0286381
14305.3,0.0294794
14308.3,0.0303533
14311.2,0.0312647
14314.2,0.0322154
14317.2,0.0332076
14320.1,0.0342435
14323.1,0.0353257
14326.0,0.0364565
14329.0,0.0376387
14332.0,0.0388753
14334.9,0.0401692
14337.9,0.0415237
14340.8,0.0429421
14343.8,0.0444282
14346.8,0.0459858
14349.7,0.0476189
14352.7,0.0493378
14355.7,0.0511354
14358.6,0.0530222
14361.6,0.0550032
14364.5,0.0570837
14367.5,0.0592691
14370.5,0.0615653
14373.4,0.0639782
14376.4,0.0665140
14379.3,0.0691790
14382.3,0.0719797
14385.3,0.0749227
14388.2,0.0780145
14391.2,0.0812617
14394.1,0.0846705
14397.1,0.0882469
14400.1,0.0920483
14403.1,0.0960190
14406.1,0.100189
14409.1,0.104535
14412.1,0.109085
14415.1,0.113808
14418.1,0.118732
14421.1,0.123818
14424.1,0.129090
14427.0,0.134498
14430.0,0.140060
14433.0,0.145713
14439.0,0.157240
14445.0,0.168736
14449.4,0.176906
14453.8,0.184623
14458.1,0.191702
14462.5,0.197877
14466.9,0.202954
14471.3,0.206706
14475.6,0.208993
14480.0,0.209701
14483.3,0.209175
14486.6,0.207757
14489.9,0.205483
14493.1,0.202408
14496.4,0.198592
14499.7,0.194143
14503.0,0.189144
14506.3,0.183692
14509.5,0.177885
14512.8,0.171818
14519.4,0.159245
14526.0,0.146590
14532.5,0.134239
14539.1,0.122526
14545.6,0.111656
14552.8,0.100771
14560.0,0.0909695
14567.2,0.0822149
14574.4,0.0744333
14581.6,0.0675331
14588.8,0.0614204
14596.0,0.0560041
14603.2,0.0511994
14610.6,0.0468640
14617.9,0.0430118
14625.2,0.0395808
14632.5,0.0365176
14639.8,0.0337754
14647.2,0.0313139
14654.5,0.0290987
14661.8,0.0271024
14669.1,0.0252938
14676.4,0.0236533
14683.7,0.0221618
14691.1,0.0208042
14698.4,0.0195622
14705.7,0.0184251
14713.0,0.0173818
14720.3,0.0164238
14731.0,0.0151608
14741.6,0.0140364
14752.3,0.0130321
14762.9,0.0121312
14773.6,0.0113164
14784.2,0.0105808
14794.8,0.00991329
14805.5,0.00930710
14820.1,0.00856007
14834.8,0.00789824
14849.4,0.00731002
14864.0,0.00678619
14878.7,0.00631561
14893.3,0.00589324
14907.9,0.00551184
14922.6,0.00516633
14937.2,0.00485288
14951.9,0.00456709
14981.1,0.00406756
15010.4,0.00364666
15039.7,0.00328936
15068.9,0.00298447
15098.2,0.00271942
15127.5,0.00248905
15156.8,0.00228888
15186.0,0.00211161
15215.3,0.00195580
15244.6,0.00181746
15273.8,0.00169351
15332.4,0.00148382
15390.9,0.00131326
15449.5,0.00117264
15508.0,0.00105560
15558.6,0.000969850
15609.1,0.000895621
15659.7,0.000830592
15710.3,0.000773997
15811.4,0.000679660
15912.5,0.000604969
16029.6,0.000537352
16146.7,0.000484304
16263.8,0.000442180
16380.9,0.000408486
16492.6,0.000382749
16604.4,0.000361535
16827.9,0.000330449
17051.5,0.000310357
17275.0,0.000298268
17615.6,0.000291780
18084.0,0.000301157
18552.4,0.000329516
18807.8,0.000353806
19063.3,0.000385543
19318.8,0.000426424
19574.2,0.000478960
19787.1,0.000534612
20000.0,0.000603742
20187.3,0.000680274
20374.5,0.000775784
20561.7,0.000896773
20749.0,0.00105303
20863.4,0.00117309
20977.8,0.00131737
21092.3,0.00149269
21206.7,0.00170879
21310.7,0.00195379
21414.7,0.00225772
21518.8,0.00264694
21622.8,0.00314843
21680.0,0.00349274
21737.2,0.00389952
21794.4,0.00438450
21851.6,0.00496953
21908.8,0.00568585
21966.1,0.00657474
22023.3,0.00769469
22051.9,0.00836942
22080.5,0.00913527
22116.9,0.0102819
22153.3,0.0116551
22189.7,0.0133356
22226.1,0.0154134
22254.7,0.0174123
22283.3,0.0198320
22297.6,0.0212373
22311.9,0.0227985
22326.2,0.0245397
22340.5,0.0264887
22353.6,0.0284736
22366.6,0.0306895
22379.6,0.0331743
22392.6,0.0359749
22405.6,0.0391513
22418.6,0.0427642
22431.6,0.0468823
22444.6,0.0516683
22453.0,0.0551731
22461.5,0.0590429
22469.9,0.0633295
22478.4,0.0680551
22486.8,0.0733716
22491.1,0.0762704
22495.3,0.0793358
22499.5,0.0825959
22503.7,0.0860477
22508.0,0.0897220
22512.2,0.0936278
22515.1,0.0964939
22518.0,0.0994830
22521.0,0.102623
22523.9,0.105900
22526.8,0.109347
22529.7,0.112948
22531.2,0.114828
22532.7,0.116741
22534.1,0.118702
22535.6,0.120712
22536.9,0.122559
22538.2,0.124434
22539.5,0.126351
22540.1,0.127327
22540.8,0.128313
22541.9,0.130071
22543.1,0.131865
22544.2,0.133695
22545.3,0.135547
22546.5,0.137454
22547.6,0.139401
22548.8,0.141389
22549.9,0.143401
22551.0,0.145474
22552.2,0.147592
22554.4,0.151947
22556.7,0.156515
22559.0,0.161266
22561.3,0.166250
22563.5,0.171438
22565.8,0.176891
22568.1,0.182576
22569.9,0.187251
22571.7,0.192105
22573.5,0.197145
22575.3,0.202381
22577.0,0.207822
22578.8,0.213479
22580.6,0.219364
22582.4,0.225453
22584.2,0.231826
22586.0,0.238465
22587.8,0.245383
22589.6,0.252554
22591.3,0.260076
22593.1,0.267925
22594.9,0.276121
22596.7,0.284634
22598.5,0.293581
22600.3,0.302937
22602.1,0.312726
22603.9,0.322916
22605.6,0.333648
22607.4,0.344896
22609.2,0.356690
22611.0,0.368995
22612.8,0.381982
22614.6,0.395625
22616.4,0.409963
22618.2,0.424954
22619.9,0.440815
22621.7,0.457513
22623.5,0.475102
22625.3,0.493534
22627.1,0.513077
22628.9,0.533697
22630.7,0.555463
22632.5,0.578319
22634.2,0.602601
22636.0,0.628267
22637.8,0.655408
22639.6,0.683953
22641.4,0.714321
22643.2,0.746458
22645.0,0.780473
22646.8,0.816269
22648.5,0.854360
22650.3,0.894665
22652.1,0.937298
22653.9,0.982108
22655.6,1.02779
22657.3,1.07591
22659.1,1.12653
22660.8,1.17938
22662.5,1.23513
22664.2,1.29313
22665.9,1.35405
22667.6,1.41708
22669.1,1.47238
22670.5,1.52886
22672.0,1.58714
22673.4,1.64625
22674.9,1.70676
22676.3,1.76758
22679.2,1.89048
22682.1,2.01177
22685.0,2.12748
22687.9,2.23299
22690.8,2.32337
22693.1,2.38170
22695.4,2.42480
22697.7,2.45125
22700.0,2.45994
22702.3,2.45045
22704.6,2.42323
22706.9,2.37941
22709.3,2.32073
22711.0,2.26802
22712.7,2.20951
22714.5,2.14561
22716.2,2.07813
22717.9,2.00734
22719.7,1.93504
22723.1,1.78768
22726.6,1.64178
22730.1,1.50150
22733.5,1.36974
22737.0,1.24834
22739.5,1.16589
22742.1,1.08909
22744.6,1.01780
22747.2,0.952041
22749.7,0.891000
22752.2,0.834636
22754.8,0.782626
22757.3,0.734828
22759.8,0.690549
22762.4,0.649685
22764.9,0.611952
22767.5,0.577219
22770.0,0.544967
22772.5,0.515228
22775.1,0.487566
22777.6,0.462021
22779.9,0.440308
22782.2,0.420001
22784.5,0.400976
22786.8,0.383198
22789.1,0.366427
22791.4,0.350733
22796.0,0.322024
22800.7,0.296552
22805.3,0.273870
22809.9,0.253604
22814.5,0.235433
22819.6,0.217517
22824.6,0.201545
22829.7,0.187226
22834.8,0.174346
22839.9,0.162700
22844.9,0.152180
22850.0,0.142630
22855.1,0.133937
22860.6,0.125301
22866.1,0.117476
22871.7,0.110340
22877.2,0.103838
22882.7,0.0978772
22888.3,0.0924251
22899.3,0.0828067
22909.5,0.0752112
22919.6,0.0686131
22929.8,0.0628363
22939.9,0.0577608
22950.1,0.0532696
22960.2,0.0492848
22970.4,0.0457298
22980.5,0.0425454
22990.6,0.0396796
23000.8,0.0370938
23021.1,0.0326292
23041.4,0.0289263
23061.7,0.0258219
23076.4,0.0238688
23091.2,0.0221306
23105.9,0.0205807
23120.7,0.0191906
23150.2,0.0167992
23179.7,0.0148338
23200.0,0.0136799
23220.3,0.0126568
23260.9,0.0109349
23301.5,0.00954912
23342.0,0.00841880
23390.0,0.00733358
23438.0,0.00645474
23485.9,0.00573738
23533.9,0.00513600
23615.0,0.00433483
23696.2,0.00372662
23777.4,0.00325576
23858.5,0.00288671
23939.7,0.00259513
24020.8,0.00236243
24102.0,0.00217609
24183.2,0.00202747
24308.6,0.00185895
24434.0,0.00174704
24559.5,0.00168381
24684.9,0.00166443
24817.7,0.00169134
24950.5,0.00176905
25083.3,0.00190578
25216.1,0.00211734
25297.3,0.00229618
25378.5,0.00252309
25459.6,0.00281110
25540.8,0.00317964
25610.9,0.00358609
25681.0,0.00409877
25751.1,0.00475766
25821.2,0.00561938
25861.7,0.00624627
25902.3,0.00699605
25942.9,0.00790174
25983.5,0.00900956
26024.1,0.0103851
26064.6,0.0121193
26084.9,0.0131590
26105.2,0.0143459
26125.5,0.0157057
26145.8,0.0172708
26167.9,0.0192627
26190.1,0.0216359
26212.2,0.0244860
26223.3,0.0261301
26234.3,0.0279458
26244.5,0.0297857
26254.6,0.0318131
26264.8,0.0340587
26274.9,0.0365497
26285.1,0.0393288
26295.2,0.0424354
26305.4,0.0459298
26315.5,0.0498708
26323.8,0.0534869
26332.1,0.0575105
26340.4,0.0620049
26348.7,0.0670454
26357.0,0.0727230
26365.3,0.0791339
26369.5,0.0826477
26373.6,0.0864091
26377.8,0.0904396
26381.9,0.0947577
26385.8,0.0991239
26389.7,0.103795
26393.7,0.108800
26397.6,0.114169
26401.5,0.119936
26403.5,0.122980
26405.4,0.126139
26407.4,0.129420
26409.3,0.132829
26411.3,0.136373
26413.3,0.140059
26414.4,0.142311
26415.6,0.144596
26416.7,0.146935
26417.9,0.149331
26418.7,0.151183
26419.6,0.153046
26420.5,0.154966
26421.3,0.156898
26423.1,0.160895
26424.8,0.165044
26426.5,0.169350
26428.3,0.173823
26430.0,0.178470
26431.7,0.183301
26433.0,0.186969
26434.3,0.190745
26435.5,0.194633
26436.8,0.198638
26438.1,0.202763
26439.3,0.207015
26440.6,0.211397
26441.9,0.215879
26443.1,0.220537
26444.4,0.225342
26445.7,0.230300
26446.9,0.235376
26448.2,0.240657
26449.5,0.246110
26450.7,0.251743
26452.0,0.257516
26453.4,0.264107
26454.8,0.270893
26456.2,0.277933
26457.5,0.285238
26458.9,0.292877
26460.3,0.300754
26461.7,0.308937
26463.1,0.317441
26464.3,0.325564
26465.6,0.333984
26466.9,0.342716
26468.1,0.351774
26469.4,0.361172
26470.7,0.370927
26472.0,0.381055
26473.2,0.391490
26474.5,0.402416
26475.8,0.413770
26477.0,0.425573
26478.3,0.437749
26479.6,0.450512
26480.8,0.463792
26482.1,0.477614
26483.4,0.491888
26484.6,0.506868
26485.9,0.522471
26487.2,0.538727
26488.4,0.555668
26489.7,0.573326
26491.0,0.591735
26492.2,0.610930
26493.5,0.630786
26494.8,0.651656
26496.0,0.673425
26497.3,0.696132
26498.6,0.719627
26499.8,0.744325
26501.1,0.770086
26502.4,0.796950
26503.6,0.824736
26505.3,0.863133
26507.0,0.903643
26508.6,0.946344
26510.3,0.991298
26511.9,1.03855
26513.6,1.08815
26515.3,1.14009
26516.9,1.19404
26518.0,1.23161
26519.1,1.26982
26520.2,1.30934
26521.3,1.34939
26523.5,1.43227
26525.7,1.51739
26528.0,1.60458
26530.2,1.69185
26532.4,1.77848
26534.6,1.86193
26536.5,1.93128
26538.4,1.99550
26540.4,2.05310
26542.3,2.10260
26544.2,2.14266
26546.1,2.17212
26548.1,2.19007
26550.0,2.19597
26552.2,2.18768
26554.4,2.16369
26556.6,2.12496
26558.8,2.07327
26560.5,2.02673
26562.1,1.97504
26563.8,1.91851
26565.5,1.85876
26567.1,1.79600
26568.8,1.73184
26572.1,1.60084
26575.4,1.47089
26578.7,1.34578
26582.0,1.22806
26585.3,1.11948
26587.6,1.04929
26589.9,0.983895
26592.2,0.922647
26594.5,0.865912
26596.8,0.812989
26599.1,0.764107
26601.4,0.718787
26603.7,0.676785
26606.4,0.631039
26609.1,0.589224
26611.8,0.550986
26614.5,0.516000
26617.2,0.483964
26619.9,0.454587
26622.6,0.427592
26625.3,0.402830
26627.6,0.383267
26629.9,0.365076
26634.5,0.332093
26639.1,0.303165
26643.7,0.277745
26648.3,0.255218
26652.8,0.235266
26657.4,0.217451
26662.0,0.201557
26666.6,0.187265
26671.2,0.174429
26675.8,0.162813
26680.4,0.152315
26684.9,0.142760
26689.5,0.134078
26694.1,0.126150
26698.7,0.118893
26704.5,0.110500
26710.4,0.102953
26716.2,0.0961430
26722.0,0.0899963
26727.9,0.0844203
26733.7,0.0793389
26745.4,0.0704268
26754.5,0.0644284
26763.7,0.0591596
26772.9,0.0545079
26782.1,0.0503810
26791.2,0.0467035
26800.4,0.0434129
26818.7,0.0377921
26837.1,0.0331916
26855.4,0.0293836
26873.8,0.0261948
26892.1,0.0234984
26908.8,0.0214012
26925.5,0.0195686
26942.1,0.0179591
26958.8,0.0165406
26992.1,0.0141686
27025.5,0.0122733
27062.2,0.0105992
27098.9,0.00924794
27135.5,0.00814101
27172.2,0.00722325
27218.9,0.00626580
27265.6,0.00548860
27312.3,0.00485147
27359.0,0.00431787
27432.3,0.00364552
27505.7,0.00312099
27579.0,0.00270337
27652.4,0.00236590
27725.8,0.00208965
27799.1,0.00186018
27945.9,0.00150363
28085.9,0.00125369
28226.0,0.00106288
28366.0,0.000913662
28506.1,0.000794422
28652.8,0.000694114
28799.5,0.000612237
28946.3,0.000544445
29093.0,0.000487701
29319.7,0.000417031
29546.5,0.000360824
29773.2,0.000315616
29886.6,0.000296247
29943.3,0.000287408
29971.7,0.000283039
29978.7,0.000281969
29982.3,0.000282383
29984.1,0.000286269
29984.9,0.000292133
29985.8,0.000303891
29986.7,0.000326916
29987.6,0.000369722
29988.1,0.000402990
29988.5,0.000445973
29988.9,0.000502019
29989.4,0.000574352
29989.8,0.000669127
29990.3,0.000786596
29990.7,0.000933608
29991.1,0.00111573
29991.6,0.00134468
29992.0,0.00161698
29992.5,0.00194412
29992.9,0.00233319
29993.4,0.00280252
29993.8,0.00333814
29994.2,0.00395595
29994.7,0.00466134
29995.6,0.00637208
29996.5,0.00844778
29997.3,0.0109206
29998.2,0.0136856
30000.0,0.0198483
30000.0,0.0394874
32500.0,0.0373348
35000.0,0.0354465
37500.0,0.0338405
40000.0,0.0324042
42500.0,0.0311994
45000.0,0.0301046
47500.0,0.0291044
50000.0,0.0281862
52500.0,0.0274216
55000.0,0.0267118
60000.0,0.0254332
65000.0,0.0245696
70000.0,0.0237961
75000.0,0.0231039
80000.0,0.0224747
90000.0,0.0215371
99999.9,0.0207316
100000,0.0206891
112500,0.0201027
125000,0.0195922
137500,0.0191415
150000,0.0187392
175000,0.0184262
200000,0.0181593
250000,0.0180726
300000,0.0181507
350000,0.0182972
400000,0.0184251
450000,0.0185386
500000,0.0186408
540716,0.0188650
581432,0.0190753
662863,0.0194610
665184,0.0188284
667505,0.0182185
672147,0.0170631
676789,0.0159882
681432,0.0149877
686074,0.0140559
690716,0.0131878
695358,0.0123786
700000,0.0116239
712500,0.0112208
725000,0.0108384
737500,0.0104751
750000,0.0101299
775000,0.00948877
800000,0.00890668
825000,0.00872008
850000,0.00854278
900000,0.00821331
950000,0.00812697
1.00000E+06,0.00804590
1.06250E+06,0.00822398
1.12500E+06,0.00839549
1.18750E+06,0.00856101
1.25000E+06,0.00872106
1.34374E+06,0.00916801
1.43748E+06,0.00960542
1.43749E+06,0.00960544
1.44139E+06,0.00961706
1.44530E+06,0.00962866
1.45312E+06,0.00965181
1.46874E+06,0.00969790
1.48437E+06,0.00974373
1.50000E+06,0.00978928
1.53125E+06,0.00995983
1.56250E+06,0.0101298
1.59375E+06,0.0102993
1.62500E+06,0.0104682
1.65625E+06,0.0106365
1.68750E+06,0.0108044
1.75000E+06,0.0111386
1.75252E+06,0.0111552
1.75677E+06,0.0109811
1.76057E+06,0.0109261
1.76437E+06,0.0108715
1.77197E+06,0.0107634
1.78717E+06,0.0105519
1.80238E+06,0.0103463
1.81758E+06,0.0101463
1.84798E+06,0.00976265
1.87839E+06,0.00939942
1.90879E+06,0.00905520
1.93919E+06,0.00872874
1.96960E+06,0.00841885
2.00000E+06,0.00812447
2.09772E+06,0.00836412
2.19543E+06,0.00859945
2.29315E+06,0.00883073
2.39086E+06,0.00905818
2.48654E+06,0.00927740
2.58221E+06,0.00949334
2.58764E+06,0.00950540
2.59307E+06,0.00951746
2.60394E+06,0.00954153
2.62566E+06,0.00958956
2.64739E+06,0.00963744
2.66912E+06,0.00968516
2.71257E+06,0.00978014
2.75603E+06,0.00987452
2.79948E+06,0.00996832
2.84293E+06,0.0100615
2.88639E+06,0.0101542
2.92984E+06,0.0102463
2.93861E+06,0.0102190
2.94738E+06,0.0101919
2.96492E+06,0.0101381
3.00000E+06,0.0100323
3.02606E+06,0.0100174
3.05212E+06,0.0100027
3.05213E+06,0.0100027
3.05953E+06,0.00996695
3.06694E+06,0.00993144
3.08175E+06,0.00986105
3.11136E+06,0.00972277
3.14098E+06,0.00958769
3.17061E+06,0.00945573
3.22985E+06,0.00920077
3.28909E+06,0.00895714
3.34833E+06,0.00872413
3.40758E+06,0.00850112
3.46682E+06,0.00828750
3.52606E+06,0.00808274
3.64455E+06,0.00769778
3.76303E+06,0.00734261
3.88152E+06,0.00701409
4.00000E+06,0.00670950
4.00781E+06,0.00667725
4.01563E+06,0.00664522
4.02344E+06,0.00661340
4.03125E+06,0.00658181
4.03906E+06,0.00655041
4.04688E+06,0.00651924
4.05469E+06,0.00648826
4.06250E+06,0.00645750
4.07031E+06,0.00642694
4.07813E+06,0.00639658
4.08594E+06,0.00636642
4.09375E+06,0.00633646
4.10156E+06,0.00630670
4.10938E+06,0.00627714
4.11719E+06,0.00624777
4.12500E+06,0.00621859
4.13281E+06,0.00618961
4.14063E+06,0.00616081
4.14844E+06,0.00613220
4.15625E+06,0.00610378
4.16406E+06,0.00607554
4.17188E+06,0.00604749
4.17969E+06,0.00601962
4.18750E+06,0.00599192
4.19531E+06,0.00596441
4.20313E+06,0.00593707
4.21094E+06,0.00590991
4.21875E+06,0.00588293
4.22656E+06,0.00585611
4.23438E+06,0.00582947
4.24219E+06,0.00580300
4.25000E+06,0.00577669
4.25781E+06,0.00575056
4.26563E+06,0.00572459
4.27344E+06,0.00569878
4.28125E+06,0.00567314
4.28906E+06,0.00564765
4.29688E+06,0.00562234
4.30469E+06,0.00559717
4.31250E+06,0.00557217
4.32031E+06,0.00554732
4.32813E+06,0.00552263
4.33594E+06,0.00549809
4.34375E+06,0.00547371
4.35156E+06,0.00544948
4.35938E+06,0.00542539
4.36719E+06,0.00540146
4.37500E+06,0.00537768
4.38281E+06,0.00535404
4.39063E+06,0.00533055
4.39844E+06,0.00530720
4.40625E+06,0.00528399
4.41406E+06,0.00526093
4.42188E+06,0.00523801
4.42969E+06,0.00521523
4.43750E+06,0.00519259
4.44531E+06,0.00517008
4.45313E+06,0.00514772
4.46094E+06,0.00512548
4.46875E+06,0.00510339
4.47656E+06,0.00508142
4.48438E+06,0.00505959
4.49219E+06,0.00503789
4.50000E+06,0.00501632
4.50781E+06,0.00499488
4.51563E+06,0.00497357
4.52344E+06,0.00495239
4.53125E+06,0.00493133
4.53906E+06,0.00491040
4.54688E+06,0.00488960
4.55469E+06,0.00486891
4.56250E+06,0.00484835
4.57031E+06,0.00482791
4.57813E+06,0.00480760
4.58594E+06,0.00478740
4.59375E+06,0.00476732
4.60156E+06,0.00474736
4.60938E+06,0.00472752
4.61719E+06,0.00470779
4.62500E+06,0.00468818
4.63281E+06,0.00466868
4.64063E+06,0.00464930
4.64844E+06,0.00463003
4.65625E+06,0.00461087
4.66406E+06,0.00459182
4.67188E+06,0.00457289
4.67969E+06,0.00455406
4.68750E+06,0.00453534
4.69531E+06,0.00451673
4.70313E+06,0.00449823
4.71094E+06,0.00447983
4.71875E+06,0.00446154
4.72656E+06,0.00444335
4.73438E+06,0.00442527
4.74219E+06,0.00440729
4.75000E+06,0.00438942
4.75781E+06,0.00437164
4.76563E+06,0.00435397
4.77344E+06,0.00433639
4.78125E+06,0.00431892
4.78906E+06,0.00430154
4.79688E+06,0.00428426
4.80469E+06,0.00426708
4.81250E+06,0.00425000
4.82031E+06,0.00423301
4.82813E+06,0.00421612
4.83594E+06,0.00419932
4.84375E+06,0.00418262
4.85156E+06,0.00416600
4.85938E+06,0.00414949
4.86719E+06,0.00413306
4.87500E+06,0.00411672
4.88281E+06,0.00410048
4.89063E+06,0.00408433
4.89844E+06,0.00406826
4.90625E+06,0.00405228
4.91406E+06,0.00403639
4.92188E+06,0.00402059
4.92969E+06,0.00400488
4.93750E+06,0.00398925
4.94531E+06,0.00397371
4.95313E+06,0.00395825
4.96094E+06,0.00394287
4.96875E+06,0.00392758
4.97656E+06,0.00391238
4.98438E+06,0.00389725
4.99219E+06,0.00388221
5.00000E+06,0.00386725
5.00781E+06,0.00384960
5.01563E+06,0.00383206
5.02344E+06,0.00381462
5.03125E+06,0.00379729
5.03906E+06,0.00378007
5.04688E+06,0.00376295
5.05469E+06,0.00374594
5.06250E+06,0.00372903
5.07031E+06,0.00371222
5.07813E+06,0.00369551
5.08594E+06,0.00367890
5.09375E+06,0.00366239
5.10156E+06,0.00364598
5.10938E+06,0.00362968
5.11719E+06,0.00361346
5.12500E+06,0.00359735
5.13281E+06,0.00358133
5.14063E+06,0.00356541
5.14844E+06,0.00354958
5.15625E+06,0.00353384
5.16406E+06,0.00351820
5.17188E+06,0.00350265
5.17969E+06,0.00348720
5.18750E+06,0.00347183
5.19531E+06,0.00345656
5.20313E+06,0.00344137
5.21094E+06,0.00342628
5.21875E+06,0.00341127
5.22656E+06,0.00339635
5.23438E+06,0.00338152
5.24219E+06,0.00336678
5.25000E+06,0.00335212
5.25781E+06,0.00333755
5.26563E+06,0.00332306
5.27344E+06,0.00330866
5.28125E+06,0.00329434
5.28906E+06,0.00328010
5.29688E+06,0.00326595
5.30469E+06,0.00325187
5.31250E+06,0.00323788
5.32031E+06,0.00322397
5.32813E+06,0.00321014
5.33594E+06,0.00319639
5.34375E+06,0.00318272
5.35156E+06,0.00316912
5.35938E+06,0.00315561
5.36719E+06,0.00314217
5.37500E+06,0.00312881
5.38281E+06,0.00311552
5.39063E+06,0.00310231
5.39844E+06,0.00308917
5.40625E+06,0.00307611
5.41406E+06,0.00306312
5.42188E+06,0.00305021
5.42969E+06,0.00303737
5.43750E+06,0.00302460
5.44531E+06,0.00301191
5.45313E+06,0.00299928
5.46094E+06,0.00298673
5.46875E+06,0.00297424
5.47656E+06,0.00296183
5.48438E+06,0.00294948
5.49219E+06,0.00293721
5.50000E+06,0.00292500
5.50781E+06,0.00291286
5.51563E+06,0.00290079
5.52344E+06,0.00288878
5.53125E+06,0.00287685
5.53906E+06,0.00286497
5.54688E+06,0.00285317
5.55469E+06,0.00284143
5.56250E+06,0.00282975
5.57031E+06,0.00281814
5.57813E+06,0.00280659
5.58594E+06,0.00279510
5.59375E+06,0.00278368
5.60156E+06,0.00277232
5.60938E+06,0.00276102
5.61719E+06,0.00274979
5.62500E+06,0.00273861
5.63281E+06,0.00272750
5.64063E+06,0.00271645
5.64844E+06,0.00270545
5.65625E+06,0.00269452
5.66406E+06,0.00268364
5.67188E+06,0.00267283
5.67969E+06,0.00266207
5.68750E+06,0.00265137
5.69531E+06,0.00264073
5.70313E+06,0.00263014
5.71094E+06,0.00261962
5.71875E+06,0.00260914
5.72656E+06,0.00259873
5.73438E+06,0.00258837
5.74219E+06,0.00257806
5.75000E+06,0.00256782
5.75781E+06,0.00255762
5.76563E+06,0.00254748
5.77344E+06,0.00253739
5.78125E+06,0.00252736
5.78906E+06,0.00251738
5.79688E+06,0.00250745
5.80469E+06,0.00249758
5.81250E+06,0.00248776
5.82031E+06,0.00247798
5.82813E+06,0.00246826
5.83594E+06,0.00245860
5.84375E+06,0.00244898
5.85156E+06,0.00243941
5.85938E+06,0.00242989
5.86719E+06,0.00242043
5.87500E+06,0.00241101
5.88281E+06,0.00240164
5.89063E+06,0.00239232
5.89844E+06,0.00238305
5.90625E+06,0.00237382
5.91406E+06,0.00236465
5.92188E+06,0.00235552
5.92969E+06,0.00234644
5.93750E+06,0.00233740
5.94531E+06,0.00232841
5.95313E+06,0.00231947
5.96094E+06,0.00231058
5.96875E+06,0.00230173
5.97656E+06,0.00229292
5.98438E+06,0.00228416
5.99219E+06,0.00227545
6.00000E+06,0.00226678
6.01086E+06,0.00225214
6.02172E+06,0.00223763
6.03258E+06,0.00222323
6.04344E+06,0.00220895
6.05429E+06,0.00219479
6.06515E+06,0.00218074
6.07601E+06,0.00216681
6.08687E+06,0.00215299
6.09773E+06,0.00213929
6.10859E+06,0.00212570
6.11945E+06,0.00211221
6.13031E+06,0.00209884
6.14116E+06,0.00208557
6.15202E+06,0.00207241
6.16288E+06,0.00205936
6.17374E+06,0.00204641
6.18460E+06,0.00203357
6.19546E+06,0.00202083
6.20632E+06,0.00200819
6.21718E+06,0.00199565
6.22803E+06,0.00198321
6.23889E+06,0.00197087
6.24975E+06,0.00195863
6.26061E+06,0.00194649
6.27147E+06,0.00193444
6.28233E+06,0.00192249
6.29319E+06,0.00191063
6.30405E+06,0.00189887
6.31490E+06,0.00188719
6.32576E+06,0.00187561
6.33662E+06,0.00186412
6.34748E+06,0.00185272
6.35834E+06,0.00184141
6.36920E+06,0.00183019
6.38006E+06,0.00181905
6.39092E+06,0.00180800
6.40177E+06,0.00179704
6.41263E+06,0.00178616
6.42349E+06,0.00177537
6.43435E+06,0.00176466
6.44521E+06,0.00175403
6.45607E+06,0.00174348
6.46693E+06,0.00173301
6.47779E+06,0.00172263
6.48864E+06,0.00171232
6.49950E+06,0.00170209
6.51036E+06,0.00169194
6.52122E+06,0.00168187
6.53208E+06,0.00167188
6.54294E+06,0.00166196
6.55380E+06,0.00165211
6.56466E+06,0.00164234
6.57551E+06,0.00163265
6.58637E+06,0.00162302
6.59723E+06,0.00161347
6.60809E+06,0.00160399
6.61895E+06,0.00159459
6.62981E+06,0.00158525
6.64067E+06,0.00157598
6.65153E+06,0.00156678
6.66238E+06,0.00155765
6.67324E+06,0.00154859
6.68410E+06,0.00153960
6.69496E+06,0.00153067
6.70449E+06,0.00152288
6.71403E+06,0.00151515
6.72356E+06,0.00150747
6.73309E+06,0.00149984
6.74262E+06,0.00149225
6.75216E+06,0.00148472
6.76169E+06,0.00147723
6.77122E+06,0.00146980
6.78075E+06,0.00146241
6.79029E+06,0.00145507
6.79982E+06,0.00144777
6.80935E+06,0.00144052
6.81888E+06,0.00143332
6.82842E+06,0.00142616
6.83795E+06,0.00141905
6.84748E+06,0.00141199
6.85701E+06,0.00140497
6.86655E+06,0.00139799
6.87608E+06,0.00139106
6.88561E+06,0.00138418
6.89514E+06,0.00137733
6.90468E+06,0.00137053
6.91421E+06,0.00136377
6.92374E+06,0.00135706
6.93327E+06,0.00135038
6.94281E+06,0.00134375
6.95234E+06,0.00133716
6.96187E+06,0.00133062
6.97140E+06,0.00132411
6.98094E+06,0.00131764
6.99047E+06,0.00131122
7.00000E+06,0.00130483
7.01563E+06,0.00129280
7.03125E+06,0.00128091
7.04688E+06,0.00126915
7.06250E+06,0.00125753
7.07813E+06,0.00124604
7.09375E+06,0.00123467
7.10938E+06,0.00122344
7.12500E+06,0.00121233
7.14063E+06,0.00120135
7.15625E+06,0.00119049
7.17188E+06,0.00117976
7.18750E+06,0.00116914
7.20313E+06,0.00115864
7.21875E+06,0.00114826
7.23438E+06,0.00113799
7.25000E+06,0.00112784
7.26563E+06,0.00111779
7.28125E+06,0.00110786
7.29688E+06,0.00109804
7.31250E+06,0.00108833
7.32813E+06,0.00107872
7.34375E+06,0.00106922
7.35938E+06,0.00105982
7.37500E+06,0.00105052
7.39063E+06,0.00104133
7.40625E+06,0.00103223
7.42188E+06,0.00102323
7.43750E+06,0.00101433
7.45313E+06,0.00100553
7.46875E+06,0.000996819
7.48438E+06,0.000988203
7.50000E+06,0.000979679
7.51563E+06,0.000971245
7.53125E+06,0.000962902
7.54688E+06,0.000954648
7.56250E+06,0.000946481
7.57813E+06,0.000938400
7.59375E+06,0.000930405
7.60938E+06,0.000922494
7.62500E+06,0.000914667
7.64063E+06,0.000906922
7.65625E+06,0.000899258
7.67188E+06,0.000891674
7.68750E+06,0.000884170
7.70313E+06,0.000876743
7.71875E+06,0.000869394
7.73438E+06,0.000862121
7.75000E+06,0.000854924
7.76563E+06,0.000847801
7.78125E+06,0.000840751
7.79688E+06,0.000833774
7.81250E+06,0.000826869
7.82813E+06,0.000820034
7.84375E+06,0.000813269
7.85938E+06,0.000806574
7.87500E+06,0.000799947
7.89063E+06,0.000793387
7.90625E+06,0.000786894
7.92188E+06,0.000780466
7.93750E+06,0.000774104
7.95313E+06,0.000767806
7.96875E+06,0.000761571
7.98438E+06,0.000755399
8.00000E+06,0.000749289
8.00546E+06,0.000747096
8.01092E+06,0.000744912
8.01638E+06,0.000742735
8.02184E+06,0.000740567
8.02730E+06,0.000738405
8.03276E+06,0.000736252
8.03822E+06,0.000734107
8.04368E+06,0.000731969
8.04914E+06,0.000729838
8.05460E+06,0.000727716
8.06006E+06,0.000725601
8.06552E+06,0.000723494
8.07098E+06,0.000721394
8.07644E+06,0.000719302
8.08190E+06,0.000717217
8.08736E+06,0.000715140
8.09282E+06,0.000713070
8.09828E+06,0.000711007
8.10374E+06,0.000708952
8.10920E+06,0.000706904
8.11466E+06,0.000704864
8.12012E+06,0.000702830
8.12558E+06,0.000700804
8.13104E+06,0.000698786
8.13651E+06,0.000696773
8.14197E+06,0.000694769
8.14743E+06,0.000692771
8.15289E+06,0.000690781
8.15835E+06,0.000688798
8.16381E+06,0.000686821
8.16927E+06,0.000684852
8.17473E+06,0.000682890
8.18019E+06,0.000680934
8.18565E+06,0.000678985
8.19111E+06,0.000677044
8.19657E+06,0.000675109
8.20203E+06,0.000673181
8.20749E+06,0.000671259
8.21295E+06,0.000669345
8.21841E+06,0.000667437
8.22387E+06,0.000665536
8.22933E+06,0.000663641
8.23479E+06,0.000661754
8.24025E+06,0.000659872
8.24571E+06,0.000657998
8.25117E+06,0.000656130
8.25663E+06,0.000654268
8.26209E+06,0.000652414
8.26755E+06,0.000650565
8.27301E+06,0.000648723
8.27847E+06,0.000646887
8.28393E+06,0.000645058
8.28939E+06,0.000643235
8.29485E+06,0.000641419
8.30031E+06,0.000639609
8.30577E+06,0.000637805
8.31123E+06,0.000636007
8.31669E+06,0.000634216
8.32215E+06,0.000632430
8.32761E+06,0.000630651
8.33307E+06,0.000628879
8.33853E+06,0.000627112
8.34399E+06,0.000625352
8.34945E+06,0.000623597
8.35962E+06,0.000620347
8.36978E+06,0.000617118
8.37995E+06,0.000613909
8.39011E+06,0.000610721
8.40028E+06,0.000607554
8.41044E+06,0.000604406
8.42061E+06,0.000601279
8.43077E+06,0.000598172
8.44093E+06,0.000595084
8.45110E+06,0.000592016
8.46126E+06,0.000588968
8.47143E+06,0.000585938
8.48159E+06,0.000582928
8.49176E+06,0.000579938
8.50192E+06,0.000576965
8.51209E+06,0.000574012
8.52225E+06,0.000571078
8.53242E+06,0.000568162
8.54258E+06,0.000565264
8.55275E+06,0.000562384
8.56291E+06,0.000559522
8.57308E+06,0.000556679
8.58324E+06,0.000553853
8.59341E+06,0.000551045
8.60357E+06,0.000548254
8.61374E+06,0.000545481
8.62390E+06,0.000542725
8.63407E+06,0.000539986
8.64423E+06,0.000537264
8.65440E+06,0.000534559
8.66456E+06,0.000531871
8.67473E+06,0.000529200
8.68489E+06,0.000526545
8.69506E+06,0.000523906
8.70522E+06,0.000521284
8.71539E+06,0.000518678
8.72555E+06,0.000516088
8.73572E+06,0.000513513
8.74588E+06,0.000510955
8.75604E+06,0.000508413
8.76621E+06,0.000505885
8.77637E+06,0.000503374
8.78654E+06,0.000500878
8.79670E+06,0.000498396
8.80687E+06,0.000495931
8.81703E+06,0.000493480
8.82720E+06,0.000491044
8.83736E+06,0.000488623
8.84753E+06,0.000486216
8.85769E+06,0.000483824
8.86786E+06,0.000481447
8.87802E+06,0.000479084
8.88819E+06,0.000476735
8.89835E+06,0.000474401
8.90852E+06,0.000472080
8.91868E+06,0.000469774
8.92885E+06,0.000467482
8.93901E+06,0.000465203
8.94918E+06,0.000462938
8.95934E+06,0.000460686
8.96951E+06,0.000458448
8.97967E+06,0.000456223
8.98984E+06,0.000454012
9.00000E+06,0.000451814
9.02408E+06,0.000446755
9.04816E+06,0.000441766
9.07224E+06,0.000436845
9.09632E+06,0.000431993
9.12039E+06,0.000427206
9.14447E+06,0.000422485
9.16855E+06,0.000417829
9.19263E+06,0.000413236
9.21671E+06,0.000408705
9.24079E+06,0.000404235
9.26487E+06,0.000399826
9.28895E+06,0.000395476
9.31302E+06,0.000391185
9.33710E+06,0.000386951
9.36118E+06,0.000382774
9.38526E+06,0.000378652
9.39796E+06,0.000376501
9.41065E+06,0.000374364
9.42335E+06,0.000372243
9.43605E+06,0.000370137
9.44874E+06,0.000368045
9.46144E+06,0.000365969
9.47413E+06,0.000363906
9.48683E+06,0.000361858
9.50266E+06,0.000359967
9.51848E+06,0.000358089
9.53431E+06,0.000356224
9.55013E+06,0.000354371
9.56596E+06,0.000352531
9.58178E+06,0.000350704
9.59761E+06,0.000348890
9.61344E+06,0.000347087
9.62926E+06,0.000345297
9.64509E+06,0.000343519
9.66091E+06,0.000341753
9.67674E+06,0.000339999
9.69256E+06,0.000338257
9.70839E+06,0.000336527
9.72422E+06,0.000334808
9.74004E+06,0.000333101
9.75629E+06,0.000331784
9.77254E+06,0.000330474
9.78878E+06,0.000329171
9.80503E+06,0.000327876
9.82128E+06,0.000326587
9.83753E+06,0.000325306
9.85377E+06,0.000324032
9.87002E+06,0.000322766
9.88627E+06,0.000321506
9.90252E+06,0.000320253
9.91876E+06,0.000319007
9.93501E+06,0.000317768
9.95126E+06,0.000316536
9.96751E+06,0.000315311
9.98375E+06,0.000314092
1.00000E+07,0.000312880
1.00065E+07,0.000312730
1.00130E+07,0.000312580
1.00194E+07,0.000312429
1.00259E+07,0.000312280
1.00324E+07,0.000312130
1.00389E+07,0.000311981
1.00453E+07,0.000311831
1.00518E+07,0.000311682
1.00636E+07,0.000311410
1.00755E+07,0.000311138
1.00873E+07,0.000310867
1.00991E+07,0.000310597
1.01110E+07,0.000310327
1.01228E+07,0.000310058
1.01346E+07,0.000309789
1.01465E+07,0.000309521
1.01583E+07,0.000309253
1.01701E+07,0.000308986
1.01820E+07,0.000308719
1.01938E+07,0.000308453
1.02056E+07,0.000308187
1.02174E+07,0.000307922
1.02293E+07,0.000307658
1.02411E+07,0.000307394
1.02488E+07,0.000307612
1.02565E+07,0.000307831
1.02643E+07,0.000308049
1.02720E+07,0.000308267
1.02797E+07,0.000308486
1.02874E+07,0.000308704
1.02951E+07,0.000308922
1.03029E+07,0.000309140
1.03106E+07,0.000309358
1.03183E+07,0.000309577
1.03260E+07,0.000309795
1.03337E+07,0.000310013
1.03415E+07,0.000310231
1.03492E+07,0.000310450
1.03569E+07,0.000310668
1.03646E+07,0.000310886
1.03723E+07,0.000311104
1.03800E+07,0.000311322
1.03878E+07,0.000311540
1.03955E+07,0.000311758
1.04032E+07,0.000311977
1.04109E+07,0.000312195
1.04186E+07,0.000312413
1.04264E+07,0.000312631
1.04341E+07,0.000312849
1.04418E+07,0.000313067
1.04495E+07,0.000313285
1.04572E+07,0.000313503
1.04650E+07,0.000313721
1.04727E+07,0.000313939
1.04804E+07,0.000314157
1.04881E+07,0.000314375
1.04961E+07,0.000314992
1.05041E+07,0.000315609
1.05121E+07,0.000316227
1.05201E+07,0.000316846
1.05281E+07,0.000317465
1.05361E+07,0.000318086
1.05441E+07,0.000318707
1.05521E+07,0.000319328
1.05601E+07,0.000319950
1.05681E+07,0.000320574
1.05761E+07,0.000321198
1.05841E+07,0.000321822
1.05921E+07,0.000322448
1.06001E+07,0.000323074
1.06081E+07,0.000323701
1.06161E+07,0.000324328
1.06241E+07,0.000324956
1.06321E+07,0.000325586
1.06401E+07,0.000326216
1.06481E+07,0.000326846
1.06561E+07,0.000327478
1.06641E+07,0.000328110
1.06721E+07,0.000328743
1.06801E+07,0.000329376
1.06881E+07,0.000330010
1.06961E+07,0.000330645
1.07041E+07,0.000331281
1.07121E+07,0.000331917
1.07201E+07,0.000332554
1.07281E+07,0.000333192
1.07361E+07,0.000333831
1.07441E+07,0.000334470
1.07521E+07,0.000335111
1.07601E+07,0.000335752
1.07681E+07,0.000336394
1.07761E+07,0.000337036
1.07841E+07,0.000337680
1.07921E+07,0.000338324
1.08001E+07,0.000338969
1.08080E+07,0.000339613
1.08160E+07,0.000340260
1.08240E+07,0.000340907
1.08320E+07,0.000341555
1.08400E+07,0.000342203
1.08480E+07,0.000342853
1.08560E+07,0.000343503
1.08640E+07,0.000344154
1.08720E+07,0.000344805
1.08800E+07,0.000345457
1.08880E+07,0.000346110
1.08960E+07,0.000346764
1.09040E+07,0.000347419
1.09120E+07,0.000348074
1.09200E+07,0.000348730
1.09280E+07,0.000349387
1.09360E+07,0.000350044
1.09440E+07,0.000350703
1.09520E+07,0.000351362
1.09600E+07,0.000352022
1.09680E+07,0.000352682
1.09760E+07,0.000353343
1.09840E+07,0.000354005
1.09920E+07,0.000354668
1.10000E+07,0.000355331
1.10077E+07,0.000357048
1.10153E+07,0.000358770
1.10229E+07,0.000360499
1.10306E+07,0.000362234
1.10382E+07,0.000363980
1.10459E+07,0.000365730
1.10535E+07,0.000367488
1.10611E+07,0.000369252
1.10688E+07,0.000371027
1.10764E+07,0.000372806
1.10841E+07,0.000374592
1.10917E+07,0.000376386
1.10994E+07,0.000378190
1.11070E+07,0.000379998
1.11146E+07,0.000381814
1.11223E+07,0.000383638
1.11299E+07,0.000385471
1.11376E+07,0.000387309
1.11452E+07,0.000389155
1.11529E+07,0.000391009
1.11605E+07,0.000392872
1.11681E+07,0.000394740
1.11758E+07,0.000396617
1.11834E+07,0.000398500
1.11911E+07,0.000400394
1.11987E+07,0.000402293
1.12064E+07,0.000404200
1.12140E+07,0.000406114
1.12216E+07,0.000408037
1.12293E+07,0.000409967
1.12369E+07,0.000411904
1.12446E+07,0.000413850
1.12522E+07,0.000415806
1.12598E+07,0.000417768
1.12675E+07,0.000419737
1.12751E+07,0.000421714
1.12828E+07,0.000423702
1.12904E+07,0.000425695
1.12981E+07,0.000427696
1.13057E+07,0.000429706
1.13133E+07,0.000431726
1.13210E+07,0.000433751
1.13286E+07,0.000435785
1.13363E+07,0.000437827
1.13439E+07,0.000439879
1.13516E+07,0.000441937
1.13592E+07,0.000444004
1.13668E+07,0.000446078
1.13745E+07,0.000448164
1.13821E+07,0.000450255
1.13898E+07,0.000452355
1.13974E+07,0.000454463
1.14051E+07,0.000456582
1.14127E+07,0.000458707
1.14203E+07,0.000460840
1.14280E+07,0.000462982
1.14356E+07,0.000465135
1.14433E+07,0.000467294
1.14509E+07,0.000469461
1.14585E+07,0.000471637
1.14662E+07,0.000473822
1.14738E+07,0.000476015
1.14815E+07,0.000478217
1.14891E+07,0.000480428
1.14971E+07,0.000482418
1.15051E+07,0.000484413
1.15131E+07,0.000486417
1.15210E+07,0.000488426
1.15290E+07,0.000490444
1.15370E+07,0.000492466
1.15450E+07,0.000494495
1.15530E+07,0.000496531
1.15610E+07,0.000498577
1.15689E+07,0.000500627
1.15769E+07,0.000502684
1.15849E+07,0.000504748
1.15929E+07,0.000506822
1.16009E+07,0.000508900
1.16089E+07,0.000510986
1.16168E+07,0.000513078
1.16248E+07,0.000515181
1.16328E+07,0.000517287
1.16408E+07,0.000519401
1.16488E+07,0.000521522
1.16568E+07,0.000523653
1.16647E+07,0.000525789
1.16727E+07,0.000527931
1.16807E+07,0.000530082
1.16887E+07,0.000532242
1.16967E+07,0.000534406
1.17046E+07,0.000536578
1.17126E+07,0.000538757
1.17206E+07,0.000540947
1.17286E+07,0.000543141
1.17366E+07,0.000545342
1.17446E+07,0.000547551
1.17525E+07,0.000549770
1.17605E+07,0.000551994
1.17685E+07,0.000554228
1.17765E+07,0.000556466
1.17845E+07,0.000558715
1.17925E+07,0.000560969
1.18004E+07,0.000563230
1.18084E+07,0.000565499
1.18164E+07,0.000567779
1.18244E+07,0.000570063
1.18324E+07,0.000572355
1.18404E+07,0.000574654
1.18483E+07,0.000576964
1.18563E+07,0.000579279
1.18643E+07,0.000581601
1.18723E+07,0.000583932
1.18803E+07,0.000586273
1.18883E+07,0.000588618
1.18962E+07,0.000590972
1.19042E+07,0.000593334
1.19122E+07,0.000595706
1.19202E+07,0.000598083
1.19282E+07,0.000600468
1.19361E+07,0.000602861
1.19441E+07,0.000605265
1.19521E+07,0.000607674
1.19601E+07,0.000610091
1.19681E+07,0.000612515
1.19761E+07,0.000614951
1.19840E+07,0.000617392
1.19920E+07,0.000619841
1.20000E+07,0.000622298
1.20061E+07,0.000623900
1.20122E+07,0.000625505
1.20183E+07,0.000627114
1.20244E+07,0.000628726
1.20305E+07,0.000630341
1.20366E+07,0.000631960
1.20427E+07,0.000633581
1.20488E+07,0.000635207
1.20549E+07,0.000636835
1.20610E+07,0.000638467
1.20671E+07,0.000640102
1.20732E+07,0.000641741
1.20793E+07,0.000643383
1.20854E+07,0.000645028
1.20915E+07,0.000646677
1.20976E+07,0.000648329
1.21037E+07,0.000649985
1.21098E+07,0.000651644
1.21159E+07,0.000653306
1.21220E+07,0.000654972
1.21281E+07,0.000656641
1.21342E+07,0.000658313
1.21403E+07,0.000659989
1.21464E+07,0.000661669
1.21525E+07,0.000663351
1.21586E+07,0.000665038
1.21647E+07,0.000666727
1.21708E+07,0.000668420
1.21769E+07,0.000670117
1.21830E+07,0.000671817
1.21891E+07,0.000673520
1.21952E+07,0.000675227
1.22013E+07,0.000676937
1.22074E+07,0.000678651
1.22196E+07,0.000682089
1.22318E+07,0.000685542
1.22440E+07,0.000689008
1.22562E+07,0.000692488
1.22684E+07,0.000695982
1.22806E+07,0.000699490
1.22928E+07,0.000703013
1.23050E+07,0.000706550
1.23172E+07,0.000710101
1.23294E+07,0.000713666
1.23416E+07,0.000717246
1.23538E+07,0.000720840
1.23660E+07,0.000724448
1.23782E+07,0.000728071
1.23904E+07,0.000731709
1.23966E+07,0.000733572
1.24029E+07,0.000735436
1.24091E+07,0.000737307
1.24153E+07,0.000739178
1.24215E+07,0.000741057
1.24278E+07,0.000742936
1.24340E+07,0.000744822
1.24402E+07,0.000746709
1.24464E+07,0.000748602
1.24527E+07,0.000750497
1.24651E+07,0.000754300
1.24776E+07,0.000758119
1.24900E+07,0.000761954
1.24979E+07,0.000764091
1.25058E+07,0.000766232
1.25137E+07,0.000768378
1.25216E+07,0.000770529
1.25295E+07,0.000772684
1.25374E+07,0.000774844
1.25453E+07,0.000777008
1.25532E+07,0.000779178
1.25672E+07,0.000783025
1.25811E+07,0.000786885
1.25951E+07,0.000790759
1.26091E+07,0.000794648
1.26230E+07,0.000798554
1.26370E+07,0.000802473
1.26509E+07,0.000806406
1.26649E+07,0.000810354
1.26789E+07,0.000814320
1.26928E+07,0.000818299
1.27068E+07,0.000822292
1.27208E+07,0.000826300
1.27347E+07,0.000830327
1.27487E+07,0.000834365
1.27626E+07,0.000838419
1.27766E+07,0.000842488
1.27906E+07,0.000846575
1.28045E+07,0.000850675
1.28185E+07,0.000854790
1.28325E+07,0.000858920
1.28464E+07,0.000863069
1.28604E+07,0.000867231
1.28743E+07,0.000871407
1.28883E+07,0.000875600
1.29023E+07,0.000879811
1.29162E+07,0.000884034
1.29302E+07,0.000888274
1.29442E+07,0.000892529
1.29581E+07,0.000896803
1.29721E+07,0.000901089
1.29860E+07,0.000905392
1.30000E+07,0.000909710
1.30153E+07,0.000911162
1.30307E+07,0.000912614
1.30460E+07,0.000914067
1.30613E+07,0.000915519
1.30767E+07,0.000916974
1.30920E+07,0.000918428
1.31074E+07,0.000919883
1.31227E+07,0.000921338
1.31380E+07,0.000922795
1.31534E+07,0.000924251
1.31687E+07,0.000925709
1.31840E+07,0.000927167
1.31994E+07,0.000928626
1.32147E+07,0.000930085
1.32300E+07,0.000931544
1.32454E+07,0.000933004
1.32607E+07,0.000934466
1.32760E+07,0.000935927
1.32914E+07,0.000937389
1.33067E+07,0.000938852
1.33220E+07,0.000940316
1.33374E+07,0.000941779
1.33527E+07,0.000943244
1.33680E+07,0.000944709
1.33834E+07,0.000946175
1.33987E+07,0.000947641
1.34140E+07,0.000949108
1.34294E+07,0.000950575
1.34447E+07,0.000952044
1.34600E+07,0.000953512
1.34754E+07,0.000954981
1.34907E+07,0.000956451
1.35066E+07,0.000957977
1.35225E+07,0.000959504
1.35385E+07,0.000961032
1.35544E+07,0.000962560
1.35703E+07,0.000964089
1.35862E+07,0.000965618
1.36021E+07,0.000967148
1.36180E+07,0.000968678
1.36340E+07,0.000970210
1.36499E+07,0.000971741
1.36658E+07,0.000973274
1.36817E+07,0.000974807
1.36976E+07,0.000976341
1.37135E+07,0.000977875
1.37294E+07,0.000979410
1.37454E+07,0.000980945
1.37613E+07,0.000982482
1.37772E+07,0.000984019
1.37931E+07,0.000985557
1.38090E+07,0.000987095
1.38249E+07,0.000988634
1.38409E+07,0.000990173
1.38568E+07,0.000991713
1.38727E+07,0.000993253
1.38886E+07,0.000994795
1.39045E+07,0.000996336
1.39204E+07,0.000997879
1.39363E+07,0.000999422
1.39523E+07,0.00100097
1.39682E+07,0.00100251
1.39841E+07,0.00100406
1.40000E+07,0.00100560
1.40078E+07,0.00100532
1.40156E+07,0.00100503
1.40234E+07,0.00100475
1.40313E+07,0.00100447
1.40391E+07,0.00100418
1.40469E+07,0.00100390
1.40547E+07,0.00100362
1.40625E+07,0.00100333
1.40703E+07,0.00100305
1.40781E+07,0.00100277
1.40859E+07,0.00100249
1.40938E+07,0.00100221
1.41016E+07,0.00100193
1.41094E+07,0.00100164
1.41172E+07,0.00100136
1.41250E+07,0.00100108
1.41328E+07,0.00100080
1.41406E+07,0.00100052
1.41484E+07,0.00100024
1.41563E+07,0.000999963
1.41641E+07,0.000999683
1.41719E+07,0.000999404
1.41797E+07,0.000999125
1.41875E+07,0.000998847
1.41953E+07,0.000998568
1.42031E+07,0.000998290
1.42109E+07,0.000998012
1.42188E+07,0.000997734
1.42266E+07,0.000997456
1.42344E+07,0.000997179
1.42422E+07,0.000996902
1.42500E+07,0.000996625
1.42578E+07,0.000996348
1.42656E+07,0.000996072
1.42734E+07,0.000995796
1.42813E+07,0.000995520
1.42891E+07,0.000995244
1.42969E+07,0.000994969
1.43047E+07,0.000994693
1.43125E+07,0.000994418
1.43203E+07,0.000994143
1.43281E+07,0.000993869
1.43359E+07,0.000993595
1.43438E+07,0.000993321
1.43516E+07,0.000993046
1.43594E+07,0.000992773
1.43672E+07,0.000992499
1.43750E+07,0.000992226
1.43828E+07,0.000991953
1.43906E+07,0.000991680
1.43984E+07,0.000991408
1.44063E+07,0.000991135
1.44141E+07,0.000990863
1.44219E+07,0.000990591
1.44297E+07,0.000990320
1.44375E+07,0.000990048
1.44453E+07,0.000989777
1.44531E+07,0.000989506
1.44609E+07,0.000989235
1.44688E+07,0.000988965
1.44766E+07,0.000988694
1.44844E+07,0.000988424
1.44922E+07,0.000988154
1.45000E+07,0.000987884
1.45078E+07,0.000987615
1.45156E+07,0.000987346
1.45234E+07,0.000987077
1.45313E+07,0.000986808
1.45391E+07,0.000986539
1.45469E+07,0.000986271
1.45547E+07,0.000986003
1.45625E+07,0.000985735
1.45703E+07,0.000985467
1.45781E+07,0.000985199
1.45859E+07,0.000984932
1.45938E+07,0.000984665
1.46016E+07,0.000984398
1.46094E+07,0.000984131
1.46172E+07,0.000983865
1.46250E+07,0.000983599
1.46328E+07,0.000983333
1.46406E+07,0.000983067
1.46484E+07,0.000982801
1.46563E+07,0.000982536
1.46641E+07,0.000982271
1.46719E+07,0.000982006
1.46797E+07,0.000981741
1.46875E+07,0.000981477
1.46953E+07,0.000981212
1.47031E+07,0.000980948
1.47109E+07,0.000980684
1.47188E+07,0.000980421
1.47266E+07,0.000980157
1.47344E+07,0.000979894
1.47422E+07,0.000979631
1.47500E+07,0.000979368
1.47578E+07,0.000979105
1.47656E+07,0.000978843
1.47734E+07,0.000978581
1.47813E+07,0.000978319
1.47891E+07,0.000978057
1.47969E+07,0.000977795
1.48047E+07,0.000977534
1.48125E+07,0.000977273
1.48203E+07,0.000977011
1.48281E+07,0.000976751
1.48359E+07,0.000976490
1.48438E+07,0.000976230
1.48516E+07,0.000975970
1.48594E+07,0.000975710
1.48672E+07,0.000975450
1.48750E+07,0.000975191
1.48828E+07,0.000974931
1.48906E+07,0.000974672
1.48984E+07,0.000974413
1.49063E+07,0.000974155
1.49141E+07,0.000973896
1.49219E+07,0.000973638
1.49297E+07,0.000973380
1.49375E+07,0.000973122
1.49453E+07,0.000972864
1.49531E+07,0.000972607
1.49609E+07,0.000972349
1.49688E+07,0.000972092
1.49766E+07,0.000971835
1.49844E+07,0.000971579
1.49922E+07,0.000971322
1.50000E+07,0.000971066
1.50123E+07,0.000970292
1.50246E+07,0.000969520
1.50369E+07,0.000968748
1.50492E+07,0.000967978
1.50615E+07,0.000967209
1.50738E+07,0.000966441
1.50861E+07,0.000965675
1.50984E+07,0.000964910
1.51107E+07,0.000964146
1.51229E+07,0.000963384
1.51352E+07,0.000962622
1.51475E+07,0.000961862
1.51598E+07,0.000961103
1.51721E+07,0.000960345
1.51844E+07,0.000959589
1.51967E+07,0.000958834
1.52093E+07,0.000958063
1.52218E+07,0.000957294
1.52344E+07,0.000956527
1.52469E+07,0.000955761
1.52595E+07,0.000954995
1.52720E+07,0.000954232
1.52846E+07,0.000953469
1.52971E+07,0.000952708
1.53097E+07,0.000951948
1.53222E+07,0.000951189
1.53348E+07,0.000950431
1.53473E+07,0.000949675
1.53599E+07,0.000948920
1.53724E+07,0.000948166
1.53850E+07,0.000947414
1.53975E+07,0.000946662
1.54101E+07,0.000945912
1.54226E+07,0.000945163
1.54352E+07,0.000944415
1.54477E+07,0.000943668
1.54603E+07,0.000942923
1.54728E+07,0.000942179
1.54854E+07,0.000941436
1.54979E+07,0.000940694
1.55105E+07,0.000939952
1.55231E+07,0.000939213
1.55356E+07,0.000938475
1.55482E+07,0.000937738
1.55607E+07,0.000937002
1.55733E+07,0.000936267
1.55858E+07,0.000935533
1.55984E+07,0.000934801
1.56109E+07,0.000934069
1.56235E+07,0.000933339
1.56360E+07,0.000932610
1.56486E+07,0.000931882
1.56611E+07,0.000931155
1.56737E+07,0.000930429
1.56862E+07,0.000929705
1.56988E+07,0.000928982
1.57113E+07,0.000928259
1.57239E+07,0.000927538
1.57364E+07,0.000926819
1.57490E+07,0.000926100
1.57615E+07,0.000925382
1.57741E+07,0.000924666
1.57866E+07,0.000923951
1.57992E+07,0.000923236
1.58117E+07,0.000922523
1.58243E+07,0.000921811
1.58368E+07,0.000921100
1.58494E+07,0.000920390
1.58619E+07,0.000919682
1.58745E+07,0.000918974
1.58870E+07,0.000918268
1.58996E+07,0.000917563
1.59122E+07,0.000916858
1.59247E+07,0.000916155
1.59373E+07,0.000915453
1.59498E+07,0.000914752
1.59624E+07,0.000914052
1.59749E+07,0.000913353
1.59875E+07,0.000912656
1.60000E+07,0.000911959
1.60217E+07,0.000910919
1.60434E+07,0.000909881
1.60651E+07,0.000908846
1.60868E+07,0.000907814
1.61085E+07,0.000906784
1.61302E+07,0.000905757
1.61519E+07,0.000904732
1.61736E+07,0.000903710
1.61736E+07,0.000903708
1.61995E+07,0.000902495
1.62253E+07,0.000901285
1.62511E+07,0.000900079
1.62769E+07,0.000898877
1.63028E+07,0.000897678
1.63286E+07,0.000896482
1.63544E+07,0.000895290
1.63802E+07,0.000894102
1.64061E+07,0.000892917
1.64319E+07,0.000891735
1.64577E+07,0.000890556
1.64835E+07,0.000889382
1.65094E+07,0.000888210
1.65352E+07,0.000887042
1.65610E+07,0.000885877
1.65868E+07,0.000884716
1.66127E+07,0.000883558
1.66385E+07,0.000882403
1.66643E+07,0.000881251
1.66901E+07,0.000880103
1.67160E+07,0.000878958
1.67418E+07,0.000877817
1.67676E+07,0.000876678
1.67934E+07,0.000875543
1.68192E+07,0.000874411
1.68451E+07,0.000873282
1.68709E+07,0.000872157
1.68967E+07,0.000871034
1.69225E+07,0.000869915
1.69484E+07,0.000868799
1.69742E+07,0.000867686
1.70000E+07,0.000866576
1.70305E+07,0.000865734
1.70610E+07,0.000864895
1.70915E+07,0.000864058
1.71220E+07,0.000863224
1.71525E+07,0.000862392
1.71830E+07,0.000861562
1.72135E+07,0.000860734
1.72440E+07,0.000859909
1.72745E+07,0.000859085
1.73049E+07,0.000858264
1.73354E+07,0.000857446
1.73659E+07,0.000856629
1.73964E+07,0.000855815
1.74269E+07,0.000855003
1.74574E+07,0.000854193
1.74879E+07,0.000853385
1.75184E+07,0.000852579
1.75489E+07,0.000851776
1.75794E+07,0.000850975
1.76099E+07,0.000850176
1.76404E+07,0.000849379
1.76709E+07,0.000848584
1.77014E+07,0.000847791
1.77319E+07,0.000847001
1.77624E+07,0.000846212
1.77928E+07,0.000845425
1.78233E+07,0.000844641
1.78538E+07,0.000843859
1.78843E+07,0.000843078
1.79148E+07,0.000842300
1.79453E+07,0.000841524
1.79758E+07,0.000840750
1.80000E+07,0.000840137
1.80509E+07,0.000839608
1.81018E+07,0.000839081
1.81527E+07,0.000838556
1.82036E+07,0.000838032
1.82545E+07,0.000837511
1.83054E+07,0.000836991
1.83564E+07,0.000836473
1.84073E+07,0.000835956
1.84582E+07,0.000835442
1.85091E+07,0.000834929
1.85600E+07,0.000834417
1.86109E+07,0.000833908
1.86618E+07,0.000833400
1.87127E+07,0.000832894
1.87636E+07,0.000832390
1.88145E+07,0.000831887
1.89073E+07,0.000830975
1.90000E+07,0.000830069
1.90483E+07,0.000830211
1.91078E+07,0.000830386
1.91673E+07,0.000830560
1.92268E+07,0.000830734
1.92862E+07,0.000830908
1.93457E+07,0.000831080
1.94052E+07,0.000831253
1.94647E+07,0.000831424
1.95242E+07,0.000831596
1.95836E+07,0.000831767
1.96431E+07,0.000831937
1.97026E+07,0.000832107
1.97621E+07,0.000832276
1.98216E+07,0.000832445
1.98810E+07,0.000832614
1.99405E+07,0.000832782
2.00000E+07,0.000832949
