1.00000E-05,635006
1.03303E-05,624777
1.06606E-05,615028
1.09910E-05,605721
1.13213E-05,596825
1.16516E-05,588311
1.19819E-05,580150
1.23122E-05,572321
1.26426E-05,564801
1.29729E-05,557569
1.33032E-05,550609
1.36335E-05,543903
1.39638E-05,537437
1.42941E-05,531197
1.46245E-05,525169
1.52851E-05,513704
1.58745E-05,504087
1.64638E-05,494991
1.70532E-05,486371
1.76426E-05,478187
1.82319E-05,470403
1.88213E-05,462988
1.94106E-05,455913
2.00000E-05,449153
2.06563E-05,441969
2.13127E-05,435119
2.19690E-05,428579
2.26253E-05,422325
2.32816E-05,416338
2.39380E-05,410599
2.45943E-05,405091
2.52506E-05,399800
2.59069E-05,394711
2.65633E-05,389812
2.72196E-05,385092
2.78759E-05,380539
2.91886E-05,371898
3.05012E-05,363822
3.14959E-05,358042
3.24906E-05,352530
3.34852E-05,347265
3.44799E-05,342230
3.54746E-05,337408
3.64692E-05,332785
3.74639E-05,328347
3.84586E-05,324083
3.94532E-05,319982
4.04479E-05,316032
4.14426E-05,312226
4.24372E-05,308555
4.44266E-05,301585
4.64159E-05,295070
4.82080E-05,289549
5.00000E-05,284328
5.16635E-05,279728
5.33270E-05,275344
5.49904E-05,271161
5.66539E-05,267164
5.83174E-05,263339
5.99809E-05,259675
6.16443E-05,256161
6.33078E-05,252786
6.49713E-05,249541
6.66347E-05,246419
6.82982E-05,243412
6.99617E-05,240513
7.16252E-05,237716
7.32886E-05,235014
7.66156E-05,229878
7.95386E-05,225635
8.24617E-05,221619
8.53847E-05,217812
8.83078E-05,214196
9.12309E-05,210755
9.41539E-05,207476
9.70770E-05,204347
0.000100000,201356
0.000103303,198131
0.000106606,195056
0.000109910,192122
0.000113213,189318
0.000116516,186634
0.000119819,184062
0.000123122,181594
0.000126426,179224
0.000129729,176945
0.000133032,174752
0.000136335,172640
0.000139638,170603
0.000146245,166738
0.000152851,163128
0.000158745,160100
0.000164638,157236
0.000170532,154523
0.000176426,151947
0.000182319,149498
0.000188213,147165
0.000194106,144939
0.000200000,142813
0.000206563,140554
0.000213127,138401
0.000219690,136345
0.000226253,134379
0.000232816,132498
0.000239380,130695
0.000245943,128965
0.000252506,127303
0.000259069,125706
0.000265633,124168
0.000272196,122686
0.000278759,121257
0.000291886,118547
0.000305012,116014
0.000314959,114202
0.000324906,112474
0.000334852,110824
0.000344799,109247
0.000354746,107737
0.000364692,106290
0.000374639,104901
0.000384586,103567
0.000394532,102284
0.000404479,101049
0.000414426,99859.2
0.000424372,98711.7
0.000444266,96534.6
0.000464159,94500.4
0.000482080,92777.7
0.000500000,91149.5
0.000516635,89715.3
0.000533270,88349.6
0.000549904,87046.9
0.000566539,85802.8
0.000583174,84612.9
0.000599809,83473.4
0.000616443,82381.0
0.000633078,81332.6
0.000649713,80325.1
0.000666347,79356.2
0.000682982,78423.4
0.000699617,77524.6
0.000732886,75821.0
0.000766156,74231.4
0.000795386,72919.2
0.000824617,71678.6
0.000853847,70503.5
0.000883078,69388.2
0.000912309,68328.1
0.000941539,67318.7
0.000970770,66356.2
0.00100000,65437.1
0.00103303,64446.9
0.00106606,63504.1
0.00109910,62605.1
0.00113213,61746.8
0.00116516,60926.1
0.00119819,60140.5
0.00123122,59387.6
0.00126426,58665.3
0.00129729,57971.5
0.00133032,57304.5
0.00136335,56662.6
0.00139638,56044.4
0.00146245,54873.4
0.00152851,53781.7
0.00158745,52868.0
0.00164638,52005.6
0.00170532,51190.0
0.00176426,50417.3
0.00182319,49684.0
0.00188213,48986.9
0.00194106,48323.3
0.00200000,47690.6
0.00206563,47019.7
0.00213127,46381.6
0.00219690,45773.9
0.00226253,45194.2
0.00232816,44640.7
0.00239380,44111.4
0.00245943,43604.7
0.00252506,43119.2
0.00259069,42653.4
0.00265633,42206.2
0.00278759,41363.0
0.00291886,40581.4
0.00305012,39854.8
0.00314959,39337.2
0.00324906,38845.6
0.00334852,38378.0
0.00344799,37932.7
0.00354746,37508.1
0.00364692,37102.7
0.00374639,36715.3
0.00384586,36344.6
0.00394532,35989.6
0.00404479,35649.3
0.00424372,35009.2
0.00444266,34418.1
0.00464159,33870.4
0.00482080,33410.5
0.00500000,32979.3
0.00516635,32602.4
0.00533270,32246.3
0.00549904,31909.2
0.00566539,31589.8
0.00583174,31286.7
0.00599809,30998.8
0.00616443,30725.0
0.00633078,30464.3
0.00666347,29979.0
0.00699617,29536.8
0.00732886,29132.5
0.00766156,28761.7
0.00795386,28460.8
0.00824617,28180.6
0.00853847,27919.5
0.00883078,27675.6
0.00912309,27447.4
0.00941539,27233.6
0.00970770,27033.0
0.0100000,26844.5
0.0103303,26644.8
0.0106606,26458.0
0.0109910,26283.1
0.0113213,26118.8
0.0119819,25819.0
0.0126426,25551.9
0.0133032,25312.2
0.0139638,25095.2
0.0146245,24897.0
0.0152851,24714.0
0.0164638,24416.3
0.0176426,24143.4
0.0200000,23627.1
0.0213250,23333.0
0.0226500,23023.8
0.0239750,22692.5
0.0253000,22333.6
0.0264000,22011.8
0.0275000,21667.1
0.0286000,21298.8
0.0297000,20906.9
0.0306098,20565.3
0.0315195,20208.5
0.0324293,19837.4
0.0333391,19452.9
0.0342488,19056.2
0.0351586,18648.6
0.0360684,18231.6
0.0369781,17806.5
0.0377450,17443.1
0.0385119,17076.0
0.0392788,16706.1
0.0400457,16334.4
0.0408126,15961.6
0.0415795,15588.8
0.0423464,15216.6
0.0431133,14845.9
0.0439742,14432.5
0.0448350,14022.9
0.0456958,13617.9
0.0465567,13218.3
0.0474175,12825.0
0.0482783,12438.4
0.0491392,12059.3
0.0500000,11688.0
0.0506688,11405.3
0.0513376,11127.7
0.0520064,10855.4
0.0526752,10588.5
0.0533440,10327.0
0.0540128,10071.1
0.0546816,9820.86
0.0553503,9576.21
0.0560191,9337.20
0.0566879,9103.83
0.0573567,8876.08
0.0580255,8653.93
0.0586943,8437.32
0.0593631,8226.22
0.0600319,8020.55
0.0607007,7820.26
0.0615726,7567.09
0.0624444,7322.73
0.0633163,7086.98
0.0641882,6859.63
0.0650601,6640.45
0.0659320,6429.22
0.0668038,6225.71
0.0676757,6029.66
0.0686025,5829.20
0.0695293,5636.62
0.0704560,5451.63
0.0713828,5273.96
0.0723096,5103.33
0.0732364,4939.46
0.0741631,4782.08
0.0750899,4630.94
0.0756144,4548.08
0.0761388,4467.09
0.0766633,4387.92
0.0771877,4310.54
0.0777122,4234.90
0.0782366,4160.97
0.0792855,4018.03
0.0803344,3881.41
0.0813833,3750.82
0.0824322,3625.96
0.0834811,3506.55
0.0840688,3441.93
0.0846566,3378.90
0.0852443,3317.41
0.0858320,3257.42
0.0864198,3198.88
0.0870075,3141.77
0.0875952,3086.04
0.0881830,3031.65
0.0887707,2978.57
0.0893584,2926.75
0.0899462,2876.17
0.0905339,2826.80
0.0911216,2778.59
0.0917093,2731.52
0.0922971,2685.56
0.0928848,2640.68
0.0937742,2574.73
0.0946636,2511.10
0.0955530,2449.67
0.0964424,2390.36
0.0973318,2333.09
0.0982212,2277.78
0.0991106,2224.34
0.100000,2172.71
0.100713,2132.57
0.101426,2093.52
0.102139,2055.51
0.102852,2018.52
0.103565,1982.49
0.104278,1947.43
0.104991,1913.28
0.105703,1880.03
0.106416,1847.64
0.107129,1816.09
0.107842,1785.36
0.108555,1755.41
0.109268,1726.23
0.109981,1697.80
0.110694,1670.08
0.111407,1643.06
0.112184,1614.37
0.112962,1586.47
0.113739,1559.32
0.114516,1532.90
0.115294,1507.20
0.116071,1482.18
0.116849,1457.83
0.117626,1434.13
0.118404,1411.05
0.119181,1388.58
0.119958,1366.70
0.120736,1345.39
0.121513,1324.64
0.122291,1304.43
0.123846,1265.55
0.124689,1245.29
0.125533,1225.58
0.126377,1206.43
0.127221,1187.80
0.128064,1169.68
0.128908,1152.06
0.129752,1134.92
0.130595,1118.25
0.132283,1086.25
0.133970,1055.96
0.135658,1027.29
0.137345,1000.13
0.138314,985.192
0.139284,970.712
0.140253,956.677
0.141222,943.073
0.142191,929.888
0.143160,917.108
0.144129,904.721
0.145098,892.716
0.146067,881.082
0.147036,869.808
0.148975,848.300
0.150913,828.115
0.152851,809.183
0.153922,799.229
0.154994,789.629
0.156065,780.371
0.157137,771.446
0.158208,762.845
0.159280,754.560
0.160351,746.581
0.161422,738.902
0.163565,724.411
0.165708,711.031
0.167851,698.712
0.169994,687.406
0.171843,678.434
0.173692,670.162
0.175541,662.566
0.177389,655.626
0.179238,649.324
0.181087,643.642
0.182936,638.565
0.184785,634.080
0.186449,630.538
0.188113,627.457
0.189778,624.829
0.191442,622.648
0.193106,620.908
0.194770,619.604
0.196434,618.732
0.198098,618.289
0.200000,618.302
0.201447,618.681
0.202893,619.379
0.204340,620.393
0.205786,621.723
0.207233,623.368
0.208679,625.328
0.210126,627.603
0.211572,630.192
0.213019,633.096
0.214466,636.315
0.215912,639.847
0.217359,643.694
0.218805,647.855
0.220252,652.331
0.221698,657.120
0.223145,662.223
0.225462,671.048
0.227780,680.671
0.230097,691.084
0.232414,702.277
0.234731,714.234
0.237049,726.934
0.239366,740.351
0.241683,754.449
0.244060,769.569
0.246436,785.300
0.248812,801.574
0.251189,818.306
0.254445,841.796
0.257701,865.661
0.260957,889.551
0.264212,913.059
0.267468,935.729
0.269096,946.597
0.270724,957.067
0.272352,967.073
0.273980,976.549
0.275608,985.428
0.277236,993.644
0.279027,1001.84
0.280818,1009.07
0.282609,1015.27
0.284399,1020.35
0.286190,1024.26
0.287981,1026.94
0.289772,1028.35
0.291562,1028.44
0.292730,1027.78
0.293898,1026.54
0.295449,1024.01
0.297000,1020.47
0.298910,1014.73
0.300820,1007.48
0.302731,998.772
0.304641,988.661
0.306551,977.213
0.308461,964.504
0.310371,950.622
0.312282,935.664
0.313758,923.430
0.315234,910.662
0.316710,897.408
0.318186,883.719
0.321138,855.234
0.324090,825.601
0.327042,795.196
0.329994,764.369
0.332946,733.438
0.335898,702.684
0.339358,667.183
0.342818,632.571
0.344548,615.677
0.346278,599.094
0.348008,582.841
0.349738,566.936
0.351808,548.373
0.353879,530.347
0.355949,512.869
0.358020,495.947
0.359273,485.980
0.360526,476.217
0.361778,466.660
0.363031,457.305
0.364753,444.771
0.366476,432.614
0.368198,420.829
0.369921,409.410
0.371643,398.349
0.373366,387.639
0.375088,377.271
0.376811,367.237
0.378533,357.529
0.380256,348.137
0.381978,339.051
0.383701,330.264
0.385423,321.766
0.387146,313.547
0.388868,305.598
0.390591,297.911
0.392821,288.334
0.395050,279.162
0.397280,270.376
0.399509,261.960
0.401739,253.894
0.403969,246.164
0.406198,238.754
0.408428,231.648
0.409847,227.277
0.411266,223.021
0.412685,218.874
0.414104,214.836
0.415523,210.901
0.416942,207.066
0.418362,203.329
0.419781,199.687
0.421200,196.137
0.422619,192.676
0.424038,189.301
0.425457,186.010
0.426876,182.801
0.428295,179.670
0.429714,176.615
0.431133,173.635
0.432552,170.726
0.433971,167.888
0.436810,162.411
0.439648,157.191
0.442486,152.210
0.445324,147.457
0.448162,142.917
0.451000,138.579
0.453838,134.432
0.456809,130.284
0.459779,126.323
0.462749,122.536
0.465719,118.915
0.468689,115.450
0.471659,112.133
0.474629,108.956
0.477599,105.911
0.480400,103.154
0.483200,100.504
0.486000,97.9538
0.488800,95.4993
0.491600,93.1357
0.494400,90.8587
0.500000,86.5477
0.507251,81.4063
0.514501,76.7088
0.521752,72.4060
0.529002,68.4555
0.536253,64.8204
0.543504,61.4685
0.550754,58.3714
0.558005,55.5044
0.565018,52.9300
0.572031,50.5328
0.579044,48.2963
0.586057,46.2052
0.593070,44.2467
0.600083,42.4097
0.607097,40.6848
0.614110,39.0637
0.621123,37.5383
0.628136,36.1014
0.635149,34.7462
0.642162,33.4662
0.649175,32.2560
0.656188,31.1104
0.670214,28.9960
0.680025,27.6435
0.689835,26.3842
0.699646,25.2099
0.709456,24.1131
0.719267,23.0873
0.729077,22.1265
0.738888,21.2254
0.748698,20.3788
0.758509,19.5823
0.768320,18.8321
0.778130,18.1247
0.787941,17.4571
0.797751,16.8263
0.807562,16.2297
0.827183,15.1298
0.837984,14.5725
0.848785,14.0463
0.870387,13.0783
0.891989,12.2093
0.913591,11.4265
0.935194,10.7192
0.956796,10.0781
0.978398,9.49548
1.00000,8.96462
1.01490,8.62534
1.02981,8.30600
1.04471,8.00509
1.05961,7.72132
1.08942,7.20034
1.11923,6.73433
1.14904,6.31607
1.17884,5.93950
1.20865,5.59903
1.23846,5.29036
1.27471,4.95249
1.31097,4.65059
1.34723,4.37995
1.38348,4.13659
1.41974,3.91681
1.45600,3.71790
1.49225,3.53744
1.52851,3.37332
1.56432,3.22551
1.60013,3.09044
1.63594,2.96662
1.67175,2.85294
1.70755,2.74843
1.74336,2.65223
1.77917,2.56353
1.81498,2.48168
1.84785,2.41208
1.88589,2.33751
1.92393,2.26875
1.96196,2.20534
2.00000,2.14683
2.05153,2.07476
2.10306,2.01064
2.15459,1.95203
2.20611,1.89939
2.25764,1.85296
2.30917,1.81107
2.36070,1.77329
2.41223,1.73950
2.51529,1.68303
2.61834,1.63930
2.72140,1.60657
2.82446,1.58367
2.92865,1.56962
3.05012,1.56374
3.16649,1.56800
3.28286,1.58164
3.39923,1.60444
3.51560,1.63640
3.63197,1.67851
3.74834,1.73107
3.86470,1.79501
3.98107,1.87167
4.08044,1.94841
4.17980,2.03680
4.27917,2.13854
4.37853,2.25565
4.42822,2.32074
4.47790,2.39063
4.52758,2.46579
4.57726,2.54659
4.62695,2.63328
4.67663,2.72653
4.72631,2.82760
4.77599,2.93701
4.83200,3.07124
4.88800,3.21836
4.94400,3.38001
5.00000,3.55819
5.06198,3.77724
5.12397,4.02259
5.18595,4.29869
5.21694,4.44988
5.24794,4.61082
5.27893,4.78238
5.30992,4.96547
5.34091,5.16107
5.37190,5.37020
5.38740,5.48019
5.40290,5.59405
5.41839,5.71201
5.43389,5.83432
5.46488,6.09303
5.49587,6.37215
5.53445,6.75119
5.57303,7.16958
5.61162,7.63294
5.65020,8.14794
5.68878,8.72261
5.70807,9.03525
5.72736,9.36656
5.74665,9.71809
5.76594,10.0915
5.78523,10.4886
5.80452,10.9116
5.83433,11.6215
5.86414,12.4083
5.89396,13.2836
5.92377,14.2607
5.93867,14.7924
5.95358,15.3561
5.96849,15.9543
5.98339,16.5902
5.99830,17.2671
6.01321,17.9887
6.02811,18.7591
6.04302,19.5828
6.06231,20.7361
6.08160,21.9994
6.10089,23.3872
6.12018,24.9164
6.13947,26.6071
6.15876,28.4829
6.17805,30.5720
6.18769,31.7070
6.19734,32.9084
6.21137,34.7861
6.22540,36.8343
6.23943,39.0747
6.25346,41.5322
6.26749,44.2364
6.28152,47.2210
6.29554,50.5271
6.30957,54.2030
6.31663,56.2104
6.32369,58.3340
6.33075,60.5833
6.33781,62.9687
6.34487,65.5018
6.35192,68.1942
6.35898,71.0603
6.36604,74.1152
6.37310,77.3766
6.38016,80.8625
6.38721,84.5949
6.39427,88.5975
6.40133,92.8979
6.40839,97.5254
6.41545,102.515
6.42251,107.905
6.42956,113.741
6.43662,120.072
6.44368,126.956
6.45074,134.459
6.45780,142.658
6.46486,151.637
6.47191,161.496
6.47897,172.349
6.48603,184.330
6.49309,197.585
6.50015,212.286
6.50720,228.628
6.51073,237.481
6.51426,246.828
6.51779,256.701
6.52132,267.132
6.52485,278.155
6.52838,289.807
6.53191,302.125
6.53544,315.146
6.53897,328.915
6.54250,343.464
6.54602,358.836
6.54955,375.073
6.55308,392.214
6.55661,410.299
6.56014,429.365
6.56367,449.448
6.56720,470.588
6.57073,492.800
6.57426,516.116
6.57779,540.556
6.58132,566.131
6.58484,592.847
6.58837,620.702
6.59190,649.683
6.59607,685.358
6.60024,722.515
6.60442,761.074
6.60859,800.917
6.61276,841.925
6.61693,883.927
6.62110,926.729
6.62527,970.097
6.62977,1017.32
6.63428,1064.57
6.64329,1157.60
6.65230,1245.81
6.66131,1325.60
6.66615,1363.68
6.67099,1397.77
6.67582,1427.37
6.68066,1452.05
6.68549,1471.44
6.69033,1485.24
6.69517,1493.24
6.70000,1495.32
6.70484,1491.45
6.70967,1481.68
6.71451,1466.17
6.71934,1445.18
6.72525,1412.59
6.73115,1373.04
6.73705,1327.37
6.74295,1276.54
6.74885,1221.53
6.75475,1163.38
6.76065,1103.07
6.76655,1041.59
6.77293,974.735
6.77932,908.564
6.78571,843.929
6.79209,781.569
6.79848,722.027
6.80486,665.733
6.81125,612.941
6.81764,563.815
6.82402,518.381
6.83041,476.600
6.83680,438.357
6.84318,403.490
6.84957,371.787
6.85596,343.034
6.86234,316.989
6.86873,293.425
6.87512,272.107
6.88150,252.823
6.88789,235.362
6.89428,219.540
6.90066,205.181
6.90705,192.133
6.91344,180.253
6.91982,169.416
6.92505,161.246
6.93027,153.646
6.93550,146.565
6.94072,139.960
6.94595,133.789
6.95117,128.017
6.95640,122.610
6.96162,117.539
6.96685,112.776
6.97208,108.298
6.97730,104.082
6.98253,100.109
6.98775,96.3588
6.99298,92.8172
7.00343,86.2979
7.00981,82.6473
7.01620,79.2252
7.02259,76.0119
7.02897,72.9915
7.03536,70.1481
7.04175,67.4688
7.04813,64.9406
7.05452,62.5530
7.06091,60.2950
7.06729,58.1581
7.08006,54.2129
7.09284,50.6581
7.10561,47.4437
7.11838,44.5275
7.13116,41.8739
7.14393,39.4521
7.15670,37.2361
7.16948,35.2030
7.18225,33.3334
7.19502,31.6102
7.20779,30.0184
7.22066,28.5344
7.23352,27.1588
7.24639,25.8811
7.25925,24.6921
7.27212,23.5838
7.28499,22.5491
7.29785,21.5816
7.31072,20.6757
7.32358,19.8262
7.33645,19.0287
7.34931,18.2790
7.36218,17.5733
7.37504,16.9084
7.38791,16.2811
7.40077,15.6887
7.41364,15.1286
7.43986,14.0777
7.46608,13.1348
7.49230,12.2855
7.51853,11.5181
7.54475,10.8223
7.57097,10.1895
7.59719,9.61246
7.62342,9.08483
7.64249,8.72901
7.66156,8.39464
7.68063,8.08008
7.69970,7.78382
7.71877,7.50451
7.73784,7.24084
7.77598,6.75579
7.81413,6.32040
7.85227,5.92820
7.89041,5.57389
7.92855,5.25292
7.95477,5.04949
7.98100,4.85881
8.00722,4.67983
8.03344,4.51166
8.05966,4.35344
8.08589,4.20444
8.13833,3.93140
8.19078,3.68777
8.24322,3.46959
8.29567,3.27357
8.34811,3.09691
8.40451,2.92584
8.46091,2.77197
8.51731,2.63319
8.57371,2.50774
8.63011,2.39407
8.68651,2.29082
8.74291,2.19692
8.79931,2.11151
8.85768,2.03126
8.91604,1.95810
8.97441,1.89119
9.03278,1.83011
9.09115,1.77439
9.14951,1.72356
9.20788,1.67718
9.26625,1.63490
9.32461,1.59637
9.38298,1.56132
9.49971,1.50061
9.61645,1.45105
9.73318,1.41125
9.86659,1.37635
10.0000,1.35162
10.0778,1.34151
10.1556,1.33433
10.2333,1.33002
10.3111,1.32849
10.4537,1.33272
10.5963,1.34592
10.7389,1.36813
10.8814,1.39964
11.0240,1.44097
11.1666,1.49291
11.2379,1.52320
11.3092,1.55660
11.3805,1.59329
11.4518,1.63350
11.5457,1.69231
11.5927,1.72434
11.6161,1.74103
11.6396,1.75819
11.6631,1.77585
11.6866,1.79403
11.7336,1.83204
11.8275,1.91516
11.9214,2.00856
12.0153,2.11359
12.1093,2.23192
12.2032,2.36558
12.2863,2.49861
12.3694,2.64764
12.4526,2.81515
12.5357,3.00416
12.5772,3.10784
12.6188,3.21833
12.6604,3.33622
12.7019,3.46218
12.7435,3.59694
12.7850,3.74133
12.8266,3.89626
12.8682,4.06273
12.9173,4.27586
12.9664,4.50873
13.0155,4.76402
13.0646,5.04498
13.1138,5.35538
13.1629,5.69917
13.2120,6.08136
13.2611,6.50765
13.3027,6.90815
13.3442,7.35048
13.3858,7.84073
13.4273,8.38611
13.4689,8.99524
13.4897,9.32689
13.5105,9.67854
13.5312,10.0518
13.5520,10.4486
13.5728,10.8709
13.5936,11.3208
13.6271,12.1120
13.6606,12.9944
13.6774,13.4743
13.6942,13.9825
13.7109,14.5214
13.7277,15.0936
13.7444,15.7023
13.7612,16.3499
13.7780,17.0406
13.7947,17.7776
13.8115,18.5661
13.8283,19.4101
13.8450,20.3157
13.8618,21.2891
13.8812,22.5104
13.9006,23.8446
13.9200,25.3062
13.9394,26.9123
13.9588,28.6826
13.9782,30.6406
13.9977,32.8142
14.0171,35.2356
14.0268,36.5531
14.0365,37.9472
14.0462,39.4271
14.0559,40.9968
14.0656,42.6674
14.0753,44.4441
14.0850,46.3403
14.0947,48.3629
14.1044,50.5284
14.1141,52.8457
14.1238,55.3353
14.1335,58.0094
14.1432,60.8933
14.1529,64.0036
14.1626,67.3728
14.1723,71.0233
14.1794,73.8787
14.1865,76.9179
14.1935,80.1574
14.2006,83.6157
14.2103,88.7683
14.2200,94.4303
14.2297,100.686
14.2394,107.607
14.2491,115.310
14.2540,119.483
14.2588,123.895
14.2637,128.564
14.2685,133.510
14.2734,138.754
14.2782,144.319
14.2831,150.242
14.2879,156.526
14.2928,163.211
14.2976,170.329
14.3025,177.928
14.3073,186.014
14.3122,194.639
14.3170,203.843
14.3219,213.691
14.3267,224.185
14.3316,235.394
14.3364,247.366
14.3413,260.178
14.3461,273.830
14.3510,288.402
14.3558,303.946
14.3592,315.141
14.3625,326.830
14.3658,339.032
14.3691,351.762
14.3724,365.037
14.3757,378.870
14.3790,393.278
14.3823,408.228
14.3856,423.822
14.3889,440.028
14.3922,456.855
14.3956,474.313
14.4022,511.140
14.4088,550.475
14.4136,581.025
14.4185,612.867
14.4233,646.031
14.4282,680.466
14.4331,716.182
14.4379,752.951
14.4428,790.745
14.4476,829.445
14.4525,868.997
14.4573,909.083
14.4670,990.388
14.4767,1071.94
14.4864,1151.75
14.4969,1234.11
14.5075,1309.53
14.5127,1343.82
14.5180,1375.39
14.5232,1403.96
14.5285,1429.24
14.5364,1460.45
14.5443,1483.02
14.5521,1496.49
14.5600,1500.52
14.5659,1497.29
14.5718,1488.74
14.5777,1474.99
14.5836,1456.21
14.5896,1432.64
14.5955,1404.64
14.6014,1372.47
14.6073,1336.61
14.6132,1297.39
14.6191,1255.36
14.6256,1206.47
14.6320,1155.30
14.6450,1048.61
14.6580,939.931
14.6709,833.390
14.6775,781.032
14.6841,730.465
14.6907,681.809
14.6972,635.422
14.7038,591.320
14.7104,549.739
14.7170,510.605
14.7236,474.049
14.7302,439.935
14.7368,408.311
14.7433,378.999
14.7499,351.988
14.7565,327.082
14.7631,304.232
14.7697,283.268
14.7763,264.058
14.7810,251.103
14.7858,238.957
14.7906,227.573
14.7954,216.903
14.8002,206.902
14.8050,197.526
14.8098,188.734
14.8146,180.502
14.8194,172.759
14.8241,165.489
14.8289,158.657
14.8337,152.234
14.8385,146.190
14.8433,140.498
14.8481,135.134
14.8529,130.085
14.8595,123.582
14.8660,117.573
14.8726,111.994
14.8792,106.822
14.8858,102.003
14.8924,97.5195
14.8990,93.3292
14.9056,89.4183
14.9121,85.7512
14.9187,82.3180
14.9253,79.0894
14.9319,76.0581
14.9385,73.1997
14.9451,70.5088
14.9517,67.9649
14.9582,65.5643
14.9714,61.1382
14.9846,57.1590
14.9977,53.5674
15.0109,50.3138
15.0241,47.3563
15.0373,44.6596
15.0504,42.1934
15.0636,39.9334
15.0756,38.0349
15.0875,36.2739
15.0995,34.6360
15.1115,33.1097
15.1235,31.6840
15.1354,30.3522
15.1474,29.1052
15.1594,27.9358
15.1713,26.8368
15.1833,25.8044
15.1953,24.8323
15.2073,23.9160
15.2192,23.0513
15.2312,22.2344
15.2551,20.7304
15.2683,19.9698
15.2815,19.2521
15.3078,17.9330
15.3342,16.7512
15.3605,15.6887
15.3868,14.7292
15.4132,13.8604
15.4395,13.0713
15.4658,12.3528
15.4850,11.8695
15.5041,11.4168
15.5233,10.9916
15.5425,10.5924
15.5616,10.2165
15.5808,9.86277
15.6191,9.21413
15.6574,8.63497
15.6957,8.11592
15.7340,7.64926
15.7723,7.22858
15.8106,6.84838
15.8489,6.50396
15.8772,6.27051
15.9054,6.05287
15.9337,5.84977
15.9619,5.66006
15.9902,5.48272
16.0184,5.31683
16.0749,5.01621
16.1314,4.75232
16.1879,4.52050
16.2444,4.31673
16.3009,4.13782
16.3394,4.02865
16.3779,3.92900
16.4165,3.83824
16.4550,3.75580
16.4935,3.68120
16.5320,3.61404
16.6091,3.50038
16.6861,3.41169
16.7631,3.34582
16.8402,3.30166
16.9172,3.27845
16.9943,3.27577
17.0713,3.29362
17.1483,3.33237
17.2254,3.39271
17.3024,3.47628
17.3794,3.58563
17.4180,3.65078
17.4565,3.72343
17.4950,3.80404
17.5335,3.89312
17.5900,4.04049
17.6465,4.20976
17.7030,4.40374
17.7595,4.62571
17.8160,4.87982
17.8725,5.17092
17.9007,5.33223
17.9290,5.50510
17.9572,5.69065
17.9855,5.88983
18.0266,6.20661
18.0676,6.55924
18.1087,6.95274
18.1498,7.39304
18.1909,7.88771
18.2115,8.15822
18.2320,8.44570
18.2525,8.75185
18.2731,9.07797
18.2936,9.42595
18.3142,9.79770
18.3347,10.1956
18.3553,10.6217
18.3758,11.0788
18.3963,11.5699
18.4169,12.0989
18.4374,12.6689
18.4580,13.2847
18.4785,13.9512
18.5055,14.9157
18.5326,15.9929
18.5461,16.5796
18.5596,17.2019
18.5731,17.8625
18.5866,18.5642
18.6002,19.3116
18.6137,20.1083
18.6272,20.9587
18.6407,21.8672
18.6542,22.8408
18.6678,23.8851
18.6813,25.0073
18.6948,26.2146
18.7104,27.7337
18.7261,29.3959
18.7417,31.2216
18.7574,33.2334
18.7730,35.4581
18.7887,37.9280
18.8043,40.6817
18.8122,42.1801
18.8200,43.7659
18.8278,45.4505
18.8357,47.2405
18.8435,49.1450
18.8513,51.1719
18.8591,53.3379
18.8670,55.6506
18.8748,58.1306
18.8826,60.7881
18.8904,63.6486
18.8983,66.7299
18.9061,70.0561
18.9139,73.6495
18.9217,77.5502
18.9296,81.7829
18.9374,86.3982
18.9452,91.4290
18.9502,94.8752
18.9552,98.5269
18.9602,102.400
18.9651,106.510
18.9701,110.876
18.9751,115.517
18.9801,120.454
18.9851,125.708
18.9900,131.303
18.9950,137.264
19.0000,143.616
19.0050,150.389
19.0100,157.610
19.0149,165.310
19.0199,173.521
19.0249,182.257
19.0320,195.782
19.0391,210.566
19.0462,226.753
19.0533,244.397
19.0573,254.795
19.0612,265.660
19.0651,277.034
19.0690,288.931
19.0729,301.397
19.0768,314.382
19.0807,327.926
19.0846,342.040
19.0886,356.769
19.0925,372.044
19.0964,387.906
19.1003,404.355
19.1042,421.435
19.1081,439.054
19.1120,457.248
19.1159,476.007
19.1206,498.931
19.1252,522.547
19.1298,546.919
19.1344,571.899
19.1391,597.543
19.1437,623.680
19.1483,650.357
19.1529,677.382
19.1608,723.872
19.1686,770.770
19.1764,817.687
19.1842,863.943
19.1956,928.951
19.2070,989.495
19.2188,1045.57
19.2297,1089.11
19.2351,1107.62
19.2405,1123.69
19.2459,1137.25
19.2513,1148.13
19.2567,1156.27
19.2621,1161.59
19.2700,1164.21
19.2749,1162.74
19.2799,1158.90
19.2897,1144.22
19.2958,1130.66
19.3018,1113.86
19.3079,1093.97
19.3140,1071.27
19.3200,1045.91
19.3261,1018.23
19.3322,988.410
19.3382,956.846
19.3454,917.579
19.3526,876.750
19.3597,834.724
19.3669,792.080
19.3812,706.429
19.3955,622.892
19.4027,582.683
19.4099,543.920
19.4170,506.691
19.4242,471.249
19.4314,437.604
19.4385,405.920
19.4457,376.144
19.4529,348.361
19.4600,322.473
19.4672,298.504
19.4744,276.325
19.4815,255.918
19.4887,237.137
19.4959,219.938
19.5030,204.173
19.5102,189.782
19.5154,180.083
19.5206,171.026
19.5258,162.555
19.5310,154.631
19.5362,147.221
19.5415,140.289
19.5467,133.804
19.5519,127.735
19.5571,122.043
19.5623,116.721
19.5675,111.733
19.5727,107.054
19.5779,102.663
19.5831,98.5378
19.5884,94.6597
19.5936,91.0106
19.6007,86.3326
19.6079,82.0229
19.6151,78.0343
19.6222,74.3462
19.6294,70.9202
19.6366,67.7405
19.6437,64.7760
19.6509,62.0149
19.6581,59.4315
19.6652,57.0173
19.6724,54.7510
19.6795,52.6265
19.6867,50.6261
19.6939,48.7454
19.7010,46.9721
19.7082,45.2979
19.7225,42.2158
19.7369,39.4494
19.7512,36.9559
19.7655,34.6994
19.7798,32.6502
19.7942,30.7830
19.8085,29.0764
19.8228,27.5119
19.8339,26.3898
19.8450,25.3379
19.8561,24.3485
19.8671,23.4183
19.8782,22.5411
19.8893,21.7143
19.9004,20.9334
19.9114,20.1950
19.9336,18.8329
19.9557,17.6079
19.9779,16.5010
20.0000,15.4982
20.0166,14.8070
20.0332,14.1622
20.0498,13.5597
20.0664,12.9959
20.0830,12.4674
20.0995,11.9714
20.1161,11.5053
20.1327,11.0666
20.1493,10.6533
20.1659,10.2633
20.1825,9.89506
20.1991,9.54688
20.2323,8.90513
20.2654,8.32797
20.2986,7.80698
20.3318,7.33507
20.3650,6.90625
20.3982,6.51542
20.4313,6.15824
20.4645,5.83097
20.4977,5.53035
20.5309,5.25353
20.5641,4.99800
20.5972,4.76156
20.6304,4.54232
20.6636,4.33863
20.6968,4.14907
20.7300,3.97236
20.7631,3.80740
20.7963,3.65317
20.8295,3.50876
20.8627,3.37337
20.8959,3.24625
20.9290,3.12674
20.9622,3.01425
20.9954,2.90824
21.0618,2.71377
21.1221,2.55492
21.1824,2.41101
21.2427,2.28019
21.3031,2.16096
21.3634,2.05197
21.4237,1.95214
21.4840,1.86045
21.5142,1.81740
21.5444,1.77609
21.5862,1.72140
21.6281,1.66965
21.7119,1.57417
21.7957,1.48825
21.8795,1.41070
21.9633,1.34055
22.0470,1.27701
22.1308,1.21936
22.2146,1.16681
22.2914,1.12260
22.3682,1.08190
22.4450,1.04441
22.5218,1.00988
22.5986,0.978042
22.6754,0.948704
22.7522,0.921662
22.8290,0.896758
22.9058,0.873837
22.9826,0.852771
23.1361,0.815766
23.2897,0.784979
23.4433,0.759839
23.5271,0.748351
23.6109,0.738366
23.7784,0.722766
23.9460,0.712864
24.0298,0.710045
24.1135,0.708666
24.2392,0.709366
24.3649,0.713530
24.4905,0.721388
24.6162,0.733252
24.7419,0.749542
24.8675,0.770799
24.9932,0.797710
25.0560,0.813530
25.1189,0.831097
25.2173,0.862556
25.3157,0.899511
25.4141,0.942799
25.4633,0.967139
25.5125,0.993475
25.5617,1.02199
25.6109,1.05288
25.6601,1.08635
25.7093,1.12264
25.7585,1.16204
25.8077,1.20483
25.8569,1.25143
25.9061,1.30227
25.9603,1.36373
26.0144,1.43166
26.0685,1.50695
26.1226,1.59059
26.1768,1.68382
26.2309,1.78803
26.2850,1.90500
26.3121,1.96890
26.3391,2.03680
26.3859,2.16456
26.4326,2.30723
26.4794,2.46724
26.5027,2.55460
26.5261,2.64740
26.5495,2.74614
26.5729,2.85125
26.5962,2.96333
26.6196,3.08302
26.6430,3.21108
26.6663,3.34821
26.6897,3.49534
26.7131,3.65350
26.7402,3.85198
26.7672,4.06871
26.7943,4.30611
26.8213,4.56688
26.8484,4.85423
26.8755,5.17192
26.9025,5.52443
26.9296,5.91711
26.9431,6.13063
26.9566,6.35656
26.9702,6.59606
26.9837,6.85028
26.9972,7.12045
27.0108,7.40798
27.0243,7.71441
27.0378,8.04149
27.0514,8.39142
27.0649,8.76588
27.0784,9.16759
27.0920,9.59934
27.1055,10.0643
27.1190,10.5662
27.1325,11.1091
27.1461,11.6979
27.1621,12.4611
27.1781,13.3067
27.1941,14.2482
27.2021,14.7601
27.2100,15.3017
27.2180,15.8769
27.2260,16.4870
27.2340,17.1369
27.2420,17.8285
27.2500,18.5675
27.2580,19.3567
27.2660,20.2030
27.2740,21.1101
27.2808,21.9317
27.2875,22.8065
27.2943,23.7394
27.3011,24.7341
27.3078,25.7994
27.3146,26.9386
27.3214,28.1622
27.3281,29.4744
27.3349,30.8878
27.3417,32.4076
27.3484,34.0487
27.3552,35.8175
27.3620,37.7316
27.3687,39.7987
27.3755,42.0394
27.3823,44.4626
27.3878,46.5986
27.3933,48.8757
27.3989,51.3126
27.4044,53.9109
27.4099,56.6910
27.4155,59.6542
27.4210,62.8231
27.4265,66.1982
27.4321,69.8038
27.4376,73.6391
27.4431,77.7303
27.4487,82.0747
27.4542,86.7000
27.4597,91.6008
27.4653,96.8058
27.4708,102.306
27.4776,109.468
27.4844,117.115
27.4911,125.258
27.4979,133.892
27.5047,143.045
27.5114,152.689
27.5182,162.846
27.5249,173.472
27.5311,183.544
27.5372,193.980
27.5434,204.756
27.5495,215.843
27.5557,227.204
27.5618,238.800
27.5680,250.584
27.5741,262.507
27.5858,285.346
27.5975,308.033
27.6092,330.136
27.6209,351.111
27.6295,365.562
27.6381,378.927
27.6488,393.663
27.6594,406.081
27.6613,408.063
27.6662,412.646
27.6710,416.649
27.6807,422.870
27.6903,426.598
27.7000,427.756
27.7077,426.812
27.7155,424.218
27.7232,420.010
27.7310,414.253
27.7409,404.650
27.7509,392.808
27.7609,378.970
27.7708,363.419
27.7790,349.577
27.7872,334.960
27.7954,319.747
27.8036,304.113
27.8140,283.879
27.8244,263.567
27.8453,223.865
27.8535,208.935
27.8617,194.530
27.8699,180.720
27.8780,167.564
27.8862,155.101
27.8944,143.359
27.9026,132.351
27.9108,122.091
27.9190,112.547
27.9272,103.714
27.9354,95.5697
27.9436,88.0840
27.9517,81.2235
27.9599,74.9520
27.9681,69.2311
27.9763,64.0280
27.9823,60.5360
27.9882,57.2847
27.9942,54.2486
28.0001,51.4240
28.0061,48.7875
28.0120,46.3351
28.0180,44.0459
28.0239,41.9159
28.0299,39.9266
28.0359,38.0741
28.0418,36.3423
28.0478,34.7277
28.0537,33.2162
28.0597,31.8049
28.0656,30.4814
28.0716,29.2434
28.0798,27.6637
28.0880,26.2143
28.0962,24.8819
28.1043,23.6545
28.1125,22.5213
28.1207,21.4730
28.1289,20.5011
28.1371,19.5994
28.1453,18.7590
28.1535,17.9752
28.1617,17.2429
28.1699,16.5574
28.1780,15.9147
28.1862,15.3111
28.1944,14.7433
28.2026,14.2091
28.2108,13.7045
28.2190,13.2278
28.2354,12.3500
28.2517,11.5610
28.2681,10.8493
28.2845,10.2038
28.3009,9.61705
28.3172,9.08129
28.3336,8.59116
28.3500,8.14095
28.3664,7.72657
28.3828,7.34423
28.3991,6.99082
28.4155,6.66306
28.4319,6.35864
28.4483,6.07535
28.4646,5.81142
28.4810,5.56478
28.4974,5.33408
28.5138,5.11795
28.5301,4.91530
28.5465,4.72478
28.5629,4.54555
28.5793,4.37672
28.5957,4.21758
28.6120,4.06723
28.6284,3.92510
28.6612,3.66328
28.6939,3.42779
28.7267,3.21532
28.7594,3.02283
28.7922,2.84798
28.8249,2.68861
28.8577,2.54296
28.8845,2.43288
28.9113,2.33022
28.9381,2.23430
28.9649,2.14455
28.9917,2.06043
29.0185,1.98147
29.0453,1.90725
29.0721,1.83741
29.0989,1.77156
29.1257,1.70943
29.1793,1.59527
29.2329,1.49297
29.2865,1.40097
29.3339,1.32700
29.3814,1.25928
29.4288,1.19712
29.4763,1.13991
29.5237,1.08714
29.5712,1.03838
29.6186,0.993220
29.6661,0.951314
29.7183,0.908585
29.7705,0.869023
29.8227,0.832311
29.8749,0.798190
29.9271,0.766414
29.9793,0.736789
30.0315,0.709116
30.0836,0.683234
30.1358,0.658983
30.1880,0.636231
30.2402,0.614855
30.2924,0.594749
30.3968,0.557943
30.5012,0.525130
30.6151,0.493223
30.7290,0.464799
30.8429,0.439359
30.9568,0.416499
31.0706,0.395878
31.1845,0.377237
31.2984,0.360343
31.4123,0.344924
31.5167,0.331927
31.6211,0.319927
31.7255,0.308829
31.8299,0.298548
31.9343,0.289005
32.0387,0.280133
32.1430,0.271871
32.2474,0.264165
32.4562,0.250234
32.6650,0.238021
32.8738,0.227267
33.0826,0.217763
33.3483,0.207211
33.6140,0.198203
33.8798,0.190368
34.0126,0.186860
34.1455,0.183562
34.3225,0.179548
34.4996,0.175974
34.8537,0.169817
35.2077,0.164830
35.5618,0.160914
35.9159,0.157966
36.2700,0.155917
36.6240,0.154724
36.9781,0.154370
37.3322,0.154864
37.6863,0.156238
38.0404,0.158552
38.3944,0.161898
38.7485,0.166367
38.9255,0.169073
39.1026,0.172170
39.2796,0.175665
39.4567,0.179591
39.6337,0.183994
39.8107,0.188924
40.0456,0.196383
40.2804,0.205046
40.5153,0.215123
40.6327,0.220773
40.7501,0.226881
40.8676,0.233491
40.9850,0.240652
41.1024,0.248423
41.2198,0.256865
41.3373,0.266054
41.4547,0.276058
41.5721,0.286954
41.6895,0.298869
41.8126,0.312633
41.9356,0.327869
42.0586,0.344765
42.1816,0.363555
42.3046,0.384530
42.4276,0.408032
42.5507,0.434479
42.6122,0.448960
42.6737,0.464373
42.7743,0.491832
42.8750,0.522422
42.9756,0.556637
43.0763,0.595063
43.1266,0.616069
43.1769,0.638394
43.2273,0.662160
43.2776,0.687485
43.3279,0.714531
43.3782,0.743455
43.4286,0.774455
43.4789,0.807721
43.5404,0.851799
43.6019,0.900075
43.6634,0.953093
43.7249,1.01149
43.7864,1.07603
43.8479,1.14761
43.9094,1.22728
43.9709,1.31632
44.0297,1.41150
44.0590,1.46332
44.0884,1.51824
44.1177,1.57656
44.1471,1.63852
44.1764,1.70447
44.2058,1.77472
44.2352,1.84971
44.2645,1.92985
44.2939,2.01562
44.3232,2.10754
44.3526,2.20628
44.3819,2.31248
44.4113,2.42701
44.4406,2.55070
44.4714,2.69132
44.5022,2.84448
44.5329,3.01187
44.5637,3.19522
44.5944,3.39677
44.6252,3.61894
44.6559,3.86484
44.6867,4.13788
44.7174,4.44250
44.7328,4.60821
44.7482,4.78370
44.7636,4.97002
44.7790,5.16800
44.7943,5.37865
44.8097,5.60297
44.8251,5.84253
44.8405,6.09864
44.8558,6.37293
44.8712,6.66705
44.8866,6.98347
44.9020,7.32420
44.9173,7.69243
44.9327,8.09089
44.9523,8.64851
44.9719,9.27046
44.9817,9.60926
44.9914,9.96828
45.0012,10.3501
45.0110,10.7560
45.0208,11.1892
45.0306,11.6514
45.0404,12.1465
45.0501,12.6768
45.0599,13.2472
45.0697,13.8608
45.0795,14.5237
45.0893,15.2402
45.0970,15.8455
45.1047,16.4916
45.1124,17.1821
45.1200,17.9211
45.1277,18.7132
45.1354,19.5633
45.1431,20.4769
45.1508,21.4586
45.1585,22.5175
45.1662,23.6594
45.1739,24.8921
45.1816,26.2240
45.1892,27.6640
45.1969,29.2219
45.2046,30.9081
45.2123,32.7312
45.2193,34.5213
45.2263,36.4456
45.2333,38.5140
45.2403,40.7366
45.2473,43.1239
45.2542,45.6869
45.2612,48.4366
45.2682,51.3844
45.2752,54.5415
45.2822,57.9194
45.2892,61.5293
45.2962,65.3821
45.3032,69.4885
45.3102,73.8584
45.3172,78.5010
45.3241,83.4176
45.3304,88.0942
45.3367,93.0088
45.3430,98.1648
45.3493,103.564
45.3556,109.209
45.3619,115.098
45.3745,127.601
45.3821,135.709
45.3898,144.155
45.3975,152.922
45.4052,161.989
45.4129,171.330
45.4206,180.916
45.4283,190.709
45.4360,200.659
45.4499,219.058
45.4639,237.567
45.4779,255.849
45.4919,273.520
45.5073,291.823
45.5226,308.413
45.5366,321.577
45.5475,330.358
45.5584,337.672
45.5693,343.399
45.5802,347.436
45.5901,349.590
45.6000,350.261
45.6099,349.443
45.6198,347.146
45.6315,342.610
45.6431,336.174
45.6547,327.963
45.6663,318.133
45.6744,310.436
45.6825,302.121
45.6987,283.887
45.7090,271.397
45.7193,258.403
45.7398,231.514
45.7560,210.162
45.7722,189.171
45.7883,168.936
45.8045,149.817
45.8126,140.740
45.8207,132.036
45.8288,123.699
45.8368,115.763
45.8449,108.215
45.8530,101.079
45.8611,94.3435
45.8692,88.0049
45.8747,83.8993
45.8802,79.9798
45.8857,76.2355
45.8912,72.6624
45.8967,69.2564
45.9022,66.0128
45.9078,62.9269
45.9133,59.9936
45.9188,57.2026
45.9243,54.5589
45.9298,52.0517
45.9353,49.6755
45.9408,47.4249
45.9463,45.2943
45.9518,43.2782
45.9574,41.3713
45.9654,38.7584
45.9735,36.3560
45.9816,34.1425
45.9897,32.1086
45.9978,30.2350
46.0059,28.5131
46.0139,26.9279
46.0220,25.4678
46.0301,24.1203
46.0382,22.8789
46.0463,21.7326
46.0544,20.6728
46.0624,19.6907
46.0705,18.7817
46.0786,17.9380
46.0867,17.1538
46.0948,16.4230
46.1029,15.7424
46.1109,15.1062
46.1190,14.5119
46.1271,13.9545
46.1352,13.4322
46.1433,12.9415
46.1514,12.4796
46.1594,12.0438
46.1675,11.6330
46.1837,10.8770
46.1999,10.1981
46.2160,9.58612
46.2285,9.15249
46.2410,8.74999
46.2535,8.37522
46.2660,8.02554
46.2785,7.69836
46.2910,7.39217
46.3035,7.10487
46.3160,6.83488
46.3285,6.58055
46.3410,6.34103
46.3534,6.11495
46.3659,5.90129
46.3909,5.50761
46.4159,5.15354
46.4352,4.90423
46.4544,4.67337
46.4737,4.45901
46.4929,4.25960
46.5122,4.07373
46.5314,3.90019
46.5507,3.73788
46.5699,3.58585
46.5892,3.44315
46.6084,3.30916
46.6277,3.18311
46.6469,3.06438
46.6662,2.95240
46.6854,2.84667
46.7239,2.65213
46.7624,2.47752
46.8009,2.32025
46.8394,2.17805
46.8779,2.04904
46.9164,1.93163
46.9549,1.82447
46.9934,1.72639
47.0319,1.63639
47.0599,1.57550
47.0879,1.51813
47.1264,1.44448
47.1649,1.37635
47.2034,1.31320
47.2419,1.25453
47.2804,1.19993
47.3189,1.14904
47.3574,1.10153
47.3959,1.05710
47.4344,1.01549
47.4729,0.976484
47.5114,0.939861
47.5499,0.905431
47.5884,0.873022
47.6269,0.842478
47.7039,0.786440
47.7810,0.736335
47.8580,0.691365
47.9350,0.650848
48.0120,0.614216
48.0890,0.580985
48.1660,0.550759
48.2430,0.523189
48.3200,0.497984
48.3900,0.476901
48.4600,0.457386
48.5300,0.439273
48.6000,0.422422
48.6700,0.406716
48.7400,0.392064
48.8100,0.378377
48.8800,0.365574
48.9500,0.353583
49.0200,0.342339
49.1600,0.321858
49.3000,0.303719
49.4400,0.287584
49.5800,0.273174
49.7200,0.260261
49.8600,0.248652
50.0000,0.238185
50.1126,0.230500
50.2252,0.223397
50.3377,0.216821
50.4503,0.210727
50.6755,0.199817
50.9006,0.190388
51.1257,0.182240
51.3509,0.175098
51.5760,0.168839
51.8012,0.163357
52.0907,0.157287
52.3801,0.152155
52.6696,0.147820
52.9591,0.144168
53.2485,0.141107
53.5380,0.138562
53.8275,0.136474
54.1170,0.134793
54.3975,0.133512
54.6781,0.132541
54.9587,0.131855
55.2393,0.131456
55.5900,0.131324
55.9408,0.131491
56.2915,0.132004
56.6422,0.132874
56.9930,0.134023
57.3437,0.135517
57.6944,0.137328
58.0452,0.139431
58.3959,0.141908
58.7466,0.144702
59.0974,0.147857
59.4481,0.151438
59.7989,0.155388
60.1496,0.159820
60.5003,0.164678
60.8510,0.170156
61.2176,0.176550
61.5842,0.183714
61.9508,0.191763
62.3174,0.200834
62.6840,0.211101
63.0506,0.222768
63.2339,0.229204
63.4172,0.236109
63.6005,0.243524
63.7838,0.251499
64.0418,0.263789
64.2998,0.277506
64.5579,0.292889
64.8159,0.310236
65.0739,0.329914
65.2029,0.340754
65.3319,0.352327
65.4609,0.364721
65.5899,0.378062
65.7190,0.392457
65.8480,0.408003
66.0057,0.428750
66.1633,0.451675
66.3210,0.477112
66.4787,0.505457
66.6364,0.537193
66.7941,0.572906
66.8729,0.592472
66.9517,0.613315
67.0306,0.635553
67.1094,0.659316
67.2241,0.696911
67.3388,0.738570
67.4535,0.784904
67.5681,0.836625
67.6828,0.894640
67.7401,0.926358
67.7975,0.960098
67.8548,0.996057
67.9122,1.03443
67.9695,1.07544
68.0268,1.11933
68.1057,1.18490
68.1845,1.25729
68.2633,1.33749
68.3422,1.42669
68.4210,1.52631
68.4604,1.58056
68.4999,1.63808
68.5393,1.69915
68.5787,1.76408
68.6181,1.83319
68.6575,1.90685
68.7185,2.03069
68.7794,2.16817
68.8403,2.32143
68.8708,2.40476
68.9012,2.49303
68.9317,2.58668
68.9622,2.68610
68.9926,2.79183
69.0231,2.90443
69.0535,3.02452
69.0840,3.15280
69.1145,3.29004
69.1449,3.43712
69.1843,3.64368
69.2238,3.87082
69.2632,4.12144
69.3026,4.39895
69.3420,4.70744
69.3814,5.05183
69.4011,5.23930
69.4209,5.43807
69.4406,5.64911
69.4603,5.87348
69.4782,6.09003
69.4961,6.31957
69.5140,6.56319
69.5319,6.82198
69.5499,7.09760
69.5678,7.39144
69.5857,7.70523
69.6036,8.04073
69.6215,8.40053
69.6395,8.78698
69.6574,9.20295
69.6753,9.65153
69.6932,10.1371
69.7111,10.6638
69.7290,11.2370
69.7470,11.8626
69.7667,12.6212
69.7864,13.4641
69.8061,14.4063
69.8160,14.9203
69.8258,15.4658
69.8357,16.0466
69.8455,16.6650
69.8554,17.3258
69.8652,18.0318
69.8751,18.7890
69.8849,19.6009
69.8948,20.4750
69.9046,21.4157
69.9145,22.4320
69.9244,23.5297
69.9342,24.7198
69.9441,26.0094
69.9539,27.4119
69.9638,28.9361
69.9736,30.5979
69.9835,32.4082
69.9933,34.3859
70.0032,36.5438
70.0131,38.9043
70.0229,41.4820
70.0328,44.3030
70.0426,47.3838
70.0525,50.7504
70.0623,54.4276
70.0690,57.1277
70.0758,59.9927
70.0825,63.0312
70.0892,66.2519
70.0959,69.6637
70.1026,73.2754
70.1094,77.0958
70.1161,81.1339
70.1228,85.3983
70.1295,89.8974
70.1362,94.6397
70.1430,99.6330
70.1497,104.885
70.1564,110.402
70.1631,116.192
70.1698,122.259
70.1806,132.555
70.1913,143.579
70.2012,154.358
70.2110,165.755
70.2209,177.790
70.2307,190.425
70.2406,203.669
70.2505,217.467
70.2603,231.813
70.2702,246.633
70.2836,267.548
70.2970,289.115
70.3105,311.146
70.3239,333.424
70.3436,366.028
70.3633,397.789
70.3831,427.793
70.4028,455.106
70.4129,467.761
70.4230,479.343
70.4330,489.757
70.4431,498.903
70.4543,507.451
70.4655,514.226
70.4767,519.155
70.4878,522.176
70.5000,523.254
70.5163,521.072
70.5284,516.750
70.5406,510.194
70.5528,501.501
70.5650,490.806
70.5811,473.825
70.5972,454.018
70.6082,439.114
70.6192,423.277
70.6302,406.652
70.6412,389.403
70.6573,363.300
70.6734,336.689
70.7056,283.747
70.7217,258.197
70.7378,233.688
70.7539,210.464
70.7700,188.704
70.7825,172.972
70.7949,158.222
70.8074,144.472
70.8198,131.730
70.8323,119.962
70.8385,114.435
70.8447,109.153
70.8510,104.093
70.8572,99.2673
70.8634,94.6615
70.8696,90.2695
70.8777,84.8864
70.8857,79.8440
70.8938,75.1151
70.9018,70.6966
70.9099,66.5623
70.9180,62.7075
70.9260,59.1074
70.9341,55.7562
70.9421,52.6309
70.9502,49.7253
70.9582,47.0183
70.9663,44.5034
70.9743,42.1616
70.9824,39.9867
70.9905,37.9617
70.9985,36.0807
71.0066,34.3287
71.0146,32.7002
71.0227,31.1823
71.0307,29.7699
71.0388,28.4518
71.0468,27.2238
71.0549,26.0772
71.0629,25.0057
71.0710,24.0023
71.0790,23.0640
71.0871,22.1834
71.0952,21.3582
71.1032,20.5819
71.1113,19.8527
71.1193,19.1661
71.1274,18.5186
71.1435,17.3290
71.1596,16.2639
71.1757,15.3057
71.1918,14.4397
71.2079,13.6536
71.2240,12.9372
71.2401,12.2818
71.2562,11.6800
71.2724,11.1257
71.2885,10.6137
71.3046,10.1393
71.3207,9.69868
71.3368,9.28853
71.3529,8.90589
71.3690,8.54820
71.3851,8.21343
71.4012,7.89916
71.4173,7.60386
71.4334,7.32596
71.4496,7.06407
71.4818,6.58341
71.5140,6.15327
71.5462,5.76662
71.5784,5.41765
71.6107,5.10151
71.6429,4.81422
71.6692,4.59806
71.6956,4.39721
71.7219,4.21023
71.7483,4.03585
71.7747,3.87294
71.8010,3.72051
71.8274,3.57766
71.8537,3.44360
71.8801,3.31761
71.9065,3.19906
71.9328,3.08735
71.9592,2.98198
72.0119,2.78840
72.0646,2.61504
72.0968,2.51786
72.1291,2.42669
72.1613,2.34102
72.1935,2.26044
72.2579,2.11301
72.3224,1.98169
72.3868,1.86421
72.4513,1.75874
72.5157,1.66371
72.5801,1.57786
72.6299,1.51706
72.6797,1.46063
72.7295,1.40817
72.7793,1.35933
72.8291,1.31378
72.8789,1.27124
72.9287,1.23147
72.9785,1.19422
73.0780,1.12653
73.1776,1.06683
73.2772,1.01401
73.3768,0.967140
73.4421,0.939235
73.5075,0.913371
73.6382,0.867088
73.7689,0.827136
73.8996,0.792582
74.0303,0.762664
74.1610,0.736766
74.2917,0.714383
74.4224,0.695116
74.6012,0.673143
74.7800,0.655446
74.9588,0.641442
75.1376,0.630722
75.3164,0.622922
75.4952,0.617743
75.6740,0.614947
75.8527,0.614343
76.1150,0.617124
76.3772,0.623973
76.6394,0.634685
76.9016,0.649161
77.1639,0.667400
77.4261,0.689483
77.6883,0.715583
77.9505,0.745950
78.2128,0.780933
78.4750,0.820978
78.7372,0.866650
78.9994,0.918645
79.1306,0.947280
79.2617,0.977831
79.3928,1.01044
79.5239,1.04527
79.6550,1.08247
79.7861,1.12226
79.9172,1.16483
80.0483,1.21043
80.2390,1.28272
80.4298,1.36292
80.6205,1.45214
80.8112,1.55162
81.0019,1.66277
81.0972,1.72337
81.1926,1.78772
81.2880,1.85618
81.3833,1.92902
81.4787,2.00663
81.5740,2.08938
81.7051,2.21243
81.8362,2.34743
81.9673,2.49598
82.0985,2.65993
82.2296,2.84149
82.3607,3.04322
82.4918,3.26824
82.5574,3.39062
82.6229,3.52025
82.7361,3.76307
82.8494,4.03281
82.9626,4.33366
83.0192,4.49725
83.0758,4.67049
83.1325,4.85420
83.1891,5.04922
83.2457,5.25647
83.3023,5.47697
83.3589,5.71200
83.4155,5.96280
83.4722,6.23099
83.5288,6.51813
83.5943,6.87686
83.6599,7.26684
83.7255,7.69178
83.7910,8.15589
83.8566,8.66430
83.9221,9.22270
83.9877,9.83809
84.0532,10.5183
84.1009,11.0593
84.1575,11.7588
84.2141,12.5280
84.2708,13.3767
84.3274,14.3161
84.3557,14.8242
84.3840,15.3603
84.4123,15.9266
84.4406,16.5252
84.4689,17.1591
84.4972,17.8310
84.5255,18.5441
84.5538,19.3015
84.5866,20.2397
84.6194,21.2497
84.6522,22.3392
84.6849,23.5165
84.7177,24.7924
84.7505,26.1779
84.7669,26.9159
84.7833,27.6864
84.7997,28.4915
84.8161,29.3327
84.8324,30.2134
84.8488,31.1356
84.8652,32.1021
84.8816,33.1158
84.8980,34.1800
84.9144,35.2982
84.9308,36.4742
84.9472,37.7123
84.9636,39.0170
84.9800,40.3936
84.9963,41.8475
85.0127,43.3850
85.0291,45.0130
85.0455,46.7391
85.0619,48.5718
85.0783,50.5195
85.0991,53.1847
85.1200,56.0807
85.1304,57.6243
85.1409,59.2370
85.1513,60.9234
85.1617,62.6882
85.1722,64.5369
85.1826,66.4753
85.1930,68.5097
85.2034,70.6471
85.2139,72.8949
85.2243,75.2616
85.2347,77.7562
85.2452,80.3862
85.2615,84.8282
85.2697,87.2034
85.2779,89.6862
85.2861,92.2900
85.2943,95.0160
85.3025,97.8794
85.3107,100.882
85.3189,104.041
85.3271,107.360
85.3353,110.856
85.3435,114.535
85.3517,118.418
85.3599,122.508
85.3681,126.832
85.3763,131.394
85.3845,136.223
85.3927,141.324
85.4009,146.730
85.4091,152.448
85.4173,158.514
85.4254,164.935
85.4336,171.753
85.4418,178.976
85.4500,186.649
85.4582,194.782
85.4664,203.425
85.4746,212.588
85.4828,222.325
85.4910,232.647
85.4992,243.600
85.5074,255.220
85.5156,267.559
85.5238,280.625
85.5320,294.487
85.5402,309.151
85.5484,324.692
85.5566,341.110
85.5648,358.484
85.5729,376.809
85.5811,396.166
85.5893,416.545
85.5975,438.029
85.6057,460.596
85.6139,484.331
85.6221,509.202
85.6303,535.259
85.6385,562.520
85.6474,593.670
85.6564,626.281
85.6653,660.358
85.6743,695.895
85.6832,732.876
85.6921,771.276
85.7011,811.059
85.7100,852.129
85.7270,933.969
85.7441,1019.84
85.7611,1109.08
85.7781,1200.80
85.8336,1503.28
85.8571,1624.76
85.8806,1736.71
85.8943,1796.27
85.9081,1850.43
85.9218,1898.53
85.9355,1939.93
85.9516,1979.22
85.9678,2007.73
85.9839,2024.91
86.0000,2030.42
86.0059,2029.50
86.0154,2024.68
86.0249,2015.79
86.0440,1986.06
86.0630,1941.12
86.0821,1882.19
86.1003,1814.20
86.1185,1736.42
86.1367,1650.59
86.1549,1558.54
86.1736,1459.60
86.1923,1358.09
86.2296,1154.39
86.2483,1055.32
86.2670,959.932
86.2856,869.193
86.3043,783.860
86.3187,721.951
86.3332,663.742
86.3476,609.314
86.3620,558.683
86.3765,511.811
86.3909,468.609
86.4053,428.953
86.4125,410.418
86.4197,392.709
86.4291,370.955
86.4384,350.493
86.4478,331.268
86.4571,313.243
86.4664,296.323
86.4758,280.470
86.4851,265.628
86.4944,251.754
86.5038,238.765
86.5131,226.621
86.5225,215.271
86.5318,204.676
86.5411,194.764
86.5505,185.510
86.5598,176.852
86.5691,168.766
86.5785,161.195
86.5878,154.111
86.5971,147.479
86.6065,141.274
86.6158,135.451
86.6251,129.994
86.6345,124.866
86.6438,120.052
86.6532,115.520
86.6625,111.253
86.6718,107.233
86.6812,103.445
86.6998,96.4834
86.7185,90.2512
86.7372,84.6459
86.7559,79.5893
86.7745,75.0046
86.7932,70.8365
86.8119,67.0294
86.8306,63.5440
86.8492,60.3412
86.8679,57.3894
86.8866,54.6601
86.9052,52.1327
86.9239,49.7855
86.9426,47.6007
86.9613,45.5620
86.9799,43.6579
86.9986,41.8753
87.0173,40.2037
87.0360,38.6329
87.0546,37.1562
87.0733,35.7652
87.0920,34.4531
87.1106,33.2133
87.1293,32.0417
87.1667,29.8815
87.2040,27.9370
87.2413,26.1806
87.2787,24.5876
87.3160,23.1387
87.3415,22.2240
87.3670,21.3637
87.3924,20.5530
87.4179,19.7886
87.4434,19.0664
87.4688,18.3839
87.5197,17.1259
87.5707,15.9941
87.6216,14.9723
87.6725,14.0461
87.7234,13.2041
87.7608,12.6341
87.7981,12.1005
87.8355,11.6003
87.8728,11.1308
87.9102,10.6894
87.9475,10.2740
87.9849,9.88242
88.0222,9.51309
88.0596,9.16415
88.0969,8.83420
88.1716,8.22606
88.2463,7.67904
88.3210,7.18520
88.3957,6.73777
88.4704,6.33120
88.5451,5.96062
88.6198,5.62190
88.6944,5.31153
88.7691,5.02644
88.8438,4.76397
88.9185,4.52177
88.9932,4.29772
89.0679,4.09003
89.1426,3.89708
89.2173,3.71750
89.2920,3.55011
89.3667,3.39385
89.4414,3.24777
89.5160,3.11101
89.5907,2.98278
89.6654,2.86242
89.7401,2.74928
89.8148,2.64280
89.8895,2.54247
89.9642,2.44782
90.0389,2.35843
90.1136,2.27391
90.2630,2.11815
90.4123,1.97810
90.5617,1.85173
90.7111,1.73731
90.8605,1.63337
91.0099,1.53869
91.1593,1.45219
91.3086,1.37297
91.4173,1.31946
91.5259,1.26912
91.6346,1.22170
91.7432,1.17700
91.8519,1.13484
91.9605,1.09503
92.1778,1.02164
92.3951,0.955539
92.6123,0.895886
92.8296,0.841910
93.0469,0.792922
93.1963,0.761823
93.3457,0.732635
93.4951,0.705203
93.6444,0.679395
93.7938,0.655082
93.9432,0.632157
94.2420,0.590068
94.5407,0.552416
94.8395,0.518613
95.1383,0.488163
95.4370,0.460651
95.7901,0.431441
96.1432,0.405349
96.4963,0.381966
96.8494,0.360949
97.2025,0.342022
97.5556,0.325021
97.9087,0.309530
98.2617,0.295460
98.6963,0.279897
99.1309,0.266041
99.5654,0.253684
99.7827,0.248020
99.8914,0.245306
100.000,0.242672
100.089,0.240570
100.178,0.238519
100.357,0.234537
100.713,0.227097
101.070,0.220311
101.426,0.214151
101.782,0.208548
102.139,0.203456
102.495,0.198855
102.852,0.194709
103.208,0.190974
103.565,0.187642
104.278,0.182089
104.991,0.177897
105.703,0.174956
106.481,0.173102
107.259,0.172589
107.972,0.173291
108.685,0.175112
109.398,0.178090
110.111,0.182291
110.823,0.187792
111.536,0.194729
111.893,0.198780
112.249,0.203259
112.606,0.208186
112.962,0.213588
113.416,0.221226
113.870,0.229791
114.323,0.239383
114.777,0.250115
115.231,0.262128
115.684,0.275579
116.138,0.290574
116.591,0.307525
116.964,0.323102
117.337,0.340263
117.710,0.359231
118.083,0.380184
118.456,0.403622
118.828,0.429806
119.201,0.459138
119.388,0.475138
119.574,0.492122
119.787,0.512846
120.000,0.535116
120.294,0.568639
120.588,0.605751
120.882,0.647024
121.176,0.693095
121.323,0.718168
121.470,0.744685
121.617,0.772765
121.764,0.802570
121.911,0.834301
122.058,0.868132
122.205,0.904221
122.352,0.942753
122.543,0.996623
122.733,1.05547
122.923,1.12000
123.113,1.19088
123.304,1.26907
123.494,1.35550
123.684,1.45142
123.874,1.55827
124.013,1.64388
124.151,1.73696
124.289,1.83841
124.428,1.94920
124.566,2.07068
124.704,2.20407
124.843,2.35119
124.981,2.51369
125.094,2.65882
125.206,2.81691
125.318,2.98980
125.431,3.17949
125.543,3.38849
125.656,3.61907
125.768,3.87449
125.880,4.15843
125.976,4.42449
126.071,4.71701
126.166,5.04000
126.261,5.39786
126.356,5.79585
126.404,6.01203
126.451,6.24022
126.499,6.48237
126.546,6.73854
126.594,7.01101
126.641,7.29995
126.719,7.81458
126.797,8.38562
126.836,8.69604
126.875,9.02339
126.914,9.36982
126.953,9.73688
126.992,10.1273
127.031,10.5409
127.070,10.9808
127.108,11.4493
127.147,11.9490
127.186,12.4828
127.225,13.0539
127.264,13.6659
127.312,14.4765
127.359,15.3630
127.407,16.3356
127.454,17.4034
127.502,18.5847
127.526,19.2222
127.549,19.8910
127.573,20.5993
127.597,21.3472
127.621,22.1378
127.645,22.9708
127.684,24.4510
127.722,26.0797
127.742,26.9603
127.761,27.8831
127.781,28.8610
127.800,29.8880
127.820,30.9788
127.839,32.1271
127.859,33.3498
127.878,34.6403
127.898,36.0183
127.917,37.4769
127.936,39.0391
127.956,40.6981
127.980,42.8908
128.003,45.2772
128.027,47.8821
128.051,50.7215
128.075,53.8529
128.099,57.3040
128.110,59.1635
128.122,61.1207
128.134,63.1825
128.146,65.3377
128.158,67.6308
128.170,70.0529
128.182,72.6133
128.194,75.3222
128.206,78.1906
128.217,81.2302
128.229,84.4536
128.241,87.8449
128.253,91.4757
128.265,95.3336
128.277,99.4352
128.289,103.798
128.301,108.440
128.313,113.381
128.324,118.642
128.336,124.195
128.348,130.157
128.360,136.506
128.372,143.266
128.384,150.462
128.396,158.120
128.408,166.265
128.420,174.925
128.431,184.125
128.443,193.891
128.455,204.251
128.467,215.228
128.479,226.848
128.491,239.132
128.503,252.103
128.515,265.779
128.527,280.053
128.540,296.615
128.553,314.067
128.566,332.417
128.578,351.513
128.591,371.646
128.604,392.491
128.617,414.351
128.630,436.858
128.654,480.372
128.678,526.169
128.702,573.793
128.725,622.669
128.773,721.321
128.797,769.433
128.821,815.321
128.847,863.585
128.874,906.537
128.901,943.215
128.914,958.770
128.928,972.205
128.946,987.159
128.964,997.898
128.982,1004.35
129.000,1006.42
129.009,1005.79
129.024,1002.38
129.039,996.116
129.053,987.042
129.068,975.251
129.083,960.755
129.098,943.892
129.112,924.739
129.127,903.476
129.142,879.976
129.157,854.909
129.186,800.519
129.216,741.797
129.246,680.970
129.307,554.863
129.338,494.703
129.353,465.995
129.368,438.280
129.384,411.473
129.399,385.988
129.414,361.541
129.430,338.479
129.445,316.516
129.460,295.940
129.476,276.591
129.491,258.449
129.510,236.920
129.530,217.333
129.540,208.150
129.549,199.477
129.559,191.124
129.569,183.246
129.584,171.502
129.600,160.712
129.615,150.679
129.630,141.477
129.646,132.932
129.661,125.102
129.676,117.879
129.692,111.216
129.707,105.029
129.722,99.3547
129.738,94.1133
129.753,89.2675
129.768,84.7552
129.784,80.6035
129.799,76.7533
129.814,73.1782
129.830,69.8333
129.845,66.7401
129.860,63.8381
129.876,61.1468
129.891,58.6144
129.906,56.2591
129.922,54.0505
129.937,51.9765
129.952,50.0138
129.968,48.1780
129.983,46.4360
129.998,44.8024
130.029,41.7870
130.060,39.0890
130.081,37.3930
130.102,35.8173
130.122,34.3434
130.143,32.9624
130.164,31.6663
130.185,30.4480
130.206,29.3013
130.227,28.2203
130.248,27.1999
130.269,26.2356
130.311,24.4590
130.352,22.8613
130.394,21.4187
130.425,20.4463
130.456,19.5400
130.486,18.6938
130.517,17.9048
130.548,17.1632
130.578,16.4675
130.609,15.8139
130.640,15.2010
130.670,14.6217
130.701,14.0753
130.732,13.5593
130.762,13.0731
130.824,12.1755
130.885,11.3683
130.946,10.6383
131.008,9.97826
131.069,9.37759
131.130,8.83166
131.192,8.33415
131.253,7.88578
131.314,7.49202
131.345,7.32098
131.376,7.17359
131.395,7.09434
131.415,7.02990
131.434,6.98264
131.454,6.95592
131.473,6.95374
131.493,6.98076
131.512,7.04234
131.532,7.14462
131.551,7.29536
131.561,7.39112
131.571,7.50062
131.581,7.62717
131.590,7.76927
131.600,7.93098
131.610,8.11013
131.620,8.31158
131.629,8.53240
131.639,8.77834
131.649,9.04558
131.659,9.34080
131.668,9.65917
131.678,10.0084
131.688,10.3825
131.698,10.7902
131.707,11.2290
131.717,11.6997
131.727,12.1979
131.737,12.7349
131.746,13.3003
131.756,13.9063
131.766,14.5412
131.776,15.2184
131.785,15.9243
131.795,16.6737
131.805,17.4510
131.824,19.1204
131.844,20.9288
131.863,22.8805
131.883,24.9466
131.902,27.1252
131.922,29.4022
131.941,31.7614
131.961,34.1845
132.000,39.1426
132.000,73.3813
135.936,72.2824
150.000,68.3554
158.489,66.3991
170.000,63.7466
184.785,61.0095
200.000,58.1929
215.444,56.0627
250.000,51.2961
251.189,51.1757
292.865,46.9541
300.000,46.2313
341.455,42.9834
350.000,42.3139
398.107,39.2895
400.000,39.1705
464.159,36.1059
500.000,34.3939
541.170,32.9539
600.000,30.8961
630.957,30.0607
700.000,28.1975
720.000,27.7285
735.642,27.4132
850.000,25.1078
857.696,24.9876
1000.00,22.7650
1165.91,20.7849
1200.00,20.3781
1250.00,19.8764
1359.36,18.9562
1500.00,17.7726
1584.89,17.2114
1700.00,16.4504
1847.85,15.6717
2000.00,14.8704
2154.44,14.2070
2200.00,14.0113
2511.89,12.9569
2700.00,12.3209
2928.65,11.7478
3200.00,11.0675
3414.55,10.6499
3700.00,10.0942
3981.07,9.65489
4200.00,9.31268
4641.59,8.74408
4700.00,8.66887
5200.00,8.12778
5411.70,7.94522
6200.00,7.26543
6309.57,7.19311
7200.00,6.60543
7356.42,6.52350
8200.00,6.08164
8576.96,5.92059
9200.00,5.65440
10000.0,5.36954
10200.0,5.29833
11200.0,4.99640
11659.1,4.87715
12200.0,4.73668
13200.0,4.51059
13593.6,4.43234
14200.0,4.31175
15200.0,4.13533
15848.9,4.03297
16200.0,3.97760
17200.0,3.83561
18200.0,3.70703
18478.5,3.67443
19200.0,3.58997
20200.0,3.48287
21200.0,3.38447
21544.4,3.35321
22200.0,3.29369
23200.0,3.20965
24200.0,3.13158
25118.9,3.06473
25200.0,3.05883
26200.0,2.99086
27200.0,2.92718
28200.0,2.86737
29200.0,2.81108
29286.5,2.80649
30200.0,2.75799
31200.0,2.70780
32200.0,2.66029
33200.0,2.61522
34145.5,2.57474
34200.0,2.57240
35200.0,2.53166
36200.0,2.49284
37200.0,2.45579
38200.0,2.42040
39200.0,2.38653
39810.7,2.36672
40200.0,2.35410
41000.0,2.32912
41000.0,2.32534
41824.1,2.29562
41824.1,2.29562
46415.9,2.13005
50000.0,2.00082
54117.0,1.88434
60000.0,1.71789
63095.7,1.63030
65000.0,1.57642
70000.0,1.47464
73564.2,1.38603
80000.0,1.22602
85769.6,1.13730
90000.0,1.07225
93945.6,1.02501
93945.6,1.02501
95727.3,1.00368
95727.3,1.00368
100000,0.952527
110484,0.886281
110484,0.886280
116591,0.847689
120000,0.826151
130000,0.762963
130002,0.762953
135790,0.734044
135790,0.734044
135936,0.733317
150000,0.663069
158489,0.641074
169511,0.612518
169511,0.612518
172531,0.604694
172531,0.604693
184700,0.573164
184700,0.573163
184785,0.572944
200000,0.533523
213429,0.516804
213429,0.516804
215444,0.514296
217395,0.511867
217395,0.511866
220847,0.507569
220847,0.507568
222760,0.505187
222760,0.505187
250000,0.471273
251189,0.470864
251196,0.470861
251196,0.470861
292225,0.456727
292865,0.456507
300000,0.454049
305572,0.450901
305572,0.450901
317501,0.444161
317501,0.444161
318195,0.443769
318195,0.443769
323117,0.440988
323117,0.440988
330164,0.437007
330164,0.437006
335398,0.434049
335398,0.434049
341455,0.430627
363381,0.418239
363381,0.418239
363744,0.418034
363744,0.418034
365797,0.416874
365797,0.416874
371182,0.413831
371182,0.413831
397907,0.398732
397908,0.398731
398107,0.398618
400000,0.397549
415503,0.393966
415503,0.393966
431830,0.390192
431830,0.390192
439198,0.388489
445097,0.387125
445097,0.387125
451408,0.385667
451408,0.385667
464159,0.382719
486689,0.377512
486689,0.377512
493846,0.375857
493846,0.375857
495000,0.375591
495000,0.375591
500000,0.374435
509338,0.372960
509338,0.372960
512196,0.372508
512196,0.372508
517692,0.371640
517692,0.371639
533899,0.369079
533899,0.369079
541170,0.367930
552289,0.366173
552289,0.366173
554534,0.365818
554534,0.365818
600000,0.358634
630957,0.353742
700000,0.342833
735642,0.337201
800000,0.327032
857696,0.325001
900000,0.323512
1.00000E+06,0.312023
1.10000E+06,0.301423
1.20000E+06,0.290823
1.30000E+06,0.264699
1.40000E+06,0.238574
1.50000E+06,0.212450
1.60000E+06,0.199883
1.70000E+06,0.187316
1.80000E+06,0.178383
1.90000E+06,0.169449
2.00000E+06,0.160516
2.50000E+06,0.113293
3.00000E+06,0.0790152
3.50000E+06,0.0545063
4.00000E+06,0.0377378
4.06866E+06,0.0361529
4.50000E+06,0.0261960
5.00000E+06,0.0182102
5.50000E+06,0.0124098
6.00000E+06,0.00660943
6.28821E+06,0.00541699
6.28821E+06,0.00541699
6.50000E+06,0.00454070
7.00000E+06,0.00313833
7.33205E+06,0.00257458
7.50000E+06,0.00228943
7.80000E+06,0.00191061
8.00000E+06,0.00165806
8.50000E+06,0.00130420
9.00000E+06,0.00117089
9.50000E+06,0.00112758
1.00000E+07,0.00112495
1.04900E+07,0.00112515
1.05000E+07,0.00112499
1.10000E+07,0.00111707
1.15000E+07,0.00108752
1.20000E+07,0.00107657
1.30000E+07,0.00103852
1.36796E+07,0.000958689
1.40000E+07,0.000921053
1.49339E+07,0.000811354
1.49339E+07,0.000811353
1.50000E+07,0.000803585
1.60000E+07,0.000660498
1.65000E+07,0.000564610
1.70000E+07,0.000493064
1.75000E+07,0.000421517
1.80000E+07,0.000361452
1.85000E+07,0.000301387
1.90000E+07,0.000262599
2.00000E+07,0.000190900
