1.00000E-05,106468
1.03125E-05,104843
1.06250E-05,103290
1.09375E-05,101804
1.12500E-05,100380
1.15625E-05,99014.1
1.18750E-05,97702.7
1.21875E-05,96442.0
1.25000E-05,95229.0
1.28125E-05,94060.6
1.31250E-05,92934.2
1.34375E-05,91847.3
1.37500E-05,90797.7
1.43750E-05,88802.0
1.50000E-05,86932.5
1.56250E-05,85176.3
1.62500E-05,83522.4
1.68750E-05,81961.3
1.75000E-05,80484.5
1.81250E-05,79084.8
1.87500E-05,77755.8
1.93750E-05,76491.5
2.00000E-05,75287.0
2.09375E-05,73582.4
2.18750E-05,71988.6
2.28125E-05,70494.1
2.37500E-05,69089.0
2.46875E-05,67764.7
2.56250E-05,66513.7
2.65625E-05,65329.6
2.75000E-05,64206.6
2.84375E-05,63139.6
2.93750E-05,62124.0
3.03125E-05,61156.0
3.12500E-05,60231.9
3.21875E-05,59348.4
3.31250E-05,58502.7
3.40625E-05,57692.2
3.50000E-05,56914.5
3.59375E-05,56167.4
3.68750E-05,55449.0
3.78125E-05,54757.4
3.87500E-05,54091.2
3.96875E-05,53448.6
4.06250E-05,52828.5
4.25000E-05,51650.3
4.43750E-05,50547.7
4.62500E-05,49512.8
4.81250E-05,48538.9
5.00000E-05,47620.4
5.15625E-05,46893.6
5.31250E-05,46199.1
5.46875E-05,45534.6
5.62500E-05,44897.9
5.78125E-05,44287.3
5.93750E-05,43700.9
6.09375E-05,43137.2
6.25000E-05,42594.8
6.40625E-05,42072.4
6.56250E-05,41568.7
6.71875E-05,41082.7
6.87500E-05,40613.4
7.18750E-05,39721.1
7.50000E-05,38885.2
7.81250E-05,38099.9
8.12500E-05,37360.4
8.43750E-05,36662.4
8.75000E-05,36002.2
9.06250E-05,35376.4
9.37500E-05,34782.1
9.68750E-05,34216.9
0.000100000,33678.3
0.000103125,33164.5
0.000106250,32673.5
0.000109375,32203.7
0.000112500,31753.6
0.000115625,31321.8
0.000118750,30907.3
0.000121875,30508.8
0.000125000,30125.3
0.000128125,29756.0
0.000131250,29399.9
0.000134375,29056.4
0.000137500,28724.6
0.000143750,28093.8
0.000150000,27502.8
0.000156250,26947.7
0.000162500,26425.0
0.000168750,25931.5
0.000175000,25464.8
0.000181250,25022.4
0.000187500,24602.3
0.000193750,24202.8
0.000200000,23822.1
0.000209375,23283.4
0.000218750,22779.7
0.000228125,22307.4
0.000237500,21863.4
0.000246875,21444.9
0.000256250,21049.6
0.000265625,20675.5
0.000275000,20320.6
0.000284375,19983.5
0.000293750,19662.6
0.000303125,19356.8
0.000312500,19064.8
0.000321875,18785.7
0.000331250,18518.6
0.000340625,18262.5
0.000350000,18016.8
0.000359375,17780.8
0.000368750,17553.9
0.000378125,17335.5
0.000387500,17125.0
0.000396875,16922.1
0.000406250,16726.2
0.000425000,16354.1
0.000443750,16005.8
0.000462500,15679.0
0.000481250,15371.5
0.000500000,15081.5
0.000515625,14852.0
0.000531250,14632.7
0.000546875,14422.9
0.000562500,14221.9
0.000578125,14029.2
0.000593750,13844.1
0.000609375,13666.1
0.000625000,13494.9
0.000640625,13330.0
0.000656250,13171.1
0.000671875,13017.7
0.000687500,12869.6
0.000718750,12588.0
0.000750000,12324.3
0.000781250,12076.5
0.000812500,11843.3
0.000843750,11623.1
0.000875000,11414.8
0.000906250,11217.5
0.000937500,11030.1
0.000968750,10851.9
0.00100000,10682.1
0.00103125,10520.1
0.00106250,10365.3
0.00109375,10217.2
0.00112500,10075.4
0.00115625,9939.33
0.00118750,9808.71
0.00121875,9683.15
0.00125000,9562.35
0.00128125,9446.00
0.00131250,9333.85
0.00134375,9225.65
0.00137500,9121.16
0.00143750,8922.54
0.00150000,8736.51
0.00156250,8561.79
0.00162500,8397.28
0.00168750,8242.03
0.00175000,8095.21
0.00181250,7956.08
0.00187500,7823.99
0.00193750,7698.37
0.00200000,7578.71
0.00209375,7409.42
0.00218750,7251.18
0.00228125,7102.84
0.00237500,6963.43
0.00246875,6832.07
0.00256250,6708.03
0.00265625,6590.65
0.00275000,6479.37
0.00284375,6373.67
0.00293750,6273.11
0.00303125,6177.28
0.00312500,6085.82
0.00321875,5998.42
0.00331250,5914.79
0.00340625,5834.66
0.00350000,5757.80
0.00359375,5683.99
0.00368750,5613.03
0.00378125,5544.76
0.00387500,5479.00
0.00396875,5415.61
0.00406250,5354.44
0.00425000,5238.30
0.00443750,5129.67
0.00462500,5027.78
0.00481250,4931.98
0.00500000,4841.68
0.00515625,4770.26
0.00531250,4702.07
0.00546875,4636.85
0.00562500,4574.41
0.00578125,4514.55
0.00593750,4457.10
0.00609375,4401.91
0.00625000,4348.83
0.00640625,4297.74
0.00656250,4248.51
0.00687500,4155.21
0.00718750,4068.17
0.00750000,3986.73
0.00781250,3910.30
0.00812500,3838.42
0.00843750,3770.64
0.00875000,3706.61
0.00906250,3645.99
0.00937500,3588.50
0.00968750,3533.89
0.0100000,3481.92
0.0103125,3432.39
0.0106250,3385.13
0.0109375,3339.96
0.0112500,3296.75
0.0115625,3255.36
0.0118750,3215.67
0.0121875,3177.56
0.0125000,3140.94
0.0128125,3105.72
0.0131250,3071.81
0.0137500,3007.61
0.0143750,2947.80
0.0150000,2891.91
0.0156250,2839.56
0.0162500,2790.38
0.0168750,2744.10
0.0175000,2700.43
0.0181250,2659.17
0.0187500,2620.10
0.0193750,2583.04
0.0200000,2547.85
0.0206625,2512.41
0.0213250,2478.74
0.0219875,2446.72
0.0226500,2416.21
0.0233125,2387.11
0.0239750,2359.32
0.0246375,2332.76
0.0253000,2307.33
0.0259754,2282.51
0.0266508,2258.72
0.0273262,2235.91
0.0280016,2214.02
0.0293524,2172.76
0.0307031,2134.56
0.0320539,2099.09
0.0334047,2066.06
0.0347555,2035.23
0.0361063,2006.39
0.0378430,1971.96
0.0395797,1940.19
0.0413164,1910.81
0.0430531,1883.57
0.0447899,1858.28
0.0465266,1834.74
0.0482633,1812.80
0.0500000,1792.32
0.0515625,1775.04
0.0531250,1758.78
0.0546875,1743.44
0.0562500,1728.98
0.0578125,1715.34
0.0593750,1702.46
0.0625000,1678.77
0.0656250,1657.58
0.0687500,1638.61
0.0718750,1621.64
0.0750000,1606.48
0.0781250,1592.96
0.0812500,1580.94
0.0843750,1570.28
0.0875000,1560.88
0.0906250,1552.65
0.0937500,1545.50
0.0968750,1539.35
0.100000,1534.14
0.103125,1529.82
0.106250,1526.34
0.109375,1523.65
0.112500,1521.70
0.115625,1520.47
0.118750,1519.93
0.121875,1520.04
0.125000,1520.78
0.128125,1522.13
0.131250,1524.07
0.134375,1526.58
0.137500,1529.65
0.140625,1533.26
0.143750,1537.40
0.146875,1542.07
0.150000,1547.24
0.153125,1552.92
0.156250,1559.10
0.159375,1565.77
0.162500,1572.94
0.165625,1580.59
0.168750,1588.72
0.171875,1597.34
0.175000,1606.45
0.178125,1616.04
0.181250,1626.12
0.184375,1636.68
0.187500,1647.74
0.190625,1659.29
0.193750,1671.35
0.196875,1683.91
0.200000,1696.98
0.203223,1711.01
0.206445,1725.60
0.209668,1740.76
0.212891,1756.50
0.216113,1772.83
0.219336,1789.77
0.222559,1807.33
0.225781,1825.52
0.229004,1844.35
0.232227,1863.84
0.235449,1884.02
0.238672,1904.88
0.241895,1926.46
0.245117,1948.78
0.248340,1971.85
0.251563,1995.70
0.254492,2018.07
0.257422,2041.13
0.260352,2064.88
0.263281,2089.36
0.266211,2114.57
0.269141,2140.55
0.272070,2167.32
0.275000,2194.91
0.278223,2226.22
0.281445,2258.58
0.284668,2292.03
0.287891,2326.62
0.291113,2362.38
0.294336,2399.36
0.297559,2437.60
0.300781,2477.16
0.304004,2518.10
0.307227,2560.46
0.310449,2604.31
0.313672,2649.70
0.316895,2696.72
0.320117,2745.42
0.323340,2795.88
0.326563,2848.18
0.329492,2897.40
0.332422,2948.27
0.335352,3000.87
0.338281,3055.28
0.341211,3111.56
0.344141,3169.80
0.347070,3230.10
0.350000,3292.54
0.353223,3363.82
0.356445,3437.95
0.359668,3515.08
0.362891,3595.37
0.364502,3636.75
0.366113,3678.99
0.367725,3722.10
0.369336,3766.12
0.370947,3811.06
0.372559,3856.95
0.374170,3903.82
0.375781,3951.69
0.377393,4000.60
0.379004,4050.57
0.380615,4101.63
0.382227,4153.82
0.383838,4207.17
0.385449,4261.70
0.387061,4317.46
0.388672,4374.48
0.390283,4432.81
0.391895,4492.47
0.393506,4553.51
0.395117,4615.97
0.396729,4679.91
0.398340,4745.35
0.399951,4812.35
0.401563,4880.96
0.403027,4944.78
0.404492,5010.00
0.405957,5076.68
0.407422,5144.85
0.408887,5214.57
0.410352,5285.87
0.411817,5358.81
0.413281,5433.44
0.414746,5509.80
0.416211,5587.95
0.417676,5667.95
0.419141,5749.85
0.420606,5833.72
0.422070,5919.62
0.423535,6007.60
0.425000,6097.75
0.426392,6185.47
0.427783,6275.25
0.429175,6367.18
0.430567,6461.32
0.431958,6557.74
0.433350,6656.52
0.434741,6757.72
0.436133,6861.44
0.437525,6967.76
0.438916,7076.76
0.440308,7188.53
0.441699,7303.17
0.443091,7420.78
0.444483,7541.45
0.445874,7665.30
0.447266,7792.44
0.448877,7943.93
0.450488,8100.16
0.452100,8261.34
0.453711,8427.69
0.455322,8599.43
0.456934,8776.78
0.458545,8960.00
0.460156,9149.34
0.461768,9345.08
0.463379,9547.49
0.464990,9756.89
0.466602,9973.59
0.468213,10198.0
0.469824,10430.3
0.471436,10671.1
0.473047,10920.6
0.474658,11179.3
0.476270,11447.7
0.477881,11726.3
0.479492,12015.5
0.481104,12315.9
0.482715,12628.0
0.484326,12952.5
0.485938,13290.1
0.486817,13479.9
0.487695,13674.0
0.488574,13872.3
0.489453,14075.1
0.490332,14282.5
0.491211,14494.5
0.492090,14711.4
0.492969,14933.3
0.493848,15160.3
0.494727,15392.6
0.495606,15630.4
0.496484,15873.7
0.500000,16906.8
0.502746,17785.8
0.505492,18735.0
0.508237,19761.8
0.510983,20874.2
0.513729,22081.3
0.516474,23393.2
0.519220,24821.3
0.521966,26378.2
0.524711,28077.6
0.527457,29935.1
0.530203,31967.1
0.532949,34191.8
0.535694,36628.2
0.538440,39296.5
0.541186,42216.7
0.543931,45408.6
0.546686,48902.1
0.549441,52702.2
0.552195,56818.9
0.554950,61254.7
0.557705,66002.4
0.560460,71041.8
0.563214,76337.6
0.565969,81836.5
0.572692,95617.1
0.576054,102328
0.579416,108604
0.582777,114186
0.584458,116635
0.586139,118815
0.587820,120699
0.589501,122261
0.591182,123481
0.592863,124342
0.594931,124891
0.597000,124866
0.599069,124268
0.600750,123367
0.602431,122108
0.604112,120508
0.605792,118588
0.607473,116371
0.609154,113887
0.610835,111165
0.612516,108237
0.615877,101892
0.619239,95107.1
0.625963,81154.9
0.630248,72554.4
0.632391,68448.9
0.634534,64505.0
0.636676,60738.0
0.638819,57158.6
0.640962,53772.3
0.643104,50580.7
0.645814,46820.8
0.648523,43360.2
0.651232,40184.9
0.653941,37278.0
0.656651,34620.7
0.659360,32193.9
0.662069,29978.4
0.664778,27955.5
0.666765,26584.2
0.668752,25300.6
0.670739,24098.3
0.672725,22971.8
0.674712,21915.4
0.676699,20924.1
0.678686,19993.4
0.680672,19118.8
0.682659,18296.3
0.684646,17522.3
0.686633,16793.1
0.688620,16105.9
0.690606,15457.4
0.692593,14845.2
0.694580,14266.7
0.696567,13719.6
0.698553,13201.7
0.700540,12711.2
0.704514,11805.1
0.708487,10988.5
0.712461,10250.3
0.716434,9581.08
0.720408,8972.88
0.724381,8418.65
0.728355,7912.38
0.730883,7612.75
0.733412,7329.21
0.738469,6806.08
0.743526,6335.20
0.748584,5909.97
0.753641,5524.76
0.758698,5174.76
0.763755,4855.85
0.768813,4564.50
0.772786,4352.91
0.776760,4155.16
0.780733,3970.10
0.784707,3796.67
0.788680,3633.96
0.792654,3481.11
0.796627,3337.36
0.800601,3202.02
0.804574,3074.45
0.808548,2954.08
0.812522,2840.39
0.816495,2732.90
0.820469,2631.18
0.824442,2534.82
0.832389,2356.79
0.840336,2196.21
0.848283,2050.93
0.856230,1919.08
0.864177,1799.09
0.872125,1689.60
0.880072,1589.43
0.888019,1497.58
0.895966,1413.18
0.901745,1356.02
0.907525,1302.14
0.913305,1251.28
0.919085,1203.25
0.924864,1157.83
0.930644,1114.84
0.942203,1035.46
0.953763,963.894
0.965322,899.156
0.976881,840.432
0.988441,787.020
1.00000,738.313
1.01367,686.082
1.02734,638.996
1.04102,596.425
1.05469,557.829
1.06836,522.722
1.08203,490.671
1.09570,461.322
1.10938,434.395
1.11817,418.247
1.12695,402.942
1.14453,374.634
1.16211,349.074
1.17969,325.924
1.19727,304.897
1.21484,285.747
1.23242,268.262
1.25000,252.258
1.27149,234.478
1.29297,218.427
1.31445,203.891
1.33594,190.690
1.35742,178.669
1.37891,167.695
1.40039,157.652
1.42188,148.441
1.44141,140.715
1.46094,133.547
1.48047,126.886
1.50000,120.686
1.51563,116.030
1.53125,111.628
1.54688,107.463
1.56250,103.521
1.59375,96.2245
1.62500,89.6199
1.65625,83.6365
1.68750,78.2035
1.71875,73.2570
1.75000,68.7423
1.78125,64.6118
1.81250,60.8243
1.84375,57.3437
1.87500,54.1388
1.90625,51.1820
1.93750,48.4489
1.96875,45.9177
2.00000,43.5686
2.02930,41.5214
2.05859,39.6152
2.08789,37.8278
2.11719,36.1486
2.14649,34.5725
2.17578,33.0924
2.20508,31.7006
2.23438,30.3907
2.26367,29.1564
2.29297,27.9922
2.32227,26.8931
2.35156,25.8544
2.38086,24.8719
2.41016,23.9418
2.46875,22.2248
2.50391,21.2778
2.53906,20.3875
2.57422,19.5495
2.60938,18.7598
2.64453,18.0150
2.67969,17.3119
2.71484,16.6474
2.75000,16.0189
2.81445,14.9520
2.87891,13.9844
2.94336,13.1045
3.00781,12.3022
3.07227,11.5691
3.13672,10.8975
3.20117,10.2811
3.26563,9.71404
3.32422,9.23725
3.38281,8.79386
3.44141,8.38102
3.50000,7.99762
3.59375,7.43507
3.68750,6.92740
3.78125,6.46947
3.87500,6.05519
3.96875,5.67939
4.06250,5.33759
4.15625,5.02597
4.25000,4.74121
4.34375,4.48041
4.43750,4.24108
4.53125,4.02101
4.62500,3.81828
4.71875,3.63120
4.81250,3.45827
4.90625,3.29818
5.00000,3.15020
5.10050,3.00368
5.20101,2.86731
5.30151,2.74063
5.40202,2.62370
5.50252,2.51505
5.60302,2.41366
5.70353,2.31965
5.80403,2.23217
5.90454,2.15030
6.00504,2.07409
6.10554,2.00311
6.20605,1.93661
6.30655,1.87452
6.40706,1.81669
6.50756,1.76253
6.60806,1.71192
6.80907,1.62089
7.01008,1.54192
7.21109,1.47416
7.41209,1.41714
7.61310,1.37058
7.71361,1.35151
7.81411,1.33528
7.91461,1.32221
8.01512,1.31275
8.11562,1.30722
8.21613,1.30591
8.29836,1.30895
8.38059,1.31672
8.46282,1.32996
8.54505,1.35002
8.62728,1.37880
8.66839,1.39721
8.70951,1.41879
8.75062,1.44413
8.79174,1.47406
8.83285,1.50945
8.87397,1.55133
8.91052,1.59506
8.94706,1.64615
8.98361,1.70608
9.02016,1.77674
9.03843,1.81685
9.05670,1.86065
9.07498,1.90860
9.09325,1.96122
9.11153,2.01913
9.12980,2.08302
9.14807,2.15370
9.16634,2.23215
9.18690,2.33110
9.20746,2.44327
9.22802,2.57108
9.24858,2.71754
9.25885,2.79892
9.26913,2.88648
9.27941,2.98085
9.28969,3.08278
9.29997,3.19310
9.31025,3.31277
9.32053,3.44292
9.33081,3.58479
9.34337,3.77634
9.35593,3.99091
9.36850,4.23243
9.38106,4.50578
9.38734,4.65625
9.39362,4.81703
9.39990,4.98921
9.40618,5.17387
9.41247,5.37238
9.41875,5.58618
9.42503,5.81701
9.43131,6.06684
9.43616,6.27438
9.44102,6.49583
9.44587,6.73258
9.45073,6.98615
9.45558,7.25830
9.46043,7.55102
9.46529,7.86655
9.47014,8.20749
9.47500,8.57677
9.47985,8.97775
9.48470,9.41427
9.48956,9.89071
9.49441,10.4121
9.49927,10.9841
9.50412,11.6132
9.50897,12.3066
9.51211,12.7937
9.51525,13.3136
9.51840,13.8691
9.52154,14.4628
9.52468,15.0983
9.52782,15.7785
9.53096,16.5070
9.53410,17.2872
9.53724,18.1236
9.54038,19.0199
9.54352,19.9806
9.54666,21.0098
9.54980,22.1128
9.55294,23.2942
9.55608,24.5590
9.55922,25.9117
9.56208,27.2232
9.56494,28.6153
9.56779,30.0925
9.57065,31.6585
9.57350,33.3175
9.57636,35.0722
9.57921,36.9263
9.58207,38.8831
9.58492,40.9462
9.58778,43.1168
9.59063,45.3978
9.59349,47.7909
9.59634,50.2974
9.59920,52.9179
9.60205,55.6526
9.60491,58.5009
9.60805,61.7640
9.61119,65.1601
9.61747,72.3332
9.62375,79.9714
9.63003,88.0020
9.64260,104.844
9.65516,121.838
9.66315,132.147
9.67115,141.623
9.67557,146.376
9.68000,150.702
9.68500,155.005
9.69000,158.617
9.69500,161.475
9.70000,163.531
9.70500,164.747
9.71000,165.100
9.71500,164.586
9.72000,163.215
9.72500,161.010
9.73000,158.013
9.73500,154.277
9.74000,149.867
9.74554,144.284
9.75108,138.078
9.75662,131.370
9.76216,124.280
9.77324,109.435
9.78433,94.4656
9.78987,87.1805
9.79542,80.1353
9.80096,73.3929
9.80650,67.0038
9.81204,61.0014
9.81759,55.4100
9.82036,52.7720
9.82313,50.2413
9.82590,47.8159
9.82867,45.4969
9.83144,43.2816
9.83422,41.1700
9.83699,39.1587
9.83976,37.2468
9.84253,35.4304
9.84530,33.7081
9.84807,32.0754
9.85084,30.5306
9.85362,29.0692
9.85639,27.6888
9.85916,26.3851
9.86193,25.1554
9.86470,23.9956
9.86747,22.9029
9.87025,21.8732
9.87302,20.9040
9.87579,19.9912
9.87856,19.1324
9.88133,18.3238
9.88410,17.5631
9.88687,16.8470
9.88965,16.1732
9.89242,15.5386
9.89519,14.9413
9.89972,14.0372
9.90426,13.2167
9.90879,12.4707
9.91333,11.7915
9.91786,11.1720
9.92240,10.6059
9.92693,10.0875
9.93147,9.61178
9.93601,9.17418
9.94054,8.77093
9.94508,8.39843
9.94961,8.05357
9.95415,7.73362
9.95868,7.43615
9.96322,7.15901
9.96775,6.90031
9.97581,6.48076
9.98388,6.10627
9.99194,5.77018
10.0000,5.46723
10.0067,5.23676
10.0134,5.02433
10.0202,4.82745
10.0269,4.64510
10.0336,4.47532
10.0403,4.31741
10.0470,4.16980
10.0537,4.03200
10.0604,3.90275
10.0672,3.78169
10.0806,3.56079
10.0940,3.36475
10.1074,3.19001
10.1190,3.05369
10.1306,2.92930
10.1422,2.81546
10.1538,2.71106
10.1654,2.61491
10.1770,2.52628
10.1886,2.44427
10.2002,2.36834
10.2118,2.29778
10.2234,2.23214
10.2466,2.11391
10.2698,2.01055
10.2930,1.91966
10.3113,1.85537
10.3296,1.79689
10.3479,1.74350
10.3662,1.69462
10.3845,1.64976
10.4028,1.60850
10.4395,1.53525
10.4761,1.47237
10.5127,1.41792
10.5493,1.37045
10.5859,1.32882
10.6275,1.28757
10.6690,1.25161
10.7105,1.22008
10.7520,1.19234
10.7935,1.16780
10.8350,1.14594
10.9180,1.10870
11.0010,1.07850
11.0840,1.05382
11.1670,1.03350
11.2500,1.01666
11.3672,0.997690
11.4844,0.983308
11.6016,0.972036
11.7188,0.963568
11.8359,0.957456
11.9531,0.953318
12.1875,0.949957
12.3438,0.950819
12.5000,0.953963
12.8125,0.965811
13.1250,0.984450
13.4375,1.00969
13.7500,1.04152
14.0625,1.08024
14.3750,1.12635
14.6875,1.18040
14.8438,1.21068
15.0000,1.24356
15.2149,1.29306
15.4297,1.34797
15.6445,1.40890
15.8594,1.47657
16.0742,1.55179
16.2891,1.63556
16.5039,1.72905
16.7188,1.83364
16.9141,1.93978
17.1094,2.05797
17.3047,2.19001
17.5000,2.33804
17.6660,2.47838
17.8320,2.63404
17.9981,2.80729
18.1641,3.00081
18.2471,3.10616
18.3301,3.21778
18.4131,3.33578
18.4961,3.46092
18.5791,3.59454
18.6621,3.73712
18.7451,3.88923
18.8281,4.05170
18.9356,4.27895
19.0430,4.52754
19.1504,4.80026
19.2578,5.10034
19.3652,5.43156
19.4727,5.79840
19.5801,6.20619
19.6875,6.66126
19.7656,7.02627
19.8438,7.42370
19.9219,7.85764
20.0000,8.33258
20.0600,8.72820
20.1199,9.15368
20.1798,9.61193
20.2398,10.1065
20.2997,10.6420
20.3297,10.9265
20.3597,11.2232
20.3896,11.5326
20.4196,11.8555
20.4496,12.1926
20.4795,12.5448
20.4987,12.7787
20.5179,13.0192
20.5371,13.2669
20.5563,13.5219
20.5755,13.7847
20.5946,14.0553
20.6042,14.1938
20.6138,14.3343
20.6234,14.4770
20.6330,14.6219
20.6426,14.7691
20.6522,14.9186
20.6618,15.0704
20.6714,15.2246
20.6809,15.3813
20.6905,15.5404
20.7001,15.7021
20.7097,15.8665
20.7229,16.0968
20.7361,16.3324
20.7493,16.5733
20.7625,16.8196
20.7733,17.0254
20.7840,17.2351
20.7948,17.4489
20.8056,17.6667
20.8188,17.9387
20.8320,18.2172
20.8452,18.5024
20.8584,18.7943
20.8716,19.0936
20.8847,19.4000
20.8979,19.7143
20.9111,20.0363
20.9177,20.2005
20.9243,20.3666
20.9309,20.5350
20.9375,20.7054
20.9441,20.8782
20.9507,21.0529
20.9573,21.2301
20.9639,21.4094
20.9741,21.6912
20.9843,21.9788
20.9944,22.2723
21.0046,22.5718
21.0148,22.8775
21.0250,23.1896
21.0352,23.5083
21.0454,23.8334
21.0520,24.0479
21.0586,24.2650
21.0652,24.4855
21.0718,24.7087
21.0850,25.1650
21.0981,25.6339
21.1113,26.1167
21.1245,26.6136
21.1377,27.1251
21.1509,27.6514
21.1641,28.1940
21.1773,28.7529
21.1905,29.3291
21.2036,29.9226
21.2168,30.5351
21.2300,31.1671
21.2432,31.8193
21.2564,32.4921
21.2696,33.1874
21.2828,33.9057
21.2960,34.6481
21.3091,35.4151
21.3223,36.2090
21.3355,37.0297
21.3487,37.8800
21.3619,38.7598
21.3763,39.7565
21.3907,40.7930
21.4050,41.8713
21.4194,42.9931
21.4338,44.1622
21.4482,45.3798
21.4626,46.6503
21.4770,47.9749
21.4884,49.0653
21.4997,50.1939
21.5111,51.3626
21.5225,52.5733
21.5339,53.8280
21.5453,55.1290
21.5567,56.4786
21.5681,57.8780
21.5795,59.3323
21.5909,60.8431
21.6022,62.4135
21.6136,64.0465
21.6250,65.7458
21.6364,67.5150
21.6478,69.3580
21.6592,71.2773
21.6724,73.6054
21.6856,76.0519
21.6988,78.6250
21.7119,81.3318
21.7251,84.1861
21.7383,87.1967
21.7515,90.3754
21.7647,93.7325
21.7779,97.2874
21.7911,101.053
21.8043,105.047
21.8174,109.286
21.8306,113.796
21.8438,118.598
21.8570,123.720
21.8702,129.185
21.8834,135.035
21.8966,141.304
21.9098,148.034
21.9229,155.266
21.9361,163.065
21.9493,171.481
21.9625,180.598
21.9757,190.483
21.9889,201.245
21.9955,206.990
22.0021,212.986
22.0087,219.269
22.0152,225.836
22.0218,232.718
22.0284,239.934
22.0350,247.522
22.0416,255.483
22.0482,263.870
22.0548,272.687
22.0614,281.997
22.0680,291.808
22.0746,302.177
22.0812,313.148
22.0878,324.792
22.0944,337.130
22.1010,350.266
22.1076,364.230
22.1142,379.146
22.1207,395.060
22.1273,412.096
22.1339,430.369
22.1405,450.041
22.1471,471.201
22.1537,494.080
22.1603,518.798
22.1669,545.644
22.1735,574.779
22.1801,606.514
22.1867,641.157
22.1906,663.168
22.1945,686.394
22.1984,710.921
22.2023,736.768
22.2062,764.165
22.2101,793.069
22.2140,823.738
22.2178,856.127
22.2217,890.522
22.2256,926.970
22.2295,965.604
22.2334,1006.46
22.2373,1049.89
22.2412,1095.83
22.2451,1144.67
22.2490,1196.33
22.2523,1242.59
22.2556,1291.20
22.2589,1342.26
22.2622,1395.74
22.2655,1452.06
22.2688,1511.00
22.2721,1573.05
22.2754,1637.93
22.2787,1706.17
22.2820,1777.69
22.2853,1852.62
22.2886,1930.83
22.2919,2012.90
22.2952,2098.47
22.2985,2188.14
22.3018,2281.50
22.3051,2379.21
22.3084,2481.07
22.3149,2697.31
22.3215,2931.46
22.3281,3183.26
22.3347,3453.73
22.3413,3742.06
22.3479,4048.89
22.3545,4372.75
22.3596,4634.85
22.3647,4905.84
22.3749,5473.79
22.3851,6069.69
22.3953,6684.51
22.4085,7490.21
22.4216,8280.10
22.4348,9023.67
22.4414,9367.25
22.4480,9686.73
22.4568,10069.0
22.4656,10392.6
22.4744,10650.1
22.4832,10834.9
22.4916,10940.0
22.5000,10972.5
22.5028,10967.1
22.5119,10893.7
22.5210,10736.5
22.5301,10499.9
22.5392,10190.0
22.5457,9930.13
22.5521,9640.64
22.5586,9324.99
22.5650,8987.43
22.5773,8292.64
22.5897,7556.79
22.6098,6330.45
22.6199,5732.85
22.6300,5158.94
22.6362,4822.98
22.6424,4500.06
22.6485,4191.27
22.6547,3897.87
22.6609,3619.45
22.6670,3357.23
22.6732,3110.47
22.6793,2879.90
22.6855,2664.52
22.6917,2464.33
22.6979,2278.83
22.7040,2107.71
22.7102,1949.72
22.7163,1804.69
22.7225,1671.37
22.7287,1549.45
22.7346,1442.60
22.7405,1344.58
22.7463,1254.75
22.7522,1172.60
22.7581,1097.26
22.7640,1028.40
22.7699,965.252
22.7758,907.515
22.7817,854.521
22.7875,806.011
22.7934,761.414
22.7993,720.510
22.8052,682.819
22.8111,648.160
22.8170,616.133
22.8228,586.591
22.8290,557.955
22.8352,531.503
22.8414,507.021
22.8475,484.356
22.8537,463.261
22.8598,443.656
22.8660,425.341
22.8722,408.254
22.8783,392.234
22.8845,377.235
22.8907,363.124
22.8968,349.869
22.9030,337.360
22.9092,325.574
22.9215,303.880
22.9293,291.246
22.9372,279.429
22.9450,268.354
22.9529,257.972
22.9607,248.196
22.9686,238.991
22.9764,230.311
22.9843,222.124
23.0000,207.035
23.0157,193.491
23.0314,181.264
23.0471,170.198
23.0594,162.209
23.0717,154.789
23.0841,147.877
23.0964,141.427
23.1087,135.394
23.1211,129.749
23.1334,124.457
23.1457,119.487
23.1581,114.810
23.1704,110.410
23.1827,106.261
23.1950,102.346
23.2074,98.6424
23.2197,95.1420
23.2444,88.6844
23.2690,82.8678
23.2937,77.6135
23.3184,72.8471
23.3430,68.5129
23.3677,64.5570
23.3924,60.9393
23.4170,57.6208
23.4417,54.5693
23.4641,52.0019
23.4865,49.6146
23.5090,47.3896
23.5314,45.3124
23.5538,43.3693
23.5762,41.5503
23.5986,39.8445
23.6211,38.2425
23.6435,36.7355
23.6659,35.3175
23.6883,33.9810
23.7108,32.7201
23.7332,31.5291
23.7556,30.4030
23.8004,28.3275
23.8251,27.2767
23.8498,26.2850
23.8991,24.4602
23.9484,22.8237
23.9977,21.3508
24.0471,20.0203
24.0964,18.8149
24.1457,17.7198
24.1951,16.7223
24.2265,16.1331
24.2578,15.5766
24.3206,14.5525
24.3834,13.6343
24.4462,12.8091
24.5090,12.0654
24.5717,11.3928
24.6345,10.7833
24.6973,10.2302
24.7466,9.83160
24.7960,9.46211
24.8453,9.11957
24.8946,8.80206
24.9440,8.50790
24.9933,8.23561
25.0426,7.98389
25.0919,7.75167
25.1413,7.53787
25.1906,7.34175
25.2399,7.16261
25.2892,6.99996
25.3386,6.85333
25.3879,6.72250
25.4372,6.60735
25.4866,6.50793
25.5583,6.39178
25.6301,6.31057
25.7018,6.26642
25.7736,6.26245
25.8274,6.28860
25.8812,6.34283
25.9350,6.42891
25.9888,6.55143
26.0426,6.71613
26.0964,6.93027
26.1233,7.05879
26.1502,7.20343
26.1772,7.36595
26.2041,7.54814
26.2377,7.80717
26.2713,8.10562
26.3050,8.44994
26.3386,8.84768
26.3722,9.30867
26.3891,9.56648
26.4059,9.84461
26.4227,10.1454
26.4395,10.4707
26.4563,10.8235
26.4731,11.2061
26.4978,11.8292
26.5225,12.5362
26.5348,12.9263
26.5471,13.3431
26.5595,13.7893
26.5718,14.2679
26.5841,14.7824
26.5965,15.3356
26.6088,15.9319
26.6211,16.5760
26.6334,17.2733
26.6458,18.0299
26.6581,18.8530
26.6704,19.7511
26.6850,20.9234
26.6996,22.2335
26.7142,23.7078
26.7215,24.5157
26.7287,25.3757
26.7360,26.2952
26.7433,27.2794
26.7506,28.3350
26.7579,29.4683
26.7652,30.6917
26.7725,32.0121
26.7797,33.4453
26.7870,35.0013
26.7932,36.4295
26.7994,37.9701
26.8055,39.6358
26.8117,41.4377
26.8179,43.3980
26.8240,45.5284
26.8302,47.8566
26.8364,50.3979
26.8425,53.1864
26.8487,56.2473
26.8549,59.6127
26.8610,63.3123
26.8672,67.3975
26.8734,71.8986
26.8795,76.8780
26.8857,82.3715
26.8902,86.7364
26.8947,91.4207
26.8991,96.4697
26.9036,101.886
26.9081,107.722
26.9126,113.977
26.9171,120.710
26.9216,127.919
26.9261,135.667
26.9305,143.950
26.9350,152.837
26.9395,162.320
26.9440,172.472
26.9485,183.280
26.9530,194.795
26.9574,207.047
26.9605,215.942
26.9636,225.180
26.9667,234.828
26.9698,244.832
26.9729,255.265
26.9759,266.065
26.9790,277.272
26.9821,288.891
26.9852,300.966
26.9883,313.422
26.9914,326.301
26.9944,339.604
26.9975,353.376
27.0006,367.528
27.0037,382.102
27.0068,397.094
27.0113,419.689
27.0157,443.091
27.0202,467.377
27.0247,492.406
27.0292,518.249
27.0337,544.743
27.0382,571.951
27.0426,599.688
27.0483,635.144
27.0539,671.193
27.0600,711.465
27.0662,752.004
27.0724,792.666
27.0785,833.027
27.0908,911.844
27.1032,985.894
27.1094,1020.27
27.1155,1052.38
27.1217,1082.02
27.1278,1108.79
27.1339,1132.04
27.1399,1152.08
27.1477,1172.83
27.1555,1187.56
27.1627,1195.65
27.1700,1198.15
27.1752,1196.49
27.1804,1191.97
27.1868,1182.48
27.1932,1168.82
27.1996,1151.14
27.2060,1129.65
27.2137,1099.26
27.2213,1064.32
27.2290,1025.32
27.2366,982.866
27.2443,937.527
27.2519,890.055
27.2596,841.032
27.2672,791.076
27.2825,690.636
27.2978,593.076
27.3090,525.760
27.3145,493.643
27.3201,462.738
27.3257,433.009
27.3312,404.621
27.3368,377.514
27.3424,351.813
27.3500,318.649
27.3538,303.042
27.3577,288.118
27.3615,273.792
27.3653,260.130
27.3691,247.051
27.3730,234.610
27.3768,222.729
27.3806,211.426
27.3845,200.685
27.3883,190.515
27.3921,180.845
27.3959,171.707
27.3998,163.034
27.4036,154.854
27.4074,147.103
27.4112,139.785
27.4151,132.879
27.4189,126.385
27.4227,120.248
27.4265,114.482
27.4304,109.039
27.4342,103.930
27.4380,99.1105
27.4418,94.5777
27.4457,90.3154
27.4495,86.3183
27.4533,82.5504
27.4571,79.0171
27.4610,75.6864
27.4648,72.5627
27.4685,69.7440
27.4721,67.0926
27.4758,64.5906
27.4794,62.2290
27.4831,59.9931
27.4867,57.8868
27.4940,54.0138
27.5013,50.5424
27.5086,47.4319
27.5159,44.6295
27.5232,42.1043
27.5305,39.8155
27.5378,37.7402
27.5452,35.8470
27.5525,34.1192
27.5598,32.5328
27.5671,31.0758
27.5744,29.7298
27.5817,28.4862
27.5893,27.2775
27.5970,26.1584
27.6046,25.1180
27.6123,24.1483
27.6199,23.2412
27.6276,22.3931
27.6352,21.5974
27.6429,20.8494
27.6582,19.4801
27.6735,18.2592
27.6888,17.1631
27.7041,16.1755
27.7173,15.3978
27.7306,14.6818
27.7438,14.0209
27.7570,13.4092
27.7702,12.8417
27.7834,12.3141
27.7967,11.8227
27.8099,11.3642
27.8231,10.9352
27.8363,10.5333
27.8495,10.1562
27.8627,9.80213
27.8760,9.46864
27.8892,9.15436
27.9156,8.57778
27.9309,8.27209
27.9462,7.98499
27.9615,7.71496
27.9768,7.46078
28.0074,6.99450
28.0381,6.57764
28.0687,6.20323
28.0993,5.86551
28.1299,5.55968
28.1605,5.28169
28.1869,5.06135
28.2134,4.85732
28.2398,4.66796
28.2662,4.49187
28.2927,4.32763
28.3191,4.17420
28.3456,4.03059
28.3720,3.89598
28.4249,3.65051
28.4777,3.43270
28.5306,3.23829
28.5835,3.06384
28.6197,2.95450
28.6558,2.85240
28.6920,2.75688
28.7282,2.66736
28.8005,2.50416
28.8729,2.35928
28.9453,2.22990
29.0176,2.11369
29.0900,2.00858
29.1623,1.91300
29.2235,1.83865
29.2848,1.76966
29.3460,1.70547
29.4072,1.64560
29.4684,1.58960
29.5296,1.53712
29.6521,1.44146
29.7745,1.35640
29.8970,1.28027
30.0194,1.21168
30.1419,1.14956
30.2476,1.10042
30.3534,1.05506
30.4591,1.01306
30.5648,0.973856
30.6706,0.937157
30.7763,0.902800
30.8821,0.870586
30.9878,0.840317
31.1993,0.784933
31.4108,0.735498
31.6223,0.691095
31.8338,0.650994
32.0787,0.609162
32.3236,0.571561
32.5685,0.537593
32.8134,0.506767
33.0582,0.478677
33.3031,0.452987
33.5480,0.429415
33.7929,0.407723
34.0267,0.388704
34.2604,0.370964
34.4942,0.354435
34.7279,0.338955
34.9617,0.324549
35.1954,0.311071
35.4292,0.298392
35.6630,0.286533
35.8967,0.275378
36.1305,0.264845
36.3642,0.254951
36.5980,0.245601
36.8317,0.236746
37.0655,0.228397
37.5330,0.212955
38.0228,0.198440
38.5126,0.185365
39.0023,0.173553
39.4921,0.162858
39.9819,0.153119
40.4717,0.144244
40.9614,0.136127
41.4512,0.128677
41.8074,0.123644
42.1636,0.118903
42.5198,0.114434
42.8760,0.110215
43.2322,0.106228
43.5884,0.102469
44.3008,0.0955239
45.0132,0.0892618
45.7256,0.0836069
46.4380,0.0784837
47.1504,0.0738281
47.8628,0.0695856
48.5752,0.0657091
49.2876,0.0621582
50.0000,0.0588989
50.5371,0.0566287
51.0742,0.0544811
51.6113,0.0524454
52.1484,0.0505470
53.2227,0.0470450
54.2969,0.0439297
55.3711,0.0411204
56.4453,0.0386025
57.5195,0.0363299
58.5938,0.0342653
59.5703,0.0325621
60.5469,0.0309988
61.5234,0.0295579
62.5000,0.0282309
63.2813,0.0272456
64.0625,0.0263211
64.8438,0.0254527
65.6250,0.0246381
67.1875,0.0231485
68.7500,0.0218246
70.3125,0.0206464
71.8750,0.0195956
73.4375,0.0186568
75.0000,0.0178171
76.5625,0.0170652
78.1250,0.0163917
79.6875,0.0157885
81.2500,0.0152487
82.8125,0.0147663
84.3750,0.0143360
85.9375,0.0139535
87.5000,0.0136152
90.0000,0.0131565
92.5000,0.0127932
95.0000,0.0125079
97.5000,0.0123030
100.000,0.0121673
102.749,0.0120989
105.842,0.0121191
108.935,0.0122398
110.481,0.0123349
112.028,0.0124609
113.574,0.0126028
115.120,0.0127870
116.667,0.0129836
118.213,0.0132256
119.760,0.0134876
121.306,0.0137879
122.852,0.0141147
124.399,0.0144854
125.945,0.0148964
127.492,0.0153516
129.382,0.0159760
131.272,0.0166764
133.162,0.0174654
135.052,0.0183591
136.942,0.0193604
138.832,0.0204978
139.777,0.0211177
140.722,0.0217857
142.612,0.0232411
144.158,0.0245882
145.705,0.0260938
146.478,0.0269084
147.251,0.0277795
148.024,0.0286874
148.798,0.0296717
149.571,0.0306937
150.344,0.0318031
151.117,0.0329661
151.890,0.0342141
152.664,0.0355268
153.437,0.0369453
154.210,0.0384628
154.983,0.0400886
155.928,0.0422394
156.873,0.0445868
157.818,0.0471578
158.763,0.0499834
159.708,0.0530923
160.653,0.0565299
161.598,0.0603404
162.543,0.0645768
163.446,0.0690871
163.897,0.0715291
164.348,0.0741166
164.799,0.0768518
165.250,0.0797468
165.701,0.0828251
166.152,0.0860882
166.603,0.0895573
167.054,0.0932588
167.505,0.0971970
167.956,0.101401
168.407,0.105907
168.858,0.110718
169.309,0.115866
169.760,0.121376
170.233,0.127637
170.705,0.134414
171.178,0.141765
171.650,0.149755
172.123,0.158461
172.595,0.167972
173.068,0.178390
173.540,0.189835
174.013,0.202450
174.485,0.216393
174.958,0.231862
175.430,0.249089
175.666,0.258448
175.903,0.268351
176.139,0.278850
176.375,0.289984
176.611,0.301816
176.848,0.314394
177.084,0.327794
177.320,0.342079
177.642,0.363145
177.965,0.386250
178.287,0.411659
178.609,0.439624
178.931,0.470552
179.253,0.505003
179.414,0.523698
179.575,0.543466
179.737,0.564387
179.898,0.586541
180.134,0.621524
180.370,0.659752
180.606,0.701678
180.843,0.747756
181.079,0.798598
181.315,0.854838
181.551,0.917324
181.669,0.951178
181.788,0.986959
181.981,1.05008
182.174,1.11951
182.367,1.19613
182.561,1.28094
182.754,1.37513
182.851,1.42619
182.947,1.48009
183.044,1.53719
183.141,1.59763
183.237,1.66181
183.334,1.72993
183.398,1.77780
183.463,1.82763
183.527,1.87961
183.592,1.93386
183.656,1.99060
183.721,2.04982
183.785,2.11174
183.849,2.17653
183.890,2.21862
183.930,2.26194
183.970,2.30657
184.011,2.35253
184.051,2.39990
184.091,2.44872
184.131,2.49906
184.172,2.55085
184.207,2.59714
184.241,2.64471
184.276,2.69362
184.311,2.74390
184.339,2.78558
184.368,2.82822
184.396,2.87186
184.424,2.91636
184.452,2.96207
184.480,3.00888
184.509,3.05682
184.537,3.10574
184.574,3.17308
184.612,3.24265
184.649,3.31455
184.687,3.38888
184.725,3.46577
184.762,3.54533
184.800,3.62768
184.837,3.71296
184.867,3.78225
184.897,3.85327
184.926,3.92633
184.956,4.00151
184.985,4.07915
185.015,4.15883
185.044,4.24088
185.074,4.32541
185.103,4.41282
185.133,4.50263
185.162,4.59555
185.192,4.69108
185.221,4.78999
185.251,4.89174
185.280,4.99681
185.310,5.10534
185.340,5.21787
185.369,5.33380
185.399,5.45411
185.428,5.57815
185.458,5.70696
185.487,5.83988
185.517,5.97756
185.546,6.12022
185.569,6.23456
185.592,6.35165
185.615,6.47211
185.638,6.59608
185.660,6.72368
185.683,6.85507
185.706,6.99040
185.729,7.12983
185.752,7.27416
185.774,7.42232
185.797,7.57512
185.820,7.73274
185.843,7.89540
185.866,8.06332
185.888,8.23674
185.911,8.41589
185.934,8.60186
185.957,8.79331
185.980,8.99132
186.003,9.19621
186.025,9.40924
186.048,9.62891
186.071,9.85650
186.094,10.0924
186.117,10.3381
186.140,10.5920
186.162,10.8555
186.185,11.1292
186.208,11.4148
186.231,11.7105
186.254,12.0181
186.276,12.3383
186.306,12.7738
186.336,13.2319
186.365,13.7156
186.395,14.2271
186.424,14.7705
186.454,15.3446
186.483,15.9538
186.513,16.6013
186.542,17.2927
186.572,18.0273
186.601,18.8142
186.631,19.6530
186.660,20.5547
186.690,21.5194
186.720,22.5607
186.749,23.6795
186.779,24.8928
186.808,26.2029
186.838,27.6262
186.867,29.1773
186.882,30.0088
186.897,30.8792
186.912,31.7911
186.926,32.7409
186.941,33.7446
186.956,34.7922
186.971,35.9016
186.985,37.0621
187.000,38.2941
187.015,39.5951
187.030,40.9706
187.044,42.4168
187.059,43.9602
187.074,45.5875
187.089,47.3290
187.103,49.1705
187.118,51.1472
187.133,53.2582
187.148,55.5161
187.162,57.9176
187.177,60.5105
187.192,63.2762
187.207,66.2705
187.221,69.4726
187.236,72.9479
187.251,76.6992
187.266,80.7526
187.281,85.1054
187.295,89.8469
187.310,94.9456
187.325,100.506
187.340,106.489
187.354,113.016
187.369,120.091
187.384,127.758
187.399,136.005
187.413,144.992
187.428,154.646
187.443,165.151
187.458,176.414
187.472,188.642
187.487,201.811
187.502,215.972
187.517,231.068
187.532,247.350
187.546,264.762
187.561,283.340
187.576,302.982
187.591,323.978
187.605,346.218
187.620,369.710
187.635,394.282
187.650,420.257
187.664,447.259
187.679,475.619
187.694,504.903
187.709,535.443
187.724,566.963
187.753,632.312
187.783,700.197
187.812,769.423
187.850,857.344
187.887,941.587
187.917,1003.31
187.946,1058.91
187.968,1094.16
187.989,1124.78
188.010,1150.25
188.032,1170.13
188.046,1180.40
188.061,1187.72
188.075,1192.09
188.090,1193.49
188.097,1193.06
188.121,1186.40
188.145,1171.84
188.169,1149.71
188.193,1120.64
188.213,1092.16
188.232,1060.00
188.252,1024.47
188.271,986.034
188.290,945.402
188.310,903.099
188.348,814.562
188.390,715.972
188.432,619.449
188.451,576.769
188.471,535.740
188.490,496.153
188.509,458.591
188.528,422.794
188.548,389.220
188.567,357.573
188.586,328.198
188.605,300.776
188.625,275.553
188.644,252.206
188.663,230.899
188.673,220.834
188.682,211.318
188.692,202.233
188.702,193.565
188.711,185.216
188.721,177.345
188.730,169.849
188.740,162.714
188.754,152.928
188.768,143.836
188.782,135.396
188.796,127.566
188.810,120.306
188.824,113.576
188.838,107.338
188.852,101.558
188.866,96.2005
188.880,91.2340
188.894,86.6281
188.908,82.3546
188.922,78.3871
188.936,74.7011
188.950,71.2737
188.964,68.0839
188.983,64.0404
189.003,60.3835
189.022,57.0344
189.041,53.9916
189.060,51.1916
189.080,48.6353
189.099,46.2712
189.118,44.1022
189.137,42.0866
189.157,40.2286
189.176,38.4941
189.195,36.8883
189.214,35.3831
189.234,33.9844
189.253,32.6688
189.272,31.4425
189.291,30.2860
189.311,29.2056
189.330,28.1850
189.349,27.2305
189.368,26.3285
189.388,25.4852
189.407,24.6892
189.426,23.9465
189.465,22.5993
189.484,21.9930
189.503,21.4348
189.522,20.9187
189.542,20.4501
189.561,20.0245
189.580,19.6469
189.606,19.2050
189.633,18.8535
189.659,18.5919
189.685,18.4247
189.711,18.3522
189.738,18.3763
189.764,18.4973
189.790,18.7135
189.816,19.0240
189.843,19.4226
189.869,19.9067
189.895,20.4655
189.921,21.0943
189.948,21.7783
190.000,23.2731
190.000,33.3271
200.000,32.1400
212.500,30.7456
225.000,29.4864
237.500,28.3428
250.000,27.2989
262.500,26.3417
275.000,25.4602
287.500,24.6456
300.000,23.8900
312.500,23.1776
325.000,22.5131
350.000,21.3092
375.000,20.2462
400.000,19.3000
425.000,18.4434
450.000,17.6706
475.000,16.9695
500.000,16.3300
525.000,15.7394
550.000,15.1962
575.000,14.6947
600.000,14.2300
625.000,13.7962
650.000,13.3919
700.000,12.6600
750.000,12.0088
800.000,11.4300
850.000,10.9146
900.000,10.4500
950.000,10.0256
1000.00,9.63900
1062.50,9.20810
1125.00,8.81949
1187.50,8.46700
1250.00,8.14563
1312.50,7.85127
1375.00,7.58052
1437.50,7.33053
1500.00,7.09891
1600.00,6.76157
1700.00,6.45930
1775.00,6.25232
1850.00,6.06014
1925.00,5.88115
2000.00,5.71400
2125.00,5.46103
2250.00,5.23280
2375.00,5.02569
2500.00,4.83679
2625.00,4.66370
2750.00,4.50443
2875.00,4.35733
3000.00,4.22100
3125.00,4.09597
3250.00,3.97934
3500.00,3.76795
3750.00,3.58126
4000.00,3.41500
4250.00,3.27032
4500.00,3.13953
4750.00,3.02063
5000.00,2.91200
5250.00,2.81713
5500.00,2.72956
5750.00,2.64842
6000.00,2.57300
6500.00,2.44327
7000.00,2.32900
7500.00,2.23204
8000.00,2.14500
8500.00,2.07016
9000.00,2.00200
9500.00,1.94267
10000.0,1.88800
10625.0,1.83282
11250.0,1.78228
11875.0,1.73575
12500.0,1.69273
13750.0,1.61561
15000.0,1.54828
16000.0,1.50015
17000.0,1.45631
18500.0,1.39729
20000.0,1.34500
22500.0,1.28322
25000.0,1.23037
27500.0,1.18444
30000.0,1.14400
32500.0,1.11227
35000.0,1.08368
37500.0,1.05772
40000.0,1.03400
45000.0,0.995240
50000.0,0.961800
55000.0,0.934686
60000.0,0.910600
65000.0,0.890878
70000.0,0.873000
80000.0,0.845000
88256.9,0.804440
90000.0,0.796600
95000.0,0.770908
100000,0.747300
105000,0.726937
110000,0.708039
120000,0.674000
130000,0.646208
140000,0.621500
150000,0.601780
160000,0.583900
170000,0.569474
180000,0.556200
200000,0.535400
225000,0.518753
250000,0.504300
275000,0.496826
288272,0.493171
300000,0.490100
350000,0.483300
400000,0.480700
450000,0.481600
500000,0.485200
550000,0.491200
588765,0.497061
600000,0.498700
650000,0.508200
700000,0.519400
750000,0.532600
800000,0.547200
850000,0.563500
900000,0.581000
950000,0.600600
975846,0.604981
989759,0.607305
1.00000E+06,0.609000
1.07336E+06,0.605372
1.10000E+06,0.604121
1.10460E+06,0.603908
1.16093E+06,0.601378
1.16797E+06,0.601071
1.17824E+06,0.600627
1.20000E+06,0.599700
1.20419E+06,0.598733
1.23840E+06,0.591021
1.24059E+06,0.590537
1.25000E+06,0.588475
1.28467E+06,0.581069
1.29473E+06,0.578975
1.30000E+06,0.577887
1.35000E+06,0.567880
1.40000E+06,0.558400
1.50000E+06,0.540140
1.60000E+06,0.523600
1.80000E+06,0.501800
2.00000E+06,0.482500
2.20000E+06,0.461700
2.40000E+06,0.437800
2.50000E+06,0.423868
2.60000E+06,0.410900
2.70000E+06,0.396341
2.80000E+06,0.382800
2.90000E+06,0.366971
3.00000E+06,0.352300
3.12500E+06,0.334046
3.25000E+06,0.317400
3.37500E+06,0.295976
3.50000E+06,0.276700
3.56250E+06,0.266353
3.62500E+06,0.256562
3.75000E+06,0.238500
3.87500E+06,0.223188
4.00000E+06,0.209300
4.12500E+06,0.195075
4.25000E+06,0.182200
4.37500E+06,0.170094
4.50000E+06,0.159100
4.56250E+06,0.151434
4.62500E+06,0.144234
4.68750E+06,0.137467
4.75000E+06,0.131100
4.87500E+06,0.121544
5.00000E+06,0.112900
5.06250E+06,0.108461
5.12500E+06,0.104247
5.25000E+06,0.0964424
5.37500E+06,0.0893856
5.50000E+06,0.0829900
5.56250E+06,0.0790114
5.62500E+06,0.0752649
5.68750E+06,0.0717345
5.75000E+06,0.0684056
5.81250E+06,0.0652647
5.87500E+06,0.0622994
5.93750E+06,0.0594980
6.00000E+06,0.0568500
6.06250E+06,0.0543854
6.12500E+06,0.0520514
6.18750E+06,0.0498397
6.25000E+06,0.0477428
6.31250E+06,0.0457537
6.35324E+06,0.0445121
6.37500E+06,0.0438658
6.43750E+06,0.0420731
6.50000E+06,0.0403700
6.56250E+06,0.0382843
6.62500E+06,0.0363247
6.68750E+06,0.0344823
6.75000E+06,0.0327492
6.81250E+06,0.0311181
6.87500E+06,0.0295820
6.93750E+06,0.0281345
7.00000E+06,0.0267700
7.06250E+06,0.0255147
7.12500E+06,0.0243286
7.18750E+06,0.0232073
7.25000E+06,0.0221467
7.31250E+06,0.0211431
7.37500E+06,0.0201929
7.43750E+06,0.0192929
7.50000E+06,0.0184400
7.56250E+06,0.0174805
7.62500E+06,0.0165783
7.68750E+06,0.0157294
7.75000E+06,0.0149304
7.81250E+06,0.0141778
7.87500E+06,0.0134688
7.93750E+06,0.0128004
8.00000E+06,0.0121700
8.06250E+06,0.0116482
8.12500E+06,0.0111525
8.18750E+06,0.0106814
8.25000E+06,0.0102336
8.31250E+06,0.00980779
8.37500E+06,0.00940266
8.43750E+06,0.00901709
8.50000E+06,0.00865000
8.56250E+06,0.00827183
8.62500E+06,0.00791277
8.68750E+06,0.00757172
8.75000E+06,0.00724766
8.81250E+06,0.00693963
8.87500E+06,0.00664672
8.93750E+06,0.00636811
9.00000E+06,0.00610300
9.10628E+06,0.00574286
9.20471E+06,0.00543173
9.30314E+06,0.00514050
9.40157E+06,0.00486770
9.50000E+06,0.00461200
9.62500E+06,0.00430604
9.75000E+06,0.00402394
9.87500E+06,0.00376356
1.00000E+07,0.00352300
1.01250E+07,0.00334042
1.02500E+07,0.00316936
1.03750E+07,0.00300898
1.05000E+07,0.00285850
1.06250E+07,0.00271719
1.07500E+07,0.00258440
1.08750E+07,0.00245952
1.10000E+07,0.00234200
1.12500E+07,0.00216964
1.15000E+07,0.00201335
1.17500E+07,0.00187133
1.20000E+07,0.00174200
1.22500E+07,0.00164268
1.25000E+07,0.00155086
1.27500E+07,0.00146584
1.28934E+07,0.00141989
1.30000E+07,0.00138700
1.32500E+07,0.00132267
1.35000E+07,0.00126244
1.37500E+07,0.00120598
1.40000E+07,0.00115300
1.42500E+07,0.00110457
1.45000E+07,0.00105896
1.47500E+07,0.00101597
1.50000E+07,0.000975400
1.52500E+07,0.000930949
1.55000E+07,0.000889199
1.57500E+07,0.000849944
1.60000E+07,0.000813000
1.62257E+07,0.000776308
1.66128E+07,0.000718236
1.70000E+07,0.000665700
1.72500E+07,0.000632570
1.75000E+07,0.000601530
1.77500E+07,0.000572422
1.80000E+07,0.000545100
1.82500E+07,0.000516829
1.85000E+07,0.000490380
1.87500E+07,0.000465613
1.90000E+07,0.000442400
1.92500E+07,0.000416394
1.95000E+07,0.000392224
1.97500E+07,0.000369738
2.00000E+07,0.000348800
