1.03125E-05,0.743018
1.06250E-05,0.732010
1.09375E-05,0.721477
1.12500E-05,0.711386
1.15625E-05,0.701706
1.18750E-05,0.692412
1.21875E-05,0.683477
1.25000E-05,0.674880
1.28125E-05,0.666599
1.31250E-05,0.658615
1.34375E-05,0.650912
1.37500E-05,0.643472
1.43750E-05,0.629328
1.50000E-05,0.616078
1.56250E-05,0.603631
1.62500E-05,0.591909
1.68750E-05,0.580844
1.75000E-05,0.570377
1.81250E-05,0.560457
1.87500E-05,0.551037
1.93750E-05,0.542076
2.00000E-05,0.533539
2.09375E-05,0.521457
2.18750E-05,0.510161
2.28125E-05,0.499568
2.37500E-05,0.489609
2.46875E-05,0.480223
2.56250E-05,0.471356
2.65625E-05,0.462964
2.75000E-05,0.455004
2.84375E-05,0.447441
2.93750E-05,0.440243
3.03125E-05,0.433382
3.12500E-05,0.426831
3.21875E-05,0.420569
3.31250E-05,0.414575
3.40625E-05,0.408830
3.50000E-05,0.403318
3.59375E-05,0.398022
3.68750E-05,0.392930
3.78125E-05,0.388028
3.87500E-05,0.383306
3.96875E-05,0.378752
4.06250E-05,0.374356
4.25000E-05,0.366005
4.43750E-05,0.358189
4.62500E-05,0.350853
4.81250E-05,0.343951
5.00000E-05,0.337440
5.15625E-05,0.332288
5.31250E-05,0.327365
5.46875E-05,0.322654
5.62500E-05,0.318141
5.78125E-05,0.313813
5.93750E-05,0.309656
6.09375E-05,0.305660
6.25000E-05,0.301815
6.40625E-05,0.298112
6.56250E-05,0.294542
6.71875E-05,0.291097
6.87500E-05,0.287770
7.18750E-05,0.281444
7.50000E-05,0.275518
7.81250E-05,0.269952
8.12500E-05,0.264710
8.43750E-05,0.259761
8.75000E-05,0.255081
9.06250E-05,0.250644
9.37500E-05,0.246431
9.68750E-05,0.242424
0.000100000,0.238606
0.000103125,0.234963
0.000106250,0.231482
0.000109375,0.228151
0.000112500,0.224960
0.000115625,0.221899
0.000118750,0.218960
0.000121875,0.216134
0.000125000,0.213416
0.000128125,0.210797
0.000131250,0.208272
0.000134375,0.205836
0.000137500,0.203484
0.000143750,0.199011
0.000150000,0.194821
0.000156250,0.190885
0.000162500,0.187178
0.000168750,0.183679
0.000175000,0.180369
0.000181250,0.177232
0.000187500,0.174253
0.000193750,0.171420
0.000200000,0.168720
0.000209375,0.164899
0.000218750,0.161327
0.000228125,0.157977
0.000237500,0.154828
0.000246875,0.151860
0.000256250,0.149056
0.000265625,0.146402
0.000275000,0.143885
0.000284375,0.141493
0.000293750,0.139217
0.000303125,0.137047
0.000312500,0.134976
0.000321875,0.132996
0.000331250,0.131100
0.000340625,0.129284
0.000350000,0.127540
0.000359375,0.125866
0.000368750,0.124256
0.000378125,0.122706
0.000387500,0.121212
0.000396875,0.119772
0.000406250,0.118382
0.000425000,0.115741
0.000443750,0.113269
0.000462500,0.110950
0.000481250,0.108767
0.000500000,0.106708
0.000515625,0.105079
0.000531250,0.103522
0.000546875,0.102032
0.000562500,0.100605
0.000578125,0.0992365
0.000593750,0.0979220
0.000609375,0.0966585
0.000625000,0.0954426
0.000640625,0.0942715
0.000656250,0.0931425
0.000671875,0.0920530
0.000687500,0.0910010
0.000718750,0.0890007
0.000750000,0.0871268
0.000781250,0.0853665
0.000812500,0.0837088
0.000843750,0.0821440
0.000875000,0.0806638
0.000906250,0.0792609
0.000937500,0.0779287
0.000968750,0.0766615
0.00100000,0.0754542
0.00103125,0.0743021
0.00106250,0.0732013
0.00109375,0.0721480
0.00112500,0.0711389
0.00115625,0.0701710
0.00118750,0.0692416
0.00121875,0.0683481
0.00125000,0.0674883
0.00128125,0.0666602
0.00131250,0.0658619
0.00134375,0.0650916
0.00137500,0.0643476
0.00143750,0.0629332
0.00150000,0.0616082
0.00156250,0.0603635
0.00162500,0.0591912
0.00168750,0.0580848
0.00175000,0.0570381
0.00181250,0.0560461
0.00187500,0.0551040
0.00193750,0.0542080
0.00200000,0.0533542
0.00209375,0.0521461
0.00218750,0.0510164
0.00228125,0.0499571
0.00237500,0.0489612
0.00246875,0.0480225
0.00256250,0.0471358
0.00265625,0.0462965
0.00275000,0.0455005
0.00284375,0.0447442
0.00293750,0.0440244
0.00303125,0.0433383
0.00312500,0.0426832
0.00321875,0.0420570
0.00331250,0.0414576
0.00340625,0.0408831
0.00350000,0.0403318
0.00359375,0.0398023
0.00368750,0.0392931
0.00378125,0.0388029
0.00387500,0.0383306
0.00396875,0.0378752
0.00406250,0.0374356
0.00425000,0.0366005
0.00443750,0.0358189
0.00462500,0.0350853
0.00481250,0.0343951
0.00500000,0.0337440
0.00515625,0.0332288
0.00531250,0.0327365
0.00546875,0.0322655
0.00562500,0.0318142
0.00578125,0.0313813
0.00593750,0.0309657
0.00609375,0.0305661
0.00625000,0.0301816
0.00640625,0.0298113
0.00656250,0.0294542
0.00671875,0.0291097
0.00687500,0.0287770
0.00718750,0.0281445
0.00750000,0.0275519
0.00781250,0.0269953
0.00812500,0.0264710
0.00843750,0.0259762
0.00875000,0.0255081
0.00906250,0.0250644
0.00937500,0.0246431
0.00968750,0.0242423
0.0100000,0.0238605
0.0103125,0.0234962
0.0106250,0.0231481
0.0109375,0.0228150
0.0112500,0.0224959
0.0115625,0.0221898
0.0118750,0.0218959
0.0121875,0.0216134
0.0125000,0.0213416
0.0128125,0.0210797
0.0131250,0.0208273
0.0134375,0.0205837
0.0137500,0.0203485
0.0143750,0.0199012
0.0150000,0.0194823
0.0156250,0.0190886
0.0162500,0.0187180
0.0168750,0.0183680
0.0175000,0.0180370
0.0181250,0.0177233
0.0187500,0.0174254
0.0193750,0.0171420
0.0200000,0.0168719
0.0206625,0.0165992
0.0213250,0.0163393
0.0219875,0.0160912
0.0226500,0.0158541
0.0233125,0.0156272
0.0239750,0.0154098
0.0246375,0.0152012
0.0253000,0.0150008
0.0264578,0.0146689
0.0276156,0.0143581
0.0287734,0.0140663
0.0299313,0.0137917
0.0310891,0.0135325
0.0322469,0.0132874
0.0334047,0.0130552
0.0345625,0.0128347
0.0355274,0.0126593
0.0364922,0.0124908
0.0374570,0.0123289
0.0384219,0.0121731
0.0393867,0.0120231
0.0403516,0.0118784
0.0413164,0.0117389
0.0422813,0.0116042
0.0442109,0.0113480
0.0461406,0.0111081
0.0480703,0.0108828
0.0500000,0.0106707
0.0515625,0.0105077
0.0531250,0.0103520
0.0546875,0.0102030
0.0562500,0.0100603
0.0578125,0.00992343
0.0593750,0.00979198
0.0609375,0.00966564
0.0625000,0.00954409
0.0640625,0.00942702
0.0656250,0.00931416
0.0687500,0.00910013
0.0718750,0.00890020
0.0750000,0.00871286
0.0781250,0.00853683
0.0812500,0.00837102
0.0843750,0.00821450
0.0875000,0.00806643
0.0906250,0.00792609
0.0937500,0.00779283
0.0968750,0.00766608
0.100000,0.00754531
0.103125,0.00743008
0.106250,0.00731998
0.109375,0.00721462
0.112500,0.00711370
0.115625,0.00701689
0.118750,0.00692394
0.125000,0.00674863
0.131250,0.00658606
0.137500,0.00643476
0.143750,0.00629343
0.150000,0.00616096
0.156250,0.00603647
0.162500,0.00591921
0.168750,0.00580852
0.175000,0.00570382
0.181250,0.00560460
0.187500,0.00551040
0.193750,0.00542084
0.200000,0.00533552
0.209375,0.00521478
0.218750,0.00510181
0.228125,0.00499585
0.237500,0.00489622
0.246875,0.00480231
0.256250,0.00471362
0.265625,0.00462966
0.275000,0.00455004
0.284375,0.00447439
0.293750,0.00440239
0.312500,0.00426824
0.331250,0.00414566
0.350000,0.00403306
0.368750,0.00392917
0.387500,0.00383296
0.406250,0.00374359
0.425000,0.00366019
0.443750,0.00358202
0.462500,0.00350864
0.500000,0.00337469
0.531250,0.00327410
0.562500,0.00318179
0.593750,0.00309687
0.625000,0.00301840
0.687500,0.00287785
0.750000,0.00275528
0.812500,0.00264714
0.875000,0.00255109
0.937500,0.00246479
1.00000,0.00238645
1.06250,0.00231513
1.12500,0.00224985
1.18750,0.00218981
1.25000,0.00213432
1.37500,0.00203494
1.50000,0.00194827
1.62500,0.00187181
1.75000,0.00180386
1.87500,0.00174281
2.00000,0.00168736
2.18750,0.00161333
2.37500,0.00154831
2.56250,0.00149057
2.75000,0.00143894
2.93750,0.00139233
3.12500,0.00134989
3.31250,0.00131111
3.50000,0.00127549
3.87500,0.00121217
4.25000,0.00115744
4.62500,0.00110951
5.00000,0.00106712
5.31250,0.00103529
5.62500,0.00100610
5.93750,0.000979258
6.25000,0.000954454
6.87500,0.000910021
7.50000,0.000871267
8.12500,0.000837078
8.75000,0.000806654
9.37500,0.000779327
10.0000,0.000754570
10.6250,0.000732032
11.2500,0.000711400
12.5000,0.000674883
13.7500,0.000643468
15.0000,0.000616068
16.2500,0.000591894
17.5000,0.000570376
18.7500,0.000551047
20.0000,0.000533538
21.8750,0.000510149
23.7500,0.000489594
25.6250,0.000471339
27.5000,0.000454994
31.2500,0.000426827
35.0000,0.000403309
38.7500,0.000383294
42.5000,0.000365991
46.2500,0.000350838
50.0000,0.000337428
56.2500,0.000318131
62.5000,0.000301803
68.7500,0.000287756
75.0000,0.000275504
87.5000,0.000255069
100.000,0.000238596
112.500,0.000224949
125.000,0.000213404
137.500,0.000203472
150.000,0.000194809
175.000,0.000180359
200.000,0.000168710
237.500,0.000154818
275.000,0.000143876
312.500,0.000134968
350.000,0.000127532
425.000,0.000115733
500.000,0.000106700
562.500,0.000100598
625.000,9.54355E-05
750.000,8.71199E-05
875.000,8.06575E-05
1000.00,7.54483E-05
1250.00,6.74827E-05
1500.00,6.16028E-05
1750.00,5.70332E-05
2000.00,5.33497E-05
2375.00,4.89568E-05
2750.00,4.54966E-05
3500.00,4.03284E-05
4250.00,3.65974E-05
5000.00,3.37411E-05
5250.00,3.29279E-05
5500.00,3.21708E-05
5750.00,3.14637E-05
5875.00,3.11323E-05
5937.50,3.09667E-05
5968.75,3.08839E-05
5984.38,3.08425E-05
5988.28,3.08322E-05
5990.23,3.08313E-05
5991.21,3.08895E-05
5992.19,3.15676E-05
5992.68,3.31127E-05
5992.92,3.47364E-05
5993.16,3.74034E-05
5993.41,4.17091E-05
5993.65,4.85423E-05
5993.77,5.32929E-05
5993.90,5.92026E-05
5994.02,6.65228E-05
5994.14,7.55512E-05
5994.26,8.67394E-05
5994.39,0.000100320
5994.51,0.000116856
5994.63,0.000136904
5994.75,0.000161105
5994.87,0.000190196
5995.00,0.000225015
5995.12,0.000266513
5995.24,0.000315758
5995.36,0.000373947
5995.48,0.000442412
5995.61,0.000522624
5995.73,0.000616195
5995.85,0.000724885
5995.97,0.000850597
5996.09,0.000995377
5996.22,0.00116286
5996.34,0.00135264
5996.58,0.00181269
5996.83,0.00239714
5997.07,0.00312702
5997.31,0.00402308
5997.56,0.00510451
5997.80,0.00638754
5998.05,0.00788396
5998.29,0.00960716
5998.54,0.0115419
5999.02,0.0160201
5999.51,0.0211510
6000.00,0.0266431
6000.00,0.0532754
6250.00,0.0515082
6500.00,0.0498656
6750.00,0.0483344
7000.00,0.0469035
7500.00,0.0442636
8000.00,0.0419289
8500.00,0.0398903
9000.00,0.0380591
9500.00,0.0364044
10000.0,0.0349011
10625.0,0.0331409
11250.0,0.0315627
11875.0,0.0301391
12500.0,0.0288479
13125.0,0.0276735
13750.0,0.0265982
14375.0,0.0256098
15000.0,0.0246979
16000.0,0.0233972
17000.0,0.0222377
17750.0,0.0214623
18500.0,0.0207443
19250.0,0.0200775
20000.0,0.0194564
21250.0,0.0185488
22500.0,0.0177320
23750.0,0.0169924
25000.0,0.0163194
26250.0,0.0157425
27500.0,0.0152116
28750.0,0.0147209
30000.0,0.0142660
32500.0,0.0135073
35000.0,0.0128409
37500.0,0.0122949
40000.0,0.0118051
42500.0,0.0114035
45000.0,0.0110374
47500.0,0.0107019
50000.0,0.0103930
55000.0,0.0101152
60000.0,0.00986807
65000.0,0.00960033
70000.0,0.00935892
80000.0,0.00901309
90000.0,0.00876867
99999.9,0.00855565
100000,0.00857005
125000,0.00838442
150000,0.00823574
200000,0.00809593
250000,0.00793369
300000,0.00774946
350000,0.00756213
400000,0.00740352
450000,0.00726638
500000,0.00714586
550000,0.00723800
600000,0.00732315
650000,0.00740236
700000,0.00747647
750000,0.00758941
800000,0.00769661
841031,0.00781009
842874,0.00766974
844717,0.00753221
848402,0.00726536
855773,0.00676285
863144,0.00629897
870516,0.00587046
877887,0.00547434
885258,0.00510794
892629,0.00476881
900000,0.00445470
925000,0.00425509
950000,0.00406940
975000,0.00389633
1.00000E+06,0.00373472
1.00781E+06,0.00372982
1.01563E+06,0.00372497
1.02344E+06,0.00372015
1.03125E+06,0.00371538
1.03906E+06,0.00371066
1.04688E+06,0.00370597
1.05469E+06,0.00370133
1.06250E+06,0.00369672
1.07031E+06,0.00369215
1.07813E+06,0.00368763
1.08594E+06,0.00368314
1.09375E+06,0.00367869
1.10156E+06,0.00367427
1.10938E+06,0.00366990
1.11719E+06,0.00366555
1.12500E+06,0.00366125
1.13281E+06,0.00365698
1.14063E+06,0.00365274
1.14844E+06,0.00364854
1.15625E+06,0.00364437
1.16406E+06,0.00364023
1.17188E+06,0.00363612
1.17969E+06,0.00363205
1.18750E+06,0.00362801
1.19531E+06,0.00362400
1.20313E+06,0.00362002
1.21094E+06,0.00361607
1.21875E+06,0.00361214
1.22656E+06,0.00360825
1.23438E+06,0.00360439
1.24219E+06,0.00360056
1.25000E+06,0.00359675
1.25781E+06,0.00360613
1.26563E+06,0.00361546
1.27344E+06,0.00362477
1.28125E+06,0.00363404
1.28906E+06,0.00364329
1.29688E+06,0.00365249
1.30469E+06,0.00366167
1.31250E+06,0.00367081
1.32031E+06,0.00367993
1.32813E+06,0.00368901
1.33594E+06,0.00369806
1.34375E+06,0.00370707
1.35156E+06,0.00371606
1.35938E+06,0.00372502
1.36719E+06,0.00373395
1.37500E+06,0.00374285
1.38281E+06,0.00375172
1.39063E+06,0.00376056
1.39844E+06,0.00376937
1.40625E+06,0.00377815
1.41406E+06,0.00378691
1.42188E+06,0.00379563
1.42969E+06,0.00380433
1.43750E+06,0.00381300
1.44531E+06,0.00382165
1.45313E+06,0.00383026
1.46094E+06,0.00383885
1.46875E+06,0.00384741
1.47656E+06,0.00385595
1.48438E+06,0.00386446
1.49219E+06,0.00387294
1.50000E+06,0.00388140
1.51091E+06,0.00390056
1.52181E+06,0.00391967
1.53272E+06,0.00393874
1.54362E+06,0.00395776
1.55453E+06,0.00397674
1.56543E+06,0.00399568
1.57634E+06,0.00401458
1.58724E+06,0.00403343
1.59815E+06,0.00405225
1.60905E+06,0.00407102
1.61996E+06,0.00408975
1.63086E+06,0.00410844
1.64177E+06,0.00412709
1.65267E+06,0.00414570
1.66358E+06,0.00416428
1.67448E+06,0.00418281
1.67920E+06,0.00412104
1.68392E+06,0.00406035
1.69336E+06,0.00394213
1.70280E+06,0.00382798
1.71224E+06,0.00371774
1.72168E+06,0.00361125
1.73112E+06,0.00350837
1.74056E+06,0.00340896
1.75000E+06,0.00331288
1.76022E+06,0.00330723
1.77044E+06,0.00330162
1.78066E+06,0.00329605
1.79088E+06,0.00329052
1.80110E+06,0.00328504
1.81132E+06,0.00327959
1.82155E+06,0.00327419
1.83177E+06,0.00326882
1.84199E+06,0.00326349
1.85221E+06,0.00325820
1.86243E+06,0.00325295
1.87265E+06,0.00324773
1.88287E+06,0.00324255
1.89309E+06,0.00323741
1.90331E+06,0.00323230
1.91353E+06,0.00322723
1.91353E+06,0.00322723
1.91894E+06,0.00321082
1.92434E+06,0.00319455
1.93515E+06,0.00316238
1.94596E+06,0.00313072
1.95677E+06,0.00309954
1.96758E+06,0.00306885
1.97838E+06,0.00303862
1.98919E+06,0.00300885
2.00000E+06,0.00297954
2.00724E+06,0.00298115
2.01449E+06,0.00298276
2.02173E+06,0.00298436
2.02897E+06,0.00298596
2.03621E+06,0.00298755
2.04346E+06,0.00298914
2.05070E+06,0.00299073
2.05794E+06,0.00299230
2.06518E+06,0.00299388
2.07243E+06,0.00299545
2.07967E+06,0.00299701
2.08691E+06,0.00299857
2.09415E+06,0.00300013
2.10140E+06,0.00300168
2.10864E+06,0.00300322
2.11588E+06,0.00300476
2.12312E+06,0.00300630
2.13037E+06,0.00300783
2.13761E+06,0.00300936
2.14485E+06,0.00301089
2.15209E+06,0.00301241
2.15934E+06,0.00301392
2.16658E+06,0.00301543
2.17382E+06,0.00301694
2.18106E+06,0.00301844
2.18831E+06,0.00301994
2.19555E+06,0.00302143
2.20279E+06,0.00302292
2.21003E+06,0.00302441
2.21728E+06,0.00302589
2.22452E+06,0.00302737
2.23176E+06,0.00302884
2.23176E+06,0.00302884
2.23635E+06,0.00302860
2.24094E+06,0.00302837
2.25011E+06,0.00302790
2.25928E+06,0.00302743
2.26846E+06,0.00302696
2.27763E+06,0.00302649
2.28680E+06,0.00302603
2.29598E+06,0.00302557
2.30515E+06,0.00302511
2.31432E+06,0.00302465
2.32350E+06,0.00302419
2.33267E+06,0.00302374
2.34185E+06,0.00302329
2.35102E+06,0.00302284
2.36019E+06,0.00302239
2.36937E+06,0.00302194
2.37854E+06,0.00302150
2.38771E+06,0.00302105
2.39689E+06,0.00302061
2.40606E+06,0.00302017
2.41524E+06,0.00301974
2.42441E+06,0.00301930
2.43358E+06,0.00301886
2.44276E+06,0.00301843
2.45193E+06,0.00301800
2.46110E+06,0.00301757
2.47028E+06,0.00301714
2.47945E+06,0.00301672
2.48863E+06,0.00301629
2.49780E+06,0.00301587
2.50697E+06,0.00301545
2.51615E+06,0.00301503
2.52532E+06,0.00301461
2.53306E+06,0.00300909
2.54079E+06,0.00300359
2.54853E+06,0.00299812
2.55626E+06,0.00299267
2.55626E+06,0.00299267
2.56320E+06,0.00298866
2.57013E+06,0.00298468
2.57706E+06,0.00298070
2.58399E+06,0.00297675
2.59093E+06,0.00297281
2.59786E+06,0.00296888
2.60480E+06,0.00296497
2.61173E+06,0.00296108
2.61866E+06,0.00295720
2.62560E+06,0.00295334
2.63253E+06,0.00294949
2.63946E+06,0.00294566
2.64640E+06,0.00294184
2.65333E+06,0.00293804
2.66026E+06,0.00293425
2.66720E+06,0.00293047
2.67413E+06,0.00292671
2.68106E+06,0.00292297
2.68800E+06,0.00291924
2.69493E+06,0.00291553
2.70186E+06,0.00291182
2.70880E+06,0.00290814
2.71573E+06,0.00290446
2.72266E+06,0.00290081
2.72960E+06,0.00289716
2.73653E+06,0.00289353
2.74346E+06,0.00288991
2.75040E+06,0.00288631
2.75733E+06,0.00288272
2.76426E+06,0.00287914
2.77120E+06,0.00287558
2.77813E+06,0.00287203
2.78506E+06,0.00286849
2.79200E+06,0.00286497
2.79893E+06,0.00286146
2.80586E+06,0.00285796
2.81280E+06,0.00285447
2.81973E+06,0.00285100
2.82667E+06,0.00284754
2.83360E+06,0.00284409
2.84053E+06,0.00284066
2.84747E+06,0.00283724
2.85440E+06,0.00283383
2.86133E+06,0.00283043
2.86827E+06,0.00282705
2.87520E+06,0.00282368
2.88213E+06,0.00282032
2.88907E+06,0.00281697
2.89600E+06,0.00281363
2.90293E+06,0.00281031
2.90987E+06,0.00280699
2.91680E+06,0.00280369
2.92373E+06,0.00280041
2.93067E+06,0.00279713
2.93760E+06,0.00279386
2.94453E+06,0.00279061
2.95147E+06,0.00278737
2.95840E+06,0.00278413
2.96533E+06,0.00278091
2.97227E+06,0.00277770
2.97920E+06,0.00277451
2.98613E+06,0.00277132
2.99307E+06,0.00276814
3.00000E+06,0.00276498
3.00781E+06,0.00275845
3.01563E+06,0.00275194
3.02344E+06,0.00274547
3.03125E+06,0.00273904
3.03906E+06,0.00273263
3.04688E+06,0.00272625
3.05469E+06,0.00271991
3.06250E+06,0.00271360
3.07031E+06,0.00270731
3.07813E+06,0.00270106
3.08594E+06,0.00269484
3.09375E+06,0.00268865
3.10156E+06,0.00268249
3.10938E+06,0.00267635
3.11719E+06,0.00267025
3.12500E+06,0.00266418
3.13281E+06,0.00265813
3.14063E+06,0.00265212
3.14844E+06,0.00264613
3.15625E+06,0.00264017
3.16406E+06,0.00263424
3.17188E+06,0.00262833
3.17969E+06,0.00262246
3.18750E+06,0.00261661
3.19531E+06,0.00261079
3.20313E+06,0.00260499
3.21094E+06,0.00259923
3.21875E+06,0.00259349
3.22656E+06,0.00258777
3.23438E+06,0.00258209
3.24219E+06,0.00257642
3.25000E+06,0.00257079
3.25781E+06,0.00256518
3.26563E+06,0.00255960
3.27344E+06,0.00255404
3.28125E+06,0.00254851
3.28906E+06,0.00254300
3.29688E+06,0.00253752
3.30469E+06,0.00253206
3.31250E+06,0.00252662
3.32031E+06,0.00252121
3.32813E+06,0.00251583
3.33594E+06,0.00251047
3.34375E+06,0.00250513
3.35156E+06,0.00249982
3.35938E+06,0.00249453
3.36719E+06,0.00248926
3.37500E+06,0.00248402
3.38281E+06,0.00247880
3.39063E+06,0.00247360
3.39844E+06,0.00246843
3.40625E+06,0.00246328
3.41406E+06,0.00245815
3.42188E+06,0.00245304
3.42969E+06,0.00244796
3.43750E+06,0.00244290
3.44531E+06,0.00243786
3.45313E+06,0.00243284
3.46094E+06,0.00242784
3.46875E+06,0.00242287
3.47656E+06,0.00241791
3.48438E+06,0.00241298
3.49219E+06,0.00240807
3.50000E+06,0.00240318
3.50781E+06,0.00239831
3.51563E+06,0.00239346
3.52344E+06,0.00238863
3.53125E+06,0.00238382
3.53906E+06,0.00237903
3.54688E+06,0.00237427
3.55469E+06,0.00236952
3.56250E+06,0.00236479
3.57031E+06,0.00236008
3.57813E+06,0.00235539
3.58594E+06,0.00235073
3.59375E+06,0.00234608
3.60156E+06,0.00234145
3.60938E+06,0.00233683
3.61719E+06,0.00233224
3.62500E+06,0.00232767
3.63281E+06,0.00232311
3.64063E+06,0.00231858
3.64844E+06,0.00231406
3.65625E+06,0.00230956
3.66406E+06,0.00230508
3.67188E+06,0.00230062
3.67969E+06,0.00229618
3.68750E+06,0.00229175
3.69531E+06,0.00228734
3.70313E+06,0.00228295
3.71094E+06,0.00227858
3.71875E+06,0.00227422
3.72656E+06,0.00226988
3.73438E+06,0.00226556
3.74219E+06,0.00226126
3.75000E+06,0.00225697
3.75781E+06,0.00225270
3.76563E+06,0.00224845
3.77344E+06,0.00224422
3.78125E+06,0.00224000
3.78906E+06,0.00223580
3.79688E+06,0.00223161
3.80469E+06,0.00222744
3.81250E+06,0.00222329
3.82031E+06,0.00221915
3.82813E+06,0.00221503
3.83594E+06,0.00221093
3.84375E+06,0.00220684
3.85156E+06,0.00220276
3.85938E+06,0.00219871
3.86719E+06,0.00219467
3.87500E+06,0.00219064
3.88281E+06,0.00218663
3.89063E+06,0.00218263
3.89844E+06,0.00217865
3.90625E+06,0.00217469
3.91406E+06,0.00217074
3.92188E+06,0.00216681
3.92969E+06,0.00216289
3.93750E+06,0.00215898
3.94531E+06,0.00215509
3.95313E+06,0.00215122
3.96094E+06,0.00214736
3.96875E+06,0.00214351
3.97656E+06,0.00213968
3.98438E+06,0.00213586
3.99219E+06,0.00213206
4.00000E+06,0.00212827
4.01563E+06,0.00211118
4.03125E+06,0.00209430
4.04688E+06,0.00207762
4.06250E+06,0.00206113
4.07813E+06,0.00204483
4.09375E+06,0.00202873
4.10938E+06,0.00201281
4.12500E+06,0.00199708
4.14063E+06,0.00198153
4.15625E+06,0.00196616
4.17188E+06,0.00195096
4.18750E+06,0.00193594
4.20313E+06,0.00192109
4.21875E+06,0.00190641
4.23438E+06,0.00189189
4.25000E+06,0.00187754
4.26563E+06,0.00186335
4.28125E+06,0.00184931
4.29688E+06,0.00183544
4.31250E+06,0.00182171
4.32813E+06,0.00180814
4.34375E+06,0.00179472
4.35938E+06,0.00178145
4.37500E+06,0.00176832
4.39063E+06,0.00175533
4.40625E+06,0.00174248
4.42188E+06,0.00172978
4.43750E+06,0.00171721
4.45313E+06,0.00170477
4.46875E+06,0.00169247
4.48438E+06,0.00168030
4.50000E+06,0.00166826
4.51563E+06,0.00165635
4.53125E+06,0.00164456
4.54688E+06,0.00163290
4.56250E+06,0.00162136
4.57813E+06,0.00160993
4.59375E+06,0.00159863
4.60938E+06,0.00158745
4.62500E+06,0.00157638
4.64063E+06,0.00156543
4.65625E+06,0.00155458
4.67188E+06,0.00154385
4.68750E+06,0.00153323
4.70313E+06,0.00152272
4.71875E+06,0.00151231
4.73438E+06,0.00150201
4.75000E+06,0.00149181
4.76563E+06,0.00148172
4.78125E+06,0.00147172
4.79688E+06,0.00146183
4.81250E+06,0.00145203
4.82813E+06,0.00144233
4.84375E+06,0.00143273
4.85938E+06,0.00142322
4.87500E+06,0.00141381
4.89063E+06,0.00140448
4.90625E+06,0.00139525
4.92188E+06,0.00138611
4.93750E+06,0.00137705
4.95313E+06,0.00136809
4.96875E+06,0.00135921
4.98438E+06,0.00135041
5.00000E+06,0.00134170
5.01884E+06,0.00132630
5.03769E+06,0.00131113
5.05653E+06,0.00129619
5.07538E+06,0.00128147
5.09422E+06,0.00126698
5.11306E+06,0.00125270
5.13191E+06,0.00123864
5.15075E+06,0.00122478
5.16619E+06,0.00121358
5.18163E+06,0.00120251
5.19707E+06,0.00119158
5.21251E+06,0.00118078
5.22796E+06,0.00117011
5.24340E+06,0.00115956
5.25884E+06,0.00114915
5.27428E+06,0.00113885
5.28972E+06,0.00112868
5.30516E+06,0.00111862
5.32060E+06,0.00110869
5.33604E+06,0.00109887
5.35148E+06,0.00108917
5.36692E+06,0.00107958
5.38237E+06,0.00107010
5.39781E+06,0.00106073
5.41325E+06,0.00105147
5.42869E+06,0.00104232
5.44413E+06,0.00103327
5.45957E+06,0.00102433
5.47501E+06,0.00101549
5.49045E+06,0.00100675
5.50589E+06,0.000998106
5.52133E+06,0.000989563
5.53677E+06,0.000981117
5.55222E+06,0.000972766
5.56766E+06,0.000964509
5.58310E+06,0.000956345
5.59854E+06,0.000948272
5.61398E+06,0.000940289
5.62942E+06,0.000932395
5.64486E+06,0.000924589
5.66706E+06,0.000913519
5.68925E+06,0.000902623
5.71145E+06,0.000891900
5.73365E+06,0.000881344
5.75584E+06,0.000870953
5.77804E+06,0.000860725
5.80023E+06,0.000850655
5.82243E+06,0.000840740
5.84463E+06,0.000830978
5.86682E+06,0.000821366
5.88902E+06,0.000811901
5.91122E+06,0.000802580
5.93341E+06,0.000793400
5.95561E+06,0.000784359
5.97780E+06,0.000775454
6.00000E+06,0.000766682
6.00781E+06,0.000763171
6.01563E+06,0.000759681
6.02344E+06,0.000756211
6.03125E+06,0.000752762
6.03906E+06,0.000749332
6.04688E+06,0.000745923
6.05469E+06,0.000742534
6.06250E+06,0.000739164
6.07031E+06,0.000735814
6.07813E+06,0.000732484
6.08594E+06,0.000729172
6.09375E+06,0.000725881
6.10156E+06,0.000722607
6.10938E+06,0.000719353
6.11719E+06,0.000716118
6.12500E+06,0.000712902
6.13281E+06,0.000709703
6.14063E+06,0.000706524
6.14844E+06,0.000703362
6.15625E+06,0.000700219
6.16406E+06,0.000697093
6.17188E+06,0.000693986
6.17969E+06,0.000690896
6.18750E+06,0.000687824
6.19531E+06,0.000684770
6.20313E+06,0.000681733
6.21094E+06,0.000678713
6.21875E+06,0.000675710
6.22656E+06,0.000672724
6.23438E+06,0.000669756
6.24219E+06,0.000666804
6.25000E+06,0.000663868
6.25781E+06,0.000660949
6.26563E+06,0.000658047
6.27344E+06,0.000655161
6.28125E+06,0.000652292
6.28906E+06,0.000649438
6.29688E+06,0.000646600
6.30469E+06,0.000643778
6.31250E+06,0.000640973
6.32031E+06,0.000638182
6.32813E+06,0.000635408
6.33594E+06,0.000632648
6.34375E+06,0.000629905
6.35156E+06,0.000627176
6.35938E+06,0.000624463
6.36719E+06,0.000621764
6.37500E+06,0.000619081
6.38281E+06,0.000616412
6.39063E+06,0.000613758
6.39844E+06,0.000611119
6.40625E+06,0.000608494
6.41406E+06,0.000605884
6.42188E+06,0.000603288
6.42969E+06,0.000600706
6.43750E+06,0.000598139
6.44531E+06,0.000595586
6.45313E+06,0.000593046
6.46094E+06,0.000590521
6.46875E+06,0.000588009
6.47656E+06,0.000585511
6.48438E+06,0.000583027
6.49219E+06,0.000580556
6.50000E+06,0.000578098
6.50781E+06,0.000575654
6.51563E+06,0.000573223
6.52344E+06,0.000570805
6.53125E+06,0.000568401
6.53906E+06,0.000566009
6.54688E+06,0.000563630
6.55469E+06,0.000561264
6.56250E+06,0.000558911
6.57031E+06,0.000556570
6.57813E+06,0.000554242
6.58594E+06,0.000551927
6.59375E+06,0.000549624
6.60156E+06,0.000547333
6.60938E+06,0.000545054
6.61719E+06,0.000542788
6.62500E+06,0.000540533
6.63281E+06,0.000538291
6.64063E+06,0.000536061
6.64844E+06,0.000533842
6.65625E+06,0.000531635
6.66406E+06,0.000529440
6.67188E+06,0.000527257
6.67969E+06,0.000525085
6.68750E+06,0.000522924
6.69531E+06,0.000520775
6.70313E+06,0.000518638
6.71094E+06,0.000516511
6.71875E+06,0.000514396
6.72656E+06,0.000512291
6.73438E+06,0.000510198
6.74219E+06,0.000508116
6.75000E+06,0.000506045
6.75781E+06,0.000503984
6.76563E+06,0.000501935
6.77344E+06,0.000499895
6.78125E+06,0.000497867
6.78906E+06,0.000495849
6.79688E+06,0.000493842
6.80469E+06,0.000491845
6.81250E+06,0.000489858
6.82031E+06,0.000487882
6.82813E+06,0.000485916
6.83594E+06,0.000483960
6.84375E+06,0.000482014
6.85156E+06,0.000480078
6.85938E+06,0.000478152
6.86719E+06,0.000476236
6.87500E+06,0.000474330
6.88281E+06,0.000472434
6.89063E+06,0.000470547
6.89844E+06,0.000468670
6.90625E+06,0.000466803
6.91406E+06,0.000464945
6.92188E+06,0.000463097
6.92969E+06,0.000461258
6.93750E+06,0.000459428
6.94531E+06,0.000457608
6.95313E+06,0.000455797
6.96094E+06,0.000453995
6.96875E+06,0.000452203
6.97656E+06,0.000450419
6.98438E+06,0.000448644
6.99219E+06,0.000446879
7.00000E+06,0.000445122
7.00700E+06,0.000443531
7.01399E+06,0.000441947
7.02099E+06,0.000440370
7.02798E+06,0.000438801
7.03498E+06,0.000437238
7.04197E+06,0.000435683
7.04897E+06,0.000434135
7.05596E+06,0.000432594
7.06296E+06,0.000431060
7.06996E+06,0.000429532
7.07695E+06,0.000428012
7.08395E+06,0.000426499
7.09094E+06,0.000424992
7.09794E+06,0.000423492
7.10493E+06,0.000421999
7.11193E+06,0.000420513
7.11892E+06,0.000419034
7.12592E+06,0.000417561
7.13291E+06,0.000416094
7.13991E+06,0.000414635
7.14691E+06,0.000413181
7.15390E+06,0.000411735
7.16090E+06,0.000410295
7.16789E+06,0.000408861
7.17489E+06,0.000407433
7.18188E+06,0.000406012
7.18888E+06,0.000404598
7.19587E+06,0.000403189
7.20287E+06,0.000401787
7.20986E+06,0.000400391
7.21686E+06,0.000399002
7.22385E+06,0.000397618
7.23085E+06,0.000396241
7.23784E+06,0.000394869
7.24484E+06,0.000393504
7.25184E+06,0.000392145
7.25883E+06,0.000390792
7.26583E+06,0.000389444
7.27282E+06,0.000388103
7.27982E+06,0.000386768
7.28681E+06,0.000385438
7.29381E+06,0.000384115
7.30080E+06,0.000382797
7.30780E+06,0.000381485
7.31479E+06,0.000380178
7.32179E+06,0.000378878
7.32878E+06,0.000377583
7.33578E+06,0.000376293
7.34278E+06,0.000375010
7.34977E+06,0.000373732
7.35677E+06,0.000372459
7.36376E+06,0.000371192
7.37076E+06,0.000369930
7.37775E+06,0.000368675
7.38475E+06,0.000367424
7.39174E+06,0.000366179
7.39874E+06,0.000364939
7.40573E+06,0.000363705
7.41273E+06,0.000362476
7.41972E+06,0.000361252
7.42672E+06,0.000360033
7.43372E+06,0.000358820
7.44071E+06,0.000357612
7.44771E+06,0.000356410
7.45470E+06,0.000355212
7.46170E+06,0.000354020
7.46869E+06,0.000352832
7.47569E+06,0.000351650
7.48268E+06,0.000350473
7.48968E+06,0.000349300
7.49667E+06,0.000348133
7.50367E+06,0.000346971
7.51067E+06,0.000345814
7.51766E+06,0.000344661
7.52466E+06,0.000343514
7.53165E+06,0.000342372
7.53865E+06,0.000341234
7.54564E+06,0.000340101
7.55264E+06,0.000338973
7.55963E+06,0.000337850
7.56663E+06,0.000336731
7.57362E+06,0.000335618
7.58062E+06,0.000334509
7.58761E+06,0.000333404
7.59461E+06,0.000332304
7.60161E+06,0.000331209
7.60860E+06,0.000330119
7.61560E+06,0.000329033
7.62259E+06,0.000327952
7.62959E+06,0.000326875
7.63658E+06,0.000325803
7.64358E+06,0.000324735
7.65057E+06,0.000323672
7.65757E+06,0.000322613
7.66456E+06,0.000321559
7.67156E+06,0.000320509
7.67855E+06,0.000319463
7.68555E+06,0.000318422
7.69255E+06,0.000317385
7.69954E+06,0.000316352
7.70654E+06,0.000315324
7.71353E+06,0.000314300
7.72053E+06,0.000313280
7.72752E+06,0.000312264
7.73452E+06,0.000311253
7.74151E+06,0.000310246
7.74851E+06,0.000309243
7.75550E+06,0.000308244
7.76250E+06,0.000307249
7.76949E+06,0.000306259
7.77649E+06,0.000305272
7.78348E+06,0.000304290
7.79048E+06,0.000303311
7.79748E+06,0.000302337
7.80447E+06,0.000301366
7.81147E+06,0.000300400
7.81846E+06,0.000299437
7.82546E+06,0.000298479
7.83245E+06,0.000297524
7.83945E+06,0.000296573
7.84644E+06,0.000295626
7.85344E+06,0.000294683
7.86043E+06,0.000293744
7.86743E+06,0.000292809
7.87443E+06,0.000291877
7.88142E+06,0.000290950
7.88842E+06,0.000290026
7.89541E+06,0.000289106
7.90848E+06,0.000287396
7.92156E+06,0.000285699
7.93463E+06,0.000284015
7.94771E+06,0.000282343
7.96078E+06,0.000280684
7.97385E+06,0.000279038
7.98693E+06,0.000277404
8.00000E+06,0.000275782
8.01494E+06,0.000272702
8.02988E+06,0.000269661
8.04483E+06,0.000266660
8.05977E+06,0.000263698
8.07471E+06,0.000260774
8.08965E+06,0.000257888
8.10459E+06,0.000255039
8.11954E+06,0.000252227
8.13448E+06,0.000249451
8.14942E+06,0.000246710
8.16436E+06,0.000244005
8.17930E+06,0.000241334
8.19425E+06,0.000238697
8.20919E+06,0.000236093
8.22413E+06,0.000233523
8.23907E+06,0.000230985
8.25446E+06,0.000228787
8.26985E+06,0.000226613
8.28524E+06,0.000224465
8.30062E+06,0.000222340
8.31601E+06,0.000220240
8.33140E+06,0.000218163
8.34679E+06,0.000216110
8.36218E+06,0.000214080
8.37756E+06,0.000212072
8.39295E+06,0.000210087
8.40834E+06,0.000208124
8.42373E+06,0.000206183
8.43912E+06,0.000204264
8.45450E+06,0.000202365
8.46989E+06,0.000200488
8.48528E+06,0.000198632
8.50113E+06,0.000197119
8.51698E+06,0.000195621
8.53283E+06,0.000194136
8.54867E+06,0.000192666
8.56452E+06,0.000191209
8.58037E+06,0.000189767
8.59622E+06,0.000188337
8.61207E+06,0.000186921
8.62791E+06,0.000185518
8.64376E+06,0.000184129
8.65961E+06,0.000182752
8.67546E+06,0.000181388
8.69131E+06,0.000180037
8.70715E+06,0.000178698
8.72300E+06,0.000177371
8.73885E+06,0.000176057
8.75517E+06,0.000175075
8.77149E+06,0.000174100
8.78782E+06,0.000173133
8.80414E+06,0.000172173
8.82046E+06,0.000171219
8.83678E+06,0.000170273
8.85310E+06,0.000169334
8.86943E+06,0.000168402
8.88575E+06,0.000167476
8.90207E+06,0.000166558
8.91839E+06,0.000165646
8.93471E+06,0.000164740
8.95104E+06,0.000163841
8.96736E+06,0.000162949
8.98368E+06,0.000162063
9.00000E+06,0.000161184
9.01501E+06,0.000161519
9.03003E+06,0.000161855
9.04504E+06,0.000162191
9.06005E+06,0.000162527
9.07507E+06,0.000162862
9.09008E+06,0.000163199
9.10509E+06,0.000163535
9.12011E+06,0.000163871
9.13512E+06,0.000164208
9.15013E+06,0.000164544
9.16515E+06,0.000164881
9.18016E+06,0.000165218
9.19517E+06,0.000165555
9.21018E+06,0.000165892
9.22520E+06,0.000166230
9.24021E+06,0.000166567
9.24824E+06,0.000166910
9.25627E+06,0.000167254
9.26430E+06,0.000167598
9.27233E+06,0.000167942
9.28036E+06,0.000168287
9.28839E+06,0.000168632
9.29642E+06,0.000168978
9.30445E+06,0.000169324
9.31585E+06,0.000169816
9.32725E+06,0.000170309
9.33865E+06,0.000170803
9.35005E+06,0.000171297
9.36144E+06,0.000171792
9.37284E+06,0.000172288
9.38424E+06,0.000172785
9.39564E+06,0.000173283
9.40704E+06,0.000173782
9.41844E+06,0.000174281
9.42984E+06,0.000174781
9.44124E+06,0.000175282
9.45263E+06,0.000175784
9.46403E+06,0.000176287
9.47543E+06,0.000176791
9.48683E+06,0.000177295
9.49474E+06,0.000177783
9.50266E+06,0.000178272
9.51057E+06,0.000178762
9.51848E+06,0.000179253
9.52640E+06,0.000179744
9.53431E+06,0.000180237
9.54222E+06,0.000180731
9.55013E+06,0.000181225
9.55805E+06,0.000181721
9.56596E+06,0.000182217
9.57387E+06,0.000182715
9.58178E+06,0.000183213
9.58970E+06,0.000183712
9.59761E+06,0.000184212
9.60552E+06,0.000184714
9.61344E+06,0.000185216
9.62135E+06,0.000185719
9.62926E+06,0.000186223
9.63717E+06,0.000186728
9.64509E+06,0.000187234
9.65300E+06,0.000187741
9.66091E+06,0.000188249
9.66883E+06,0.000188757
9.67674E+06,0.000189267
9.68465E+06,0.000189778
9.69256E+06,0.000190290
9.70048E+06,0.000190802
9.70839E+06,0.000191316
9.71630E+06,0.000191830
9.72422E+06,0.000192346
9.73213E+06,0.000192862
9.74004E+06,0.000193380
9.74816E+06,0.000193912
9.75629E+06,0.000194445
9.76441E+06,0.000194980
9.77254E+06,0.000195515
9.78066E+06,0.000196051
9.78878E+06,0.000196589
9.79691E+06,0.000197127
9.80503E+06,0.000197666
9.81315E+06,0.000198207
9.82128E+06,0.000198748
9.82940E+06,0.000199291
9.83753E+06,0.000199834
9.84565E+06,0.000200379
9.85377E+06,0.000200924
9.86190E+06,0.000201471
9.87002E+06,0.000202019
9.87814E+06,0.000202567
9.88627E+06,0.000203117
9.89439E+06,0.000203668
9.90252E+06,0.000204220
9.91064E+06,0.000204773
9.91876E+06,0.000205327
9.92689E+06,0.000205882
9.93501E+06,0.000206437
9.94313E+06,0.000206994
9.95126E+06,0.000207553
9.95938E+06,0.000208112
9.96751E+06,0.000208672
9.97563E+06,0.000209233
9.98375E+06,0.000209795
9.99188E+06,0.000210359
1.00000E+07,0.000210923
1.00151E+07,0.000213794
1.00301E+07,0.000216700
1.00452E+07,0.000219641
1.00603E+07,0.000222617
1.00754E+07,0.000225629
1.00904E+07,0.000228677
1.01055E+07,0.000231761
1.01206E+07,0.000234881
1.01356E+07,0.000238040
1.01507E+07,0.000241236
1.01658E+07,0.000244471
1.01808E+07,0.000247744
1.01959E+07,0.000251056
1.02110E+07,0.000254407
1.02260E+07,0.000257798
1.02411E+07,0.000261227
1.02613E+07,0.000265228
1.02814E+07,0.000269282
1.03016E+07,0.000273391
1.03217E+07,0.000277553
1.03269E+07,0.000278636
1.03321E+07,0.000279723
1.03373E+07,0.000280814
1.03425E+07,0.000281908
1.03477E+07,0.000283006
1.03529E+07,0.000284108
1.03581E+07,0.000285213
1.03633E+07,0.000286322
1.03685E+07,0.000287435
1.03737E+07,0.000288552
1.03789E+07,0.000289672
1.03841E+07,0.000290796
1.03893E+07,0.000291924
1.03945E+07,0.000293056
1.03997E+07,0.000294192
1.04049E+07,0.000295331
1.04153E+07,0.000297621
1.04257E+07,0.000299927
1.04361E+07,0.000302249
1.04465E+07,0.000304586
1.04569E+07,0.000306939
1.04673E+07,0.000309307
1.04777E+07,0.000311692
1.04881E+07,0.000314092
1.04961E+07,0.000315636
1.05041E+07,0.000317186
1.05121E+07,0.000318743
1.05201E+07,0.000320306
1.05281E+07,0.000321875
1.05361E+07,0.000323451
1.05441E+07,0.000325034
1.05521E+07,0.000326621
1.05601E+07,0.000328217
1.05681E+07,0.000329819
1.05761E+07,0.000331428
1.05841E+07,0.000333043
1.05921E+07,0.000334665
1.06001E+07,0.000336294
1.06081E+07,0.000337929
1.06161E+07,0.000339569
1.06241E+07,0.000341218
1.06321E+07,0.000342874
1.06401E+07,0.000344536
1.06481E+07,0.000346205
1.06561E+07,0.000347881
1.06641E+07,0.000349564
1.06721E+07,0.000351254
1.06801E+07,0.000352948
1.06881E+07,0.000354652
1.06961E+07,0.000356362
1.07041E+07,0.000358080
1.07121E+07,0.000359802
1.07201E+07,0.000361533
1.07281E+07,0.000363272
1.07361E+07,0.000365017
1.07441E+07,0.000366768
1.07521E+07,0.000368527
1.07601E+07,0.000370294
1.07681E+07,0.000372068
1.07761E+07,0.000373849
1.07841E+07,0.000375638
1.07921E+07,0.000377433
1.08001E+07,0.000379236
1.08080E+07,0.000381044
1.08160E+07,0.000382861
1.08240E+07,0.000384686
1.08320E+07,0.000386518
1.08400E+07,0.000388357
1.08480E+07,0.000390204
1.08560E+07,0.000392058
1.08640E+07,0.000393919
1.08720E+07,0.000395786
1.08800E+07,0.000397662
1.08880E+07,0.000399546
1.08960E+07,0.000401438
1.09040E+07,0.000403337
1.09120E+07,0.000405244
1.09200E+07,0.000407158
1.09280E+07,0.000409080
1.09360E+07,0.000411007
1.09440E+07,0.000412944
1.09520E+07,0.000414889
1.09600E+07,0.000416842
1.09680E+07,0.000418800
1.09760E+07,0.000420768
1.09840E+07,0.000422744
1.09920E+07,0.000424728
1.10000E+07,0.000426717
1.10076E+07,0.000429006
1.10151E+07,0.000431305
1.10227E+07,0.000433615
1.10302E+07,0.000435936
1.10378E+07,0.000438268
1.10454E+07,0.000440611
1.10529E+07,0.000442964
1.10605E+07,0.000445329
1.10680E+07,0.000447704
1.10756E+07,0.000450091
1.10832E+07,0.000452488
1.10907E+07,0.000454897
1.10983E+07,0.000457317
1.11058E+07,0.000459748
1.11134E+07,0.000462190
1.11210E+07,0.000464641
1.11285E+07,0.000467106
1.11361E+07,0.000469582
1.11436E+07,0.000472070
1.11512E+07,0.000474569
1.11588E+07,0.000477080
1.11663E+07,0.000479602
1.11739E+07,0.000482136
1.11814E+07,0.000484682
1.11890E+07,0.000487239
1.11966E+07,0.000489808
1.12041E+07,0.000492389
1.12117E+07,0.000494982
1.12192E+07,0.000497587
1.12268E+07,0.000500203
1.12344E+07,0.000502832
1.12419E+07,0.000505469
1.12496E+07,0.000507848
1.12574E+07,0.000510233
1.12651E+07,0.000512631
1.12728E+07,0.000515036
1.12805E+07,0.000517453
1.12883E+07,0.000519877
1.12960E+07,0.000522314
1.13037E+07,0.000524757
1.13114E+07,0.000527213
1.13192E+07,0.000529676
1.13269E+07,0.000532152
1.13346E+07,0.000534634
1.13423E+07,0.000537130
1.13501E+07,0.000539632
1.13578E+07,0.000542147
1.13655E+07,0.000544669
1.13732E+07,0.000547205
1.13810E+07,0.000549747
1.13887E+07,0.000552303
1.13964E+07,0.000554865
1.14041E+07,0.000557441
1.14119E+07,0.000560024
1.14196E+07,0.000562620
1.14273E+07,0.000565224
1.14350E+07,0.000567840
1.14428E+07,0.000570464
1.14505E+07,0.000573102
1.14582E+07,0.000575746
1.14659E+07,0.000578405
1.14737E+07,0.000581070
1.14814E+07,0.000583750
1.14891E+07,0.000586436
1.14986E+07,0.000589248
1.15080E+07,0.000592067
1.15175E+07,0.000594898
1.15270E+07,0.000597740
1.15364E+07,0.000600596
1.15459E+07,0.000603461
1.15553E+07,0.000606337
1.15648E+07,0.000609224
1.15743E+07,0.000612126
1.15837E+07,0.000615036
1.15932E+07,0.000617957
1.16027E+07,0.000620890
1.16121E+07,0.000623838
1.16216E+07,0.000626794
1.16310E+07,0.000629761
1.16405E+07,0.000632740
1.16517E+07,0.000636295
1.16630E+07,0.000639863
1.16742E+07,0.000643451
1.16854E+07,0.000647053
1.16967E+07,0.000650674
1.17079E+07,0.000654309
1.17192E+07,0.000657964
1.17304E+07,0.000661632
1.17416E+07,0.000665321
1.17529E+07,0.000669023
1.17641E+07,0.000672746
1.17753E+07,0.000676482
1.17866E+07,0.000680240
1.17978E+07,0.000684010
1.18090E+07,0.000687799
1.18203E+07,0.000691604
1.18315E+07,0.000695431
1.18427E+07,0.000699271
1.18540E+07,0.000703133
1.18652E+07,0.000707008
1.18764E+07,0.000710905
1.18877E+07,0.000714816
1.18989E+07,0.000718748
1.19101E+07,0.000722695
1.19214E+07,0.000726663
1.19326E+07,0.000730646
1.19438E+07,0.000734650
1.19551E+07,0.000738669
1.19663E+07,0.000742709
1.19775E+07,0.000746765
1.19888E+07,0.000750838
1.20000E+07,0.000754930
1.20077E+07,0.000756466
1.20153E+07,0.000758004
1.20230E+07,0.000759545
1.20306E+07,0.000761085
1.20383E+07,0.000762630
1.20459E+07,0.000764175
1.20536E+07,0.000765724
1.20613E+07,0.000767273
1.20689E+07,0.000768826
1.20766E+07,0.000770381
1.20842E+07,0.000771939
1.20919E+07,0.000773497
1.20995E+07,0.000775059
1.21072E+07,0.000776621
1.21149E+07,0.000778187
1.21225E+07,0.000779753
1.21302E+07,0.000781324
1.21378E+07,0.000782896
1.21455E+07,0.000784471
1.21531E+07,0.000786046
1.21608E+07,0.000787625
1.21684E+07,0.000789205
1.21761E+07,0.000790788
1.21838E+07,0.000792372
1.21914E+07,0.000793960
1.21991E+07,0.000795550
1.22067E+07,0.000797142
1.22144E+07,0.000798735
1.22220E+07,0.000800331
1.22297E+07,0.000801928
1.22374E+07,0.000803529
1.22450E+07,0.000805130
1.22527E+07,0.000806736
1.22603E+07,0.000808343
1.22680E+07,0.000809953
1.22756E+07,0.000811563
1.22833E+07,0.000813177
1.22909E+07,0.000814792
1.22986E+07,0.000816410
1.23063E+07,0.000818029
1.23139E+07,0.000819652
1.23216E+07,0.000821277
1.23292E+07,0.000822905
1.23369E+07,0.000824532
1.23445E+07,0.000826164
1.23522E+07,0.000827796
1.23599E+07,0.000829432
1.23675E+07,0.000831069
1.23752E+07,0.000832709
1.23828E+07,0.000834352
1.23905E+07,0.000835997
1.23981E+07,0.000837643
1.24058E+07,0.000839292
1.24134E+07,0.000840942
1.24211E+07,0.000842596
1.24288E+07,0.000844250
1.24364E+07,0.000845909
1.24441E+07,0.000847570
1.24517E+07,0.000849232
1.24594E+07,0.000850896
1.24670E+07,0.000852563
1.24747E+07,0.000854231
1.24824E+07,0.000855902
1.24900E+07,0.000857574
1.24980E+07,0.000859319
1.25059E+07,0.000861066
1.25139E+07,0.000862815
1.25219E+07,0.000864566
1.25299E+07,0.000866320
1.25378E+07,0.000868077
1.25458E+07,0.000869836
1.25538E+07,0.000871595
1.25617E+07,0.000873359
1.25697E+07,0.000875125
1.25777E+07,0.000876894
1.25856E+07,0.000878665
1.25936E+07,0.000880439
1.26016E+07,0.000882215
1.26095E+07,0.000883993
1.26175E+07,0.000885772
1.26255E+07,0.000887556
1.26334E+07,0.000889342
1.26414E+07,0.000891130
1.26494E+07,0.000892921
1.26574E+07,0.000894714
1.26653E+07,0.000896510
1.26733E+07,0.000898308
1.26813E+07,0.000900107
1.26892E+07,0.000901910
1.26972E+07,0.000903716
1.27052E+07,0.000905524
1.27131E+07,0.000907334
1.27211E+07,0.000909147
1.27291E+07,0.000910963
1.27370E+07,0.000912781
1.27450E+07,0.000914599
1.27530E+07,0.000916423
1.27609E+07,0.000918248
1.27689E+07,0.000920076
1.27769E+07,0.000921907
1.27849E+07,0.000923740
1.27928E+07,0.000925575
1.28008E+07,0.000927413
1.28088E+07,0.000929252
1.28167E+07,0.000931095
1.28247E+07,0.000932940
1.28327E+07,0.000934788
1.28406E+07,0.000936639
1.28486E+07,0.000938492
1.28566E+07,0.000940347
1.28645E+07,0.000942206
1.28725E+07,0.000944064
1.28805E+07,0.000945927
1.28884E+07,0.000947793
1.28964E+07,0.000949661
1.29044E+07,0.000951532
1.29124E+07,0.000953405
1.29203E+07,0.000955281
1.29283E+07,0.000957159
1.29363E+07,0.000959037
1.29442E+07,0.000960921
1.29522E+07,0.000962807
1.29602E+07,0.000964695
1.29681E+07,0.000966586
1.29761E+07,0.000968480
1.29841E+07,0.000970376
1.29920E+07,0.000972274
1.30000E+07,0.000974173
1.30078E+07,0.000974399
1.30155E+07,0.000974625
1.30233E+07,0.000974851
1.30311E+07,0.000975077
1.30388E+07,0.000975303
1.30466E+07,0.000975528
1.30544E+07,0.000975754
1.30621E+07,0.000975979
1.30699E+07,0.000976205
1.30777E+07,0.000976430
1.30854E+07,0.000976655
1.30932E+07,0.000976880
1.31010E+07,0.000977106
1.31087E+07,0.000977330
1.31165E+07,0.000977555
1.31243E+07,0.000977780
1.31320E+07,0.000978005
1.31398E+07,0.000978230
1.31476E+07,0.000978454
1.31553E+07,0.000978679
1.31631E+07,0.000978903
1.31709E+07,0.000979127
1.31786E+07,0.000979352
1.31864E+07,0.000979576
1.31942E+07,0.000979800
1.32019E+07,0.000980024
1.32097E+07,0.000980248
1.32174E+07,0.000980472
1.32252E+07,0.000980696
1.32330E+07,0.000980919
1.32407E+07,0.000981143
1.32485E+07,0.000981366
1.32603E+07,0.000981704
1.32720E+07,0.000982042
1.32837E+07,0.000982379
1.32955E+07,0.000982717
1.33072E+07,0.000983054
1.33190E+07,0.000983391
1.33307E+07,0.000983727
1.33424E+07,0.000984064
1.33542E+07,0.000984401
1.33659E+07,0.000984737
1.33777E+07,0.000985073
1.33894E+07,0.000985408
1.34012E+07,0.000985744
1.34129E+07,0.000986080
1.34246E+07,0.000986415
1.34364E+07,0.000986750
1.34481E+07,0.000987085
1.34599E+07,0.000987420
1.34716E+07,0.000987754
1.34834E+07,0.000988089
1.34951E+07,0.000988423
1.35068E+07,0.000988757
1.35186E+07,0.000989091
1.35303E+07,0.000989425
1.35421E+07,0.000989758
1.35538E+07,0.000990092
1.35656E+07,0.000990425
1.35773E+07,0.000990758
1.35890E+07,0.000991091
1.36008E+07,0.000991423
1.36125E+07,0.000991756
1.36243E+07,0.000992088
1.36360E+07,0.000992420
1.36477E+07,0.000992752
1.36595E+07,0.000993084
1.36712E+07,0.000993415
1.36830E+07,0.000993747
1.36947E+07,0.000994078
1.37065E+07,0.000994409
1.37182E+07,0.000994740
1.37299E+07,0.000995071
1.37417E+07,0.000995401
1.37534E+07,0.000995732
1.37652E+07,0.000996062
1.37769E+07,0.000996392
1.37887E+07,0.000996722
1.38004E+07,0.000997052
1.38121E+07,0.000997381
1.38239E+07,0.000997711
1.38356E+07,0.000998040
1.38474E+07,0.000998369
1.38591E+07,0.000998697
1.38709E+07,0.000999026
1.38826E+07,0.000999355
1.38943E+07,0.000999683
1.39061E+07,0.00100001
1.39178E+07,0.00100034
1.39296E+07,0.00100067
1.39413E+07,0.00100100
1.39530E+07,0.00100132
1.39648E+07,0.00100165
1.39765E+07,0.00100198
1.39883E+07,0.00100230
1.40000E+07,0.00100263
1.40105E+07,0.00100210
1.40210E+07,0.00100158
1.40315E+07,0.00100106
1.40419E+07,0.00100053
1.40524E+07,0.00100001
1.40629E+07,0.000999489
1.40734E+07,0.000998968
1.40839E+07,0.000998447
1.40943E+07,0.000997927
1.41048E+07,0.000997408
1.41153E+07,0.000996890
1.41258E+07,0.000996372
1.41363E+07,0.000995855
1.41467E+07,0.000995338
1.41572E+07,0.000994822
1.41677E+07,0.000994307
1.41782E+07,0.000993792
1.41887E+07,0.000993278
1.41992E+07,0.000992765
1.42096E+07,0.000992252
1.42201E+07,0.000991740
1.42306E+07,0.000991229
1.42411E+07,0.000990718
1.42516E+07,0.000990208
1.42620E+07,0.000989698
1.42725E+07,0.000989189
1.42830E+07,0.000988681
1.42935E+07,0.000988174
1.43040E+07,0.000987667
1.43144E+07,0.000987160
1.43249E+07,0.000986655
1.43354E+07,0.000986150
1.43560E+07,0.000985160
1.43766E+07,0.000984173
1.43971E+07,0.000983188
1.44177E+07,0.000982206
1.44383E+07,0.000981225
1.44589E+07,0.000980248
1.44794E+07,0.000979272
1.45000E+07,0.000978300
1.45156E+07,0.000977562
1.45313E+07,0.000976826
1.45469E+07,0.000976091
1.45625E+07,0.000975358
1.45781E+07,0.000974626
1.45938E+07,0.000973896
1.46094E+07,0.000973166
1.46250E+07,0.000972439
1.46406E+07,0.000971712
1.46563E+07,0.000970987
1.46719E+07,0.000970262
1.46875E+07,0.000969540
1.47031E+07,0.000968818
1.47188E+07,0.000968098
1.47344E+07,0.000967379
1.47500E+07,0.000966662
1.47656E+07,0.000965946
1.47813E+07,0.000965231
1.47969E+07,0.000964517
1.48125E+07,0.000963805
1.48281E+07,0.000963094
1.48438E+07,0.000962384
1.48594E+07,0.000961675
1.48750E+07,0.000960968
1.48906E+07,0.000960262
1.49063E+07,0.000959557
1.49219E+07,0.000958854
1.49375E+07,0.000958152
1.49531E+07,0.000957450
1.49688E+07,0.000956751
1.49844E+07,0.000956052
1.50000E+07,0.000955355
1.50260E+07,0.000953997
1.50520E+07,0.000952643
1.50780E+07,0.000951294
1.51039E+07,0.000949949
1.51299E+07,0.000948607
1.51559E+07,0.000947271
1.51819E+07,0.000945938
1.52079E+07,0.000944610
1.52339E+07,0.000943285
1.52599E+07,0.000941965
1.52858E+07,0.000940648
1.53118E+07,0.000939337
1.53378E+07,0.000938028
1.53638E+07,0.000936724
1.53898E+07,0.000935425
1.54158E+07,0.000934129
1.54417E+07,0.000932836
1.54677E+07,0.000931549
1.54937E+07,0.000930264
1.55197E+07,0.000928984
1.55457E+07,0.000927708
1.55717E+07,0.000926435
1.55977E+07,0.000925166
1.56236E+07,0.000923902
1.56496E+07,0.000922641
1.56756E+07,0.000921384
1.57016E+07,0.000920130
1.57276E+07,0.000918881
1.57536E+07,0.000917635
1.57795E+07,0.000916393
1.58055E+07,0.000915155
1.58315E+07,0.000913920
1.58736E+07,0.000911927
1.59158E+07,0.000909943
1.59579E+07,0.000907968
1.60000E+07,0.000906003
1.60295E+07,0.000905016
1.60590E+07,0.000904032
1.60886E+07,0.000903051
1.61181E+07,0.000902073
1.61476E+07,0.000901098
1.61771E+07,0.000900125
1.62066E+07,0.000899156
1.62362E+07,0.000898189
1.62657E+07,0.000897225
1.62952E+07,0.000896264
1.63247E+07,0.000895305
1.63542E+07,0.000894349
1.63838E+07,0.000893396
1.64133E+07,0.000892446
1.64428E+07,0.000891498
1.64723E+07,0.000890554
1.65243E+07,0.000888897
1.65762E+07,0.000887249
1.66292E+07,0.000885577
1.66822E+07,0.000883913
1.67351E+07,0.000882258
1.67881E+07,0.000880611
1.68411E+07,0.000878972
1.68941E+07,0.000877342
1.69470E+07,0.000875719
1.70000E+07,0.000874105
1.70625E+07,0.000873190
1.71250E+07,0.000872279
1.71875E+07,0.000871372
1.72500E+07,0.000870470
1.73125E+07,0.000869572
1.73750E+07,0.000868677
1.74375E+07,0.000867788
1.75000E+07,0.000866902
1.75625E+07,0.000866020
1.76250E+07,0.000865142
1.76875E+07,0.000864268
1.77500E+07,0.000863398
1.78125E+07,0.000862533
1.78750E+07,0.000861671
1.79375E+07,0.000860812
1.80000E+07,0.000859958
1.80156E+07,0.000859968
1.80313E+07,0.000859978
1.80469E+07,0.000859988
1.80625E+07,0.000859997
1.80781E+07,0.000860007
1.80938E+07,0.000860017
1.81094E+07,0.000860027
1.81250E+07,0.000860037
1.81406E+07,0.000860046
1.81563E+07,0.000860056
1.81719E+07,0.000860066
1.81875E+07,0.000860076
1.82031E+07,0.000860085
1.82188E+07,0.000860095
1.82344E+07,0.000860105
1.82500E+07,0.000860115
1.82656E+07,0.000860124
1.82813E+07,0.000860134
1.82969E+07,0.000860144
1.83125E+07,0.000860153
1.83281E+07,0.000860163
1.83438E+07,0.000860173
1.83594E+07,0.000860182
1.83750E+07,0.000860192
1.83906E+07,0.000860202
1.84063E+07,0.000860211
1.84219E+07,0.000860221
1.84375E+07,0.000860231
1.84531E+07,0.000860240
1.84688E+07,0.000860250
1.84844E+07,0.000860260
1.85000E+07,0.000860269
1.85156E+07,0.000860279
1.85313E+07,0.000860288
1.85469E+07,0.000860298
1.85625E+07,0.000860307
1.85781E+07,0.000860317
1.85938E+07,0.000860327
1.86094E+07,0.000860336
1.86250E+07,0.000860346
1.86406E+07,0.000860355
1.86563E+07,0.000860365
1.86719E+07,0.000860374
1.86875E+07,0.000860384
1.87031E+07,0.000860393
1.87188E+07,0.000860403
1.87344E+07,0.000860412
1.87500E+07,0.000860422
1.87656E+07,0.000860431
1.87813E+07,0.000860441
1.87969E+07,0.000860450
1.88125E+07,0.000860459
1.88281E+07,0.000860469
1.88438E+07,0.000860478
1.88594E+07,0.000860488
1.88750E+07,0.000860497
1.88906E+07,0.000860506
1.89063E+07,0.000860516
1.89219E+07,0.000860525
1.89375E+07,0.000860535
1.89531E+07,0.000860544
1.89688E+07,0.000860553
1.89844E+07,0.000860563
1.90000E+07,0.000860572
1.90156E+07,0.000860767
1.90313E+07,0.000860962
1.90469E+07,0.000861157
1.90625E+07,0.000861352
1.90781E+07,0.000861547
1.90938E+07,0.000861741
1.91094E+07,0.000861936
1.91250E+07,0.000862130
1.91406E+07,0.000862324
1.91563E+07,0.000862518
1.91719E+07,0.000862713
1.91875E+07,0.000862906
1.92031E+07,0.000863100
1.92188E+07,0.000863294
1.92344E+07,0.000863487
1.92500E+07,0.000863681
1.92656E+07,0.000863874
1.92813E+07,0.000864067
1.92969E+07,0.000864261
1.93125E+07,0.000864453
1.93281E+07,0.000864646
1.93438E+07,0.000864839
1.93594E+07,0.000865032
1.93750E+07,0.000865224
1.93906E+07,0.000865417
1.94063E+07,0.000865609
1.94219E+07,0.000865801
1.94375E+07,0.000865993
1.94531E+07,0.000866185
1.94688E+07,0.000866377
1.94844E+07,0.000866569
1.95000E+07,0.000866760
1.95156E+07,0.000866952
1.95313E+07,0.000867143
1.95469E+07,0.000867335
1.95625E+07,0.000867526
1.95781E+07,0.000867717
1.95938E+07,0.000867908
1.96094E+07,0.000868099
1.96250E+07,0.000868290
1.96406E+07,0.000868480
1.96563E+07,0.000868671
1.96719E+07,0.000868861
1.96875E+07,0.000869052
1.97031E+07,0.000869242
1.97188E+07,0.000869432
1.97344E+07,0.000869622
1.97500E+07,0.000869812
1.97656E+07,0.000870002
1.97813E+07,0.000870191
1.97969E+07,0.000870381
1.98125E+07,0.000870570
1.98281E+07,0.000870760
1.98438E+07,0.000870949
1.98594E+07,0.000871138
1.98750E+07,0.000871327
1.98906E+07,0.000871516
1.99063E+07,0.000871705
1.99219E+07,0.000871893
1.99375E+07,0.000872082
1.99531E+07,0.000872270
1.99688E+07,0.000872459
1.99844E+07,0.000872647
2.00000E+07,0.000872835
