1.000000e-05,3.75628160e+00
1.250000e-05,3.35977968e+00
1.500000e-05,3.06709858e+00
2.000000e-05,2.65624906e+00
2.750000e-05,2.26531679e+00
3.500000e-05,2.00802644e+00
4.250000e-05,1.82228479e+00
5.000000e-05,1.68008413e+00
6.250000e-05,1.50274180e+00
7.500000e-05,1.37182991e+00
1.000000e-04,1.18807102e+00
1.250000e-04,1.06265904e+00
1.500000e-04,9.70084134e-01
2.000000e-04,8.40137714e-01
2.750000e-04,7.16490290e-01
3.500000e-04,6.35113488e-01
4.250000e-04,5.76365044e-01
5.000000e-04,5.31389301e-01
6.250000e-04,4.75298153e-01
7.500000e-04,4.33892372e-01
1.000000e-03,3.75770639e-01
1.250000e-03,3.36105501e-01
1.500000e-03,3.06825436e-01
2.000000e-03,2.65725538e-01
2.750000e-03,2.26617365e-01
3.500000e-03,2.00878367e-01
4.250000e-03,1.82297228e-01
5.000000e-03,1.68072180e-01
6.250000e-03,1.50330973e-01
7.500000e-03,1.37234801e-01
1.000000e-02,1.18851938e-01
1.250000e-02,1.06305758e-01
1.500000e-02,9.70451789e-02
2.000000e-02,8.40455552e-02
2.530000e-02,7.47270874e-02
3.147500e-02,6.69871546e-02
3.765000e-02,6.12406416e-02
5.000000e-02,5.31317563e-02
6.250000e-02,4.75153681e-02
7.500000e-02,4.33701071e-02
1.000000e-01,3.75523543e-02
1.250000e-01,3.35827518e-02
1.500000e-01,3.06529518e-02
2.000000e-01,2.65410689e-02
2.500000e-01,2.37355154e-02
2.750000e-01,2.27001463e-02
3.000000e-01,2.16647778e-02
3.500000e-01,2.02117342e-02
4.000000e-01,1.87586913e-02
5.000000e-01,1.67757331e-02
7.500000e-01,1.36935902e-02
1.000000e+00,1.18566980e-02
1.500000e+00,9.68199081e-03
2.000000e+00,8.38549525e-03
3.000000e+00,6.84746252e-03
3.500000e+00,6.38899663e-03
4.000000e+00,5.93053113e-03
5.000000e+00,5.30473653e-03
7.500000e+00,4.33177014e-03
1.000000e+01,3.75170836e-03
1.500000e+01,3.06358148e-03
2.000000e+01,2.65333991e-03
3.000000e+01,2.16667740e-03
4.000000e+01,1.87653731e-03
5.000000e+01,1.67853062e-03
6.000000e+01,1.55538446e-03
7.500000e+01,1.37066534e-03
1.000000e+02,1.18711598e-03
1.500000e+02,9.69382505e-04
2.000000e+02,8.39573819e-04
3.000000e+02,6.85583647e-04
4.000000e+02,5.93779293e-04
5.000000e+02,5.31124446e-04
7.500000e+02,4.33708626e-04
1.000000e+03,3.75632088e-04
1.500000e+03,3.06851135e-04
2.000000e+03,2.65832757e-04
3.000000e+03,2.17157262e-04
4.000000e+03,1.88129986e-04
5.000000e+03,1.68314058e-04
6.000000e+03,1.53683814e-04
8.000000e+03,1.33140481e-04
1.000000e+04,1.19117327e-04
1.500000e+04,9.73127682e-05
2.000000e+04,8.43095786e-05
3.000000e+04,6.88795254e-05
3.500000e+04,6.42794689e-05
4.000000e+04,5.96785676e-05
5.000000e+04,5.33979928e-05
6.000000e+04,4.87603730e-05
8.000000e+04,4.22497335e-05
1.000000e+05,3.78064414e-05
1.200000e+05,3.45256746e-05
1.400000e+05,3.19759370e-05
1.500000e+05,3.09484146e-05
1.600000e+05,2.99205236e-05
1.679000e+05,2.92115277e-05
1.696990e+05,2.90570546e-05
1.697000e+05,2.90570547e-05
1.800000e+05,2.82176522e-05
1.900000e+05,2.74688914e-05
2.000000e+05,2.67771224e-05
2.500000e+05,2.39648807e-05
3.000000e+05,2.50302729e-05
3.500000e+05,2.60947435e-05
4.000000e+05,2.71592140e-05
4.100000e+05,2.73719872e-05
4.200000e+05,2.75847604e-05
4.220000e+05,2.76272752e-05
4.240000e+05,2.76698896e-05
4.250000e+05,2.76911470e-05
4.260000e+05,2.77124044e-05
4.270000e+05,2.77336618e-05
4.280000e+05,2.77550188e-05
4.290000e+05,2.77762762e-05
4.300000e+05,2.77975336e-05
4.302000e+05,2.78018249e-05
4.304000e+05,2.78060166e-05
4.306000e+05,2.78103079e-05
4.308000e+05,2.78145993e-05
4.310000e+05,2.78187910e-05
4.312000e+05,2.78230823e-05
4.314000e+05,2.78273736e-05
4.316000e+05,2.78315653e-05
4.318000e+05,2.78358566e-05
4.320000e+05,2.78401480e-05
4.322000e+05,2.78443397e-05
4.324000e+05,2.78486310e-05
4.326000e+05,2.78528227e-05
4.328000e+05,2.78571140e-05
4.330000e+05,2.78614054e-05
4.332000e+05,2.78655971e-05
4.334000e+05,2.78698884e-05
4.336000e+05,2.78741797e-05
4.338000e+05,2.78783714e-05
4.340000e+05,2.78826628e-05
4.342000e+05,2.78869541e-05
4.344000e+05,2.78911458e-05
4.346000e+05,2.78954371e-05
4.348000e+05,2.78997285e-05
4.350000e+05,2.79039202e-05
4.360000e+05,2.79251775e-05
4.370000e+05,2.79465346e-05
4.380000e+05,2.79677920e-05
4.390000e+05,2.79890493e-05
4.400000e+05,2.80103067e-05
4.420000e+05,2.80529212e-05
4.440000e+05,2.80954359e-05
4.460000e+05,2.81380504e-05
4.480000e+05,2.81805651e-05
4.500000e+05,2.82230799e-05
4.550000e+05,2.83295661e-05
4.600000e+05,2.84359527e-05
4.650000e+05,2.85423393e-05
4.700000e+05,2.86487259e-05
4.720000e+05,2.86912407e-05
4.740000e+05,2.87338551e-05
4.760000e+05,2.87763699e-05
4.780000e+05,2.88189843e-05
4.800000e+05,2.88614991e-05
4.820000e+05,2.89040138e-05
4.840000e+05,2.89466283e-05
4.860000e+05,2.89891430e-05
4.880000e+05,2.90317575e-05
4.890000e+05,2.90530149e-05
4.900000e+05,2.90742722e-05
4.906000e+05,2.90870466e-05
4.910000e+05,2.90955296e-05
4.912000e+05,2.90998210e-05
4.918000e+05,2.91125953e-05
4.920000e+05,2.91168867e-05
4.930000e+05,2.91381440e-05
4.940000e+05,2.91594014e-05
4.960000e+05,2.92019162e-05
4.980000e+05,2.92445306e-05
5.000000e+05,2.92870454e-05
5.020000e+05,2.93296447e-05
5.040000e+05,2.93721444e-05
5.060000e+05,2.94147437e-05
5.080000e+05,2.94572434e-05
5.100000e+05,2.94997431e-05
5.150000e+05,2.96061916e-05
5.200000e+05,2.97125404e-05
5.300000e+05,2.99252381e-05
5.400000e+05,3.01379358e-05
5.500000e+05,3.03506335e-05
5.600000e+05,3.05633311e-05
5.700000e+05,3.07760288e-05
5.800000e+05,3.09888261e-05
5.900000e+05,3.12015238e-05
6.000000e+05,3.14142215e-05
6.050000e+05,3.15205703e-05
6.100000e+05,3.16269192e-05
6.120000e+05,3.16695185e-05
6.140000e+05,3.17120182e-05
6.160000e+05,3.17545178e-05
6.180000e+05,3.17971172e-05
6.200000e+05,3.18396168e-05
6.220000e+05,3.18822162e-05
6.240000e+05,3.19247158e-05
6.250000e+05,3.19459657e-05
6.260000e+05,3.19673152e-05
6.280000e+05,3.20098148e-05
6.300000e+05,3.20524142e-05
6.350000e+05,3.21587630e-05
6.400000e+05,3.22651118e-05
6.420000e+05,3.23076115e-05
6.440000e+05,3.23502108e-05
6.450000e+05,3.23714607e-05
6.460000e+05,3.23927105e-05
6.480000e+05,3.24352102e-05
6.500000e+05,3.24778095e-05
6.520000e+05,3.25202978e-05
6.540000e+05,3.25628857e-05
6.550000e+05,3.25841298e-05
6.560000e+05,3.26053740e-05
6.580000e+05,3.26479619e-05
6.600000e+05,3.26904501e-05
6.700000e+05,3.29030907e-05
6.800000e+05,3.31157313e-05
6.900000e+05,3.33284716e-05
7.000000e+05,3.35411122e-05
7.100000e+05,3.37537528e-05
7.200000e+05,3.39663934e-05
7.400000e+05,3.43916746e-05
7.600000e+05,3.48170554e-05
7.800000e+05,3.52423367e-05
8.000000e+05,3.56676179e-05
8.200000e+05,3.60929450e-05
8.400000e+05,3.65181725e-05
8.500000e+05,3.67307862e-05
8.600000e+05,3.69433891e-05
8.800000e+05,3.73686946e-05
8.988300e+05,3.77690260e-05
9.000000e+05,3.77939000e-05
9.071200e+05,3.79452692e-05
9.100000e+05,3.80064967e-05
9.172200e+05,3.81599907e-05
9.200000e+05,3.82190918e-05
9.206200e+05,3.82322789e-05
9.223300e+05,3.82686495e-05
9.257700e+05,3.83418159e-05
9.300000e+05,3.84317847e-05
9.309500e+05,3.84519810e-05
9.400000e+05,3.86443757e-05
9.441000e+05,3.87315380e-05
9.500000e+05,3.88569657e-05
9.600000e+05,3.90695522e-05
9.650000e+05,3.91758455e-05
9.700000e+05,3.92821388e-05
9.750000e+05,3.93884321e-05
9.800000e+05,3.94947233e-05
9.850000e+05,3.96011141e-05
9.900000e+05,3.97074053e-05
9.950000e+05,3.98136965e-05
1.000000e+06,3.99199877e-05
1.005000e+06,4.00725322e-05
1.010000e+06,4.02251764e-05
1.012000e+06,4.02861543e-05
1.014000e+06,4.03472319e-05
1.016000e+06,4.04082099e-05
1.018000e+06,4.04692875e-05
1.020000e+06,4.05303651e-05
1.040000e+06,4.11406429e-05
1.045000e+06,4.12932870e-05
1.050000e+06,4.14458316e-05
1.055000e+06,4.15984757e-05
1.060000e+06,4.17510203e-05
1.065000e+06,4.19036645e-05
1.070000e+06,4.20562090e-05
1.075000e+06,4.22088532e-05
1.080000e+06,4.23613977e-05
1.085000e+06,4.25139422e-05
1.090000e+06,4.26665864e-05
1.093900e+06,4.27855712e-05
1.094500e+06,4.28038767e-05
1.095000e+06,4.28191309e-05
1.095600e+06,4.28374484e-05
1.096100e+06,4.28527126e-05
1.096700e+06,4.28710301e-05
1.098400e+06,4.29229288e-05
1.100000e+06,4.29717751e-05
1.105000e+06,4.33485006e-05
1.110000e+06,4.37252262e-05
1.112000e+06,4.38759762e-05
1.114000e+06,4.40266265e-05
1.116000e+06,4.41773765e-05
1.117000e+06,4.42527017e-05
1.118000e+06,4.43280269e-05
1.119000e+06,4.44033521e-05
1.120000e+06,4.44787769e-05
1.125000e+06,4.48555024e-05
1.130000e+06,4.52322280e-05
1.135000e+06,4.56089535e-05
1.140000e+06,4.59857787e-05
1.145000e+06,4.63625042e-05
1.150000e+06,4.67392297e-05
1.155000e+06,4.71159553e-05
1.160000e+06,4.74926808e-05
1.165000e+06,4.78695060e-05
1.170000e+06,4.82462315e-05
1.172000e+06,4.83968819e-05
1.174000e+06,4.85476319e-05
1.176000e+06,4.86982822e-05
1.178000e+06,4.88490322e-05
1.180000e+06,4.89996826e-05
1.181000e+06,4.90751074e-05
1.182000e+06,4.91504326e-05
1.183000e+06,4.92257578e-05
1.183200e+06,4.92408029e-05
1.183400e+06,4.92558480e-05
1.183600e+06,4.92709927e-05
1.183800e+06,4.92860378e-05
1.184000e+06,4.93010830e-05
1.184200e+06,4.93161281e-05
1.184400e+06,4.93312728e-05
1.184600e+06,4.93463179e-05
1.184800e+06,4.93613630e-05
1.185000e+06,4.93764081e-05
1.185200e+06,4.93915529e-05
1.185400e+06,4.94065980e-05
1.185600e+06,4.94216431e-05
1.185800e+06,4.94366882e-05
1.186000e+06,4.94518329e-05
1.186200e+06,4.94668781e-05
1.186400e+06,4.94819232e-05
1.186600e+06,4.94969683e-05
1.186800e+06,4.95121130e-05
1.187000e+06,4.95271581e-05
1.187200e+06,4.95422032e-05
1.187400e+06,4.95572483e-05
1.187600e+06,4.95723931e-05
1.187800e+06,4.95874382e-05
1.188000e+06,4.96024833e-05
1.189000e+06,4.96778085e-05
1.190000e+06,4.97532333e-05
1.192000e+06,4.99038837e-05
1.194000e+06,5.00546337e-05
1.196000e+06,5.02052840e-05
1.198000e+06,5.03560340e-05
1.200000e+06,5.05066844e-05
1.205000e+06,5.06262494e-05
1.210000e+06,5.07459141e-05
1.215000e+06,5.08654791e-05
1.220000e+06,5.09850441e-05
1.225000e+06,5.11046091e-05
1.230000e+06,5.12241741e-05
1.235000e+06,5.13438388e-05
1.240000e+06,5.14634038e-05
1.245000e+06,5.15829688e-05
1.250000e+06,5.17025338e-05
1.255000e+06,5.18220989e-05
1.260000e+06,5.19417635e-05
1.265000e+06,5.20613285e-05
1.270000e+06,5.21808936e-05
1.275000e+06,5.23004586e-05
1.280000e+06,5.24200236e-05
1.285000e+06,5.25396883e-05
1.290000e+06,5.26592533e-05
1.295000e+06,5.27788183e-05
1.300000e+06,5.28983833e-05
1.305000e+06,5.30180480e-05
1.310000e+06,5.31376130e-05
1.315000e+06,5.32571780e-05
1.320000e+06,5.33767430e-05
1.325000e+06,5.34963081e-05
1.330000e+06,5.36159727e-05
1.335000e+06,5.37355377e-05
1.340000e+06,5.38551028e-05
1.345000e+06,5.39746678e-05
1.350000e+06,5.40942328e-05
1.355000e+06,5.42138974e-05
1.360000e+06,5.43334625e-05
1.362000e+06,5.43812885e-05
1.364000e+06,5.44291145e-05
1.366000e+06,5.44769405e-05
1.368000e+06,5.45247665e-05
1.370000e+06,5.45725925e-05
1.372000e+06,5.46204185e-05
1.374000e+06,5.46682445e-05
1.376000e+06,5.47160705e-05
1.378000e+06,5.47639962e-05
1.380000e+06,5.48118222e-05
1.385000e+06,5.49313872e-05
1.390000e+06,5.50509522e-05
1.395000e+06,5.51705172e-05
1.400000e+06,5.52900823e-05
1.402000e+06,5.52901826e-05
1.404000e+06,5.52901834e-05
1.406000e+06,5.52902837e-05
1.408000e+06,5.52902844e-05
1.410000e+06,5.52903848e-05
1.415000e+06,5.52904863e-05
1.420000e+06,5.52905877e-05
1.425000e+06,5.52906892e-05
1.430000e+06,5.52907906e-05
1.435000e+06,5.52908921e-05
1.440000e+06,5.52909935e-05
1.445000e+06,5.52910950e-05
1.450000e+06,5.52911965e-05
1.455000e+06,5.52912979e-05
1.460000e+06,5.52914990e-05
1.465000e+06,5.52916005e-05
1.470000e+06,5.52917019e-05
1.475000e+06,5.52918034e-05
1.480000e+06,5.52919048e-05
1.485000e+06,5.52920063e-05
1.490000e+06,5.52921077e-05
1.495000e+06,5.52922092e-05
1.500000e+06,5.52923107e-05
1.505000e+06,5.52326305e-05
1.510000e+06,5.51729504e-05
1.515000e+06,5.51133699e-05
1.520000e+06,5.50536897e-05
1.525000e+06,5.49940096e-05
1.530000e+06,5.49343294e-05
1.535000e+06,5.48746493e-05
1.540000e+06,5.48149691e-05
1.545000e+06,5.47552890e-05
1.550000e+06,5.46956089e-05
1.555000e+06,5.46359288e-05
1.558600e+06,5.45929591e-05
1.560000e+06,5.45762485e-05
1.560400e+06,5.45714740e-05
1.563300e+06,5.45368596e-05
1.565000e+06,5.45165683e-05
1.565200e+06,5.45141811e-05
1.569000e+06,5.44688243e-05
1.570000e+06,5.44568883e-05
1.575000e+06,5.43972081e-05
1.580000e+06,5.43375280e-05
1.582000e+06,5.43137157e-05
1.584000e+06,5.42898038e-05
1.586000e+06,5.42658919e-05
1.588000e+06,5.42420796e-05
1.590000e+06,5.42181677e-05
1.592000e+06,5.41943554e-05
1.594000e+06,5.41704435e-05
1.595000e+06,5.41584876e-05
1.596000e+06,5.41466312e-05
1.598000e+06,5.41227193e-05
1.600000e+06,5.40988074e-05
1.602000e+06,5.40170070e-05
1.604000e+06,5.39351069e-05
1.605000e+06,5.38941569e-05
1.606000e+06,5.38532069e-05
1.608000e+06,5.37713068e-05
1.610000e+06,5.36894067e-05
1.615000e+06,5.34847562e-05
1.620000e+06,5.32800060e-05
1.625000e+06,5.30753555e-05
1.630000e+06,5.28706054e-05
1.635000e+06,5.26658552e-05
1.640000e+06,5.24612047e-05
1.645000e+06,5.22564545e-05
1.650000e+06,5.20518040e-05
1.655000e+06,5.18470538e-05
1.660000e+06,5.16423037e-05
1.665000e+06,5.14376531e-05
1.670000e+06,5.12329030e-05
1.675000e+06,5.10282525e-05
1.680000e+06,5.08235023e-05
1.685000e+06,5.06188518e-05
1.690000e+06,5.04141016e-05
1.695000e+06,5.02093515e-05
1.700000e+06,5.00047009e-05
1.705000e+06,4.97999508e-05
1.710000e+06,4.95953003e-05
1.715000e+06,4.93905501e-05
1.720000e+06,4.91857999e-05
1.725000e+06,4.89811494e-05
1.730000e+06,4.87763992e-05
1.735000e+06,4.85717487e-05
1.740000e+06,4.83669986e-05
1.745000e+06,4.81623480e-05
1.750000e+06,4.79575979e-05
1.755000e+06,4.77528477e-05
1.760000e+06,4.75481972e-05
1.765000e+06,4.73434470e-05
1.770000e+06,4.71387965e-05
1.775000e+06,4.69340464e-05
1.780000e+06,4.67292962e-05
1.782000e+06,4.66474958e-05
1.784000e+06,4.65655957e-05
1.786000e+06,4.64836956e-05
1.788000e+06,4.64017956e-05
1.790000e+06,4.63198955e-05
1.795000e+06,4.61152450e-05
1.800000e+06,4.59104948e-05
1.805000e+06,4.57058443e-05
1.810000e+06,4.55010941e-05
1.815000e+06,4.52963440e-05
1.820000e+06,4.50916935e-05
1.825000e+06,4.48869433e-05
1.830000e+06,4.46822928e-05
1.835000e+06,4.44775426e-05
1.840000e+06,4.42727925e-05
1.845000e+06,4.40681419e-05
1.850000e+06,4.38633918e-05
1.855000e+06,4.36587412e-05
1.860000e+06,4.34539911e-05
1.865000e+06,4.32493406e-05
1.870000e+06,4.30445904e-05
1.875000e+06,4.28398402e-05
1.880000e+06,4.26351897e-05
1.885000e+06,4.24304396e-05
1.890000e+06,4.22257890e-05
1.895000e+06,4.20210389e-05
1.900000e+06,4.18163883e-05
1.910000e+06,4.14068880e-05
1.920000e+06,4.09974873e-05
1.930000e+06,4.05880867e-05
1.940000e+06,4.01786861e-05
1.940500e+06,4.01582161e-05
1.943100e+06,4.00517717e-05
1.947000e+06,3.98921055e-05
1.949600e+06,3.97856615e-05
1.950000e+06,3.97692854e-05
1.952300e+06,3.96751230e-05
1.955000e+06,3.95645849e-05
1.960000e+06,3.93598846e-05
1.965000e+06,3.91551344e-05
1.970000e+06,3.89503843e-05
1.975000e+06,3.87456839e-05
1.980000e+06,3.85409836e-05
1.985000e+06,3.83362833e-05
1.990000e+06,3.81315829e-05
1.995000e+06,3.79268826e-05
2.000000e+06,3.77221822e-05
2.005000e+06,3.75692722e-05
2.010000e+06,3.74163622e-05
2.015000e+06,3.72634522e-05
2.020000e+06,3.71105422e-05
2.025000e+06,3.69576322e-05
2.030000e+06,3.68047222e-05
2.033400e+06,3.67007433e-05
2.035000e+06,3.66518122e-05
2.037000e+06,3.65906480e-05
2.039000e+06,3.65294841e-05
2.040000e+06,3.64989022e-05
2.045000e+06,3.63459922e-05
2.050000e+06,3.61930822e-05
2.055000e+06,3.60401722e-05
2.060000e+06,3.58872622e-05
2.070000e+06,3.55814422e-05
2.080000e+06,3.52756221e-05
2.090000e+06,3.49698021e-05
2.100000e+06,3.46639821e-05
2.110000e+06,3.43581620e-05
2.120000e+06,3.40523419e-05
2.130000e+06,3.37465219e-05
2.140000e+06,3.34407018e-05
2.150000e+06,3.31349813e-05
2.160000e+06,3.28291613e-05
2.170000e+06,3.25233413e-05
2.180000e+06,3.22175213e-05
2.190000e+06,3.19117013e-05
2.200000e+06,3.16058813e-05
2.202000e+06,3.15446973e-05
2.204000e+06,3.14835134e-05
2.206000e+06,3.14223295e-05
2.208000e+06,3.13612452e-05
2.210000e+06,3.13000613e-05
2.212000e+06,3.12388773e-05
2.214000e+06,3.11776934e-05
2.216000e+06,3.11165095e-05
2.218000e+06,3.10554252e-05
2.220000e+06,3.09942412e-05
2.222000e+06,3.09330573e-05
2.224000e+06,3.08718734e-05
2.226000e+06,3.08106895e-05
2.228000e+06,3.07495055e-05
2.230000e+06,3.06884212e-05
2.232000e+06,3.06272373e-05
2.234000e+06,3.05660534e-05
2.236000e+06,3.05048694e-05
2.238000e+06,3.04436855e-05
2.240000e+06,3.03826012e-05
2.242000e+06,3.03214173e-05
2.244000e+06,3.02602334e-05
2.246000e+06,3.01990494e-05
2.248000e+06,3.01378655e-05
2.250000e+06,3.00767812e-05
2.260000e+06,2.97709612e-05
2.270000e+06,2.94651412e-05
2.280000e+06,2.91593212e-05
2.290000e+06,2.88535012e-05
2.300000e+06,2.85476811e-05
2.310000e+06,2.82418611e-05
2.320000e+06,2.79360411e-05
2.330000e+06,2.76302211e-05
2.340000e+06,2.73244011e-05
2.350000e+06,2.70185811e-05
2.360000e+06,2.67127611e-05
2.370000e+06,2.64069411e-05
2.375000e+06,2.62540311e-05
2.380000e+06,2.61011210e-05
2.390000e+06,2.57953008e-05
2.400000e+06,2.54894807e-05
2.410000e+06,2.51836607e-05
2.419000e+06,2.49084229e-05
2.420000e+06,2.48778406e-05
2.426500e+06,2.46790901e-05
2.428300e+06,2.46240516e-05
2.430200e+06,2.45659551e-05
2.435000e+06,2.44191853e-05
2.440000e+06,2.42663003e-05
2.445000e+06,2.41134797e-05
2.447440e+06,2.40389033e-05
2.450000e+06,2.39605862e-05
2.460000e+06,2.36546602e-05
2.475000e+06,2.31958804e-05
2.476000e+06,2.31652884e-05
2.477000e+06,2.31346965e-05
2.479390e+06,2.30615548e-05
2.479400e+06,2.30615547e-05
2.480000e+06,2.30430202e-05
2.485000e+06,2.28900604e-05
2.490000e+06,2.27372002e-05
2.495000e+06,2.25842404e-05
2.500000e+06,2.24313802e-05
2.505000e+06,2.23812447e-05
2.506000e+06,2.23711778e-05
2.506500e+06,2.23661941e-05
2.507000e+06,2.23612104e-05
2.507500e+06,2.23562268e-05
2.508000e+06,2.23511435e-05
2.508500e+06,2.23461598e-05
2.509000e+06,2.23411762e-05
2.509500e+06,2.23360929e-05
2.510000e+06,2.23311092e-05
2.510500e+06,2.23261256e-05
2.511000e+06,2.23211419e-05
2.511500e+06,2.23160586e-05
2.512000e+06,2.23110750e-05
2.512500e+06,2.23060913e-05
2.513000e+06,2.23010080e-05
2.513500e+06,2.22960244e-05
2.514000e+06,2.22910407e-05
2.514500e+06,2.22860571e-05
2.515000e+06,2.22809738e-05
2.520000e+06,2.22308383e-05
2.525000e+06,2.21808025e-05
2.530000e+06,2.21306670e-05
2.540000e+06,2.20303960e-05
2.550000e+06,2.19301251e-05
2.560000e+06,2.18298542e-05
2.575000e+06,2.16795225e-05
2.580000e+06,2.16294119e-05
2.600000e+06,2.14288700e-05
2.620000e+06,2.12284275e-05
2.625000e+06,2.11782919e-05
2.630000e+06,2.11281565e-05
2.640000e+06,2.10279851e-05
2.650000e+06,2.09277142e-05
2.660000e+06,2.08274433e-05
2.670000e+06,2.07271723e-05
2.675000e+06,2.06770867e-05
2.680000e+06,2.06270010e-05
2.690000e+06,2.05267301e-05
2.695000e+06,2.04765946e-05
2.700000e+06,2.04264591e-05
2.702000e+06,2.04064249e-05
2.704000e+06,2.03863906e-05
2.705000e+06,2.03763735e-05
2.706000e+06,2.03663563e-05
2.708000e+06,2.03463221e-05
2.710000e+06,2.03261882e-05
2.712000e+06,2.03061539e-05
2.714000e+06,2.02861196e-05
2.715000e+06,2.02761025e-05
2.716000e+06,2.02660854e-05
2.718000e+06,2.02460511e-05
2.720000e+06,2.02260169e-05
2.725000e+06,2.01758814e-05
2.728000e+06,2.01458000e-05
2.730000e+06,2.01257459e-05
2.730200e+06,2.01237405e-05
2.732400e+06,2.01016811e-05
2.734600e+06,2.00796213e-05
2.735000e+06,2.00756104e-05
2.736800e+06,2.00575618e-05
2.740000e+06,2.00254750e-05
2.745000e+06,1.99753395e-05
2.750000e+06,1.99252040e-05
2.755000e+06,1.98751682e-05
2.760000e+06,1.98250327e-05
2.770000e+06,1.97247618e-05
2.780000e+06,1.96244908e-05
2.790000e+06,1.95242199e-05
2.795000e+06,1.94741342e-05
2.800000e+06,1.94240486e-05
2.810000e+06,1.95689818e-05
2.815000e+06,1.96414485e-05
2.820000e+06,1.97139149e-05
2.821900e+06,1.97414616e-05
2.824200e+06,1.97748079e-05
2.825000e+06,1.97864066e-05
2.830000e+06,1.98588982e-05
2.831100e+06,1.98748460e-05
2.835000e+06,1.99313897e-05
2.840000e+06,2.00038812e-05
2.845000e+06,2.00763479e-05
2.850000e+06,2.01488145e-05
2.860000e+06,2.02937477e-05
2.870000e+06,2.04386806e-05
2.880000e+06,2.05836139e-05
2.885000e+06,2.06561303e-05
2.890000e+06,2.07286468e-05
2.892000e+06,2.07576334e-05
2.894000e+06,2.07866201e-05
2.896000e+06,2.08156067e-05
2.898000e+06,2.08445934e-05
2.900000e+06,2.08735800e-05
2.902000e+06,2.09547759e-05
2.904000e+06,2.10359718e-05
2.905000e+06,2.10766196e-05
2.906000e+06,2.11172674e-05
2.908000e+06,2.11984633e-05
2.910000e+06,2.12796593e-05
2.911000e+06,2.13202572e-05
2.912000e+06,2.13608553e-05
2.913500e+06,2.14218271e-05
2.914000e+06,2.14421509e-05
2.915900e+06,2.15192869e-05
2.916000e+06,2.15233467e-05
2.918000e+06,2.16045427e-05
2.920000e+06,2.16858381e-05
2.925000e+06,2.18888777e-05
2.930000e+06,2.20919173e-05
2.935000e+06,2.22949569e-05
2.940000e+06,2.24979965e-05
2.942000e+06,2.25792920e-05
2.944000e+06,2.26604879e-05
2.945000e+06,2.27010361e-05
2.946000e+06,2.27416839e-05
2.948000e+06,2.28228798e-05
2.950000e+06,2.29041753e-05
2.952000e+06,2.29853712e-05
2.954000e+06,2.30665672e-05
2.955000e+06,2.31072149e-05
2.956000e+06,2.31477631e-05
2.957000e+06,2.31884108e-05
2.958000e+06,2.32290586e-05
2.959000e+06,2.32696068e-05
2.960000e+06,2.33102545e-05
2.961000e+06,2.33509023e-05
2.962000e+06,2.33914504e-05
2.964000e+06,2.34727460e-05
2.966000e+06,2.35539419e-05
2.968000e+06,2.36351378e-05
2.970000e+06,2.37163337e-05
2.975000e+06,2.39194730e-05
2.980000e+06,2.41225126e-05
2.985000e+06,2.43255529e-05
2.990000e+06,2.45285932e-05
3.000000e+06,2.49346739e-05
3.020000e+06,2.59941318e-05
3.040000e+06,2.70535897e-05
3.050000e+06,2.75833186e-05
3.060000e+06,2.81130476e-05
3.070000e+06,2.86426769e-05
3.075000e+06,2.89075911e-05
3.080000e+06,2.91724058e-05
3.085000e+06,2.94373201e-05
3.090000e+06,2.97021347e-05
3.095000e+06,2.99669494e-05
3.100000e+06,3.02318637e-05
3.105000e+06,3.04966783e-05
3.110000e+06,3.07615925e-05
3.120000e+06,3.12913214e-05
3.130000e+06,3.18209506e-05
3.140000e+06,3.23506795e-05
3.150000e+06,3.28804084e-05
3.160000e+06,3.34101373e-05
3.170000e+06,3.39398663e-05
3.180000e+06,3.44695952e-05
3.190000e+06,3.49993241e-05
3.195000e+06,3.52641388e-05
3.200000e+06,3.55289534e-05
3.210000e+06,3.56695042e-05
3.220000e+06,3.58101545e-05
3.230000e+06,3.59507052e-05
3.240000e+06,3.60912560e-05
3.250000e+06,3.62318067e-05
3.260000e+06,3.63723574e-05
3.280000e+06,3.66534589e-05
3.300000e+06,3.69346600e-05
3.320000e+06,3.72157614e-05
3.340000e+06,3.74968628e-05
3.350000e+06,3.76374634e-05
3.360000e+06,3.77780639e-05
3.380000e+06,3.80591652e-05
3.400000e+06,3.83402665e-05
3.410000e+06,3.82920568e-05
3.420000e+06,3.82438471e-05
3.430000e+06,3.81955876e-05
3.435000e+06,3.81714579e-05
3.440000e+06,3.81473281e-05
3.443200e+06,3.81319012e-05
3.446300e+06,3.81169559e-05
3.450000e+06,3.80991184e-05
3.455000e+06,3.80750136e-05
3.460000e+06,3.80509088e-05
3.464900e+06,3.80272616e-05
3.468000e+06,3.80123013e-05
3.470000e+06,3.80026493e-05
3.475000e+06,3.79785195e-05
3.480000e+06,3.79543898e-05
3.485000e+06,3.79303597e-05
3.490000e+06,3.79062299e-05
3.495000e+06,3.78821002e-05
3.500000e+06,3.78579704e-05
3.502000e+06,3.78399292e-05
3.504000e+06,3.78219875e-05
3.506000e+06,3.78039463e-05
3.508000e+06,3.77860047e-05
3.510000e+06,3.77679634e-05
3.512000e+06,3.77499222e-05
3.514000e+06,3.77319806e-05
3.516000e+06,3.77139393e-05
3.518000e+06,3.76958981e-05
3.520000e+06,3.76779565e-05
3.521000e+06,3.76688860e-05
3.522000e+06,3.76599152e-05
3.523000e+06,3.76509444e-05
3.524000e+06,3.76418740e-05
3.526000e+06,3.76239323e-05
3.528000e+06,3.76058911e-05
3.530000e+06,3.75879495e-05
3.540000e+06,3.74978429e-05
3.550000e+06,3.74078359e-05
3.552000e+06,3.73898943e-05
3.554000e+06,3.73718530e-05
3.556000e+06,3.73538118e-05
3.558000e+06,3.73358701e-05
3.560000e+06,3.73178289e-05
3.562000e+06,3.72997876e-05
3.564000e+06,3.72818460e-05
3.566000e+06,3.72638048e-05
3.568000e+06,3.72458632e-05
3.570000e+06,3.72278219e-05
3.572000e+06,3.72097807e-05
3.574000e+06,3.71918391e-05
3.576000e+06,3.71737978e-05
3.578000e+06,3.71557566e-05
3.579000e+06,3.71467857e-05
3.580000e+06,3.71378149e-05
3.585000e+06,3.70927616e-05
3.590000e+06,3.70478080e-05
3.595000e+06,3.70027546e-05
3.600000e+06,3.69577013e-05
3.610000e+06,3.68676943e-05
3.620000e+06,3.67776872e-05
3.630000e+06,3.66876802e-05
3.640000e+06,3.65976731e-05
3.650000e+06,3.65076661e-05
3.660000e+06,3.64175595e-05
3.670000e+06,3.63275525e-05
3.680000e+06,3.62375455e-05
3.690000e+06,3.61475385e-05
3.700000e+06,3.60575315e-05
3.710000e+06,3.59675246e-05
3.720000e+06,3.58774179e-05
3.725000e+06,3.58324145e-05
3.730000e+06,3.57874110e-05
3.740000e+06,3.56974040e-05
3.750000e+06,3.56073970e-05
3.757000e+06,3.55443780e-05
3.760000e+06,3.55173701e-05
3.765000e+06,3.54723566e-05
3.770000e+06,3.54273432e-05
3.780000e+06,3.53373163e-05
3.790000e+06,3.52472894e-05
3.800000e+06,3.51572625e-05
3.820000e+06,3.48689442e-05
3.825000e+06,3.47968895e-05
3.840000e+06,3.45807255e-05
3.850000e+06,3.44365166e-05
3.860000e+06,3.42924072e-05
3.875000e+06,3.40761436e-05
3.880000e+06,3.40040889e-05
3.900000e+06,3.37157703e-05
3.910000e+06,3.35716111e-05
3.920000e+06,3.34274520e-05
3.930000e+06,3.32833427e-05
3.940000e+06,3.31392333e-05
3.950000e+06,3.29950244e-05
3.954800e+06,3.29258519e-05
3.960000e+06,3.28509152e-05
3.962400e+06,3.28163170e-05
3.970000e+06,3.27067559e-05
3.975000e+06,3.26346763e-05
3.980000e+06,3.25625967e-05
3.985000e+06,3.24905172e-05
3.990000e+06,3.24184376e-05
3.995000e+06,3.23463580e-05
4.000000e+06,3.22742785e-05
4.010000e+06,3.21183615e-05
4.016400e+06,3.20185747e-05
4.020000e+06,3.19624446e-05
4.024200e+06,3.18969595e-05
4.027500e+06,3.18455069e-05
4.030000e+06,3.18065277e-05
4.035000e+06,3.17285692e-05
4.040000e+06,3.16506108e-05
4.045000e+06,3.15726772e-05
4.050000e+06,3.14947437e-05
4.056000e+06,3.14011636e-05
4.060000e+06,3.13387769e-05
4.063600e+06,3.12826648e-05
4.067600e+06,3.12203179e-05
4.070000e+06,3.11829098e-05
4.080000e+06,3.10269431e-05
4.090000e+06,3.08710760e-05
4.100000e+06,3.07151092e-05
4.110000e+06,3.05592421e-05
4.115000e+06,3.04812588e-05
4.120000e+06,3.04032754e-05
4.125000e+06,3.03252920e-05
4.130000e+06,3.02473087e-05
4.140000e+06,3.00914415e-05
4.150000e+06,2.99354748e-05
4.160000e+06,2.97796077e-05
4.170000e+06,2.96236410e-05
4.180000e+06,2.94677739e-05
4.190000e+06,2.93118071e-05
4.200000e+06,2.91559400e-05
4.214000e+06,2.88225767e-05
4.220000e+06,2.86797068e-05
4.225000e+06,2.85606678e-05
4.231300e+06,2.84106788e-05
4.232490e+06,2.83823475e-05
4.240000e+06,2.82034735e-05
4.250000e+06,2.79654067e-05
4.260000e+06,2.77272403e-05
4.275000e+06,2.73701401e-05
4.280000e+06,2.72511067e-05
4.286600e+06,2.70939497e-05
4.295200e+06,2.68891694e-05
4.300000e+06,2.67748734e-05
4.304320e+06,2.66721330e-05
4.325000e+06,2.61796734e-05
4.350000e+06,2.55843401e-05
4.375000e+06,2.49890735e-05
4.400000e+06,2.43938068e-05
4.420000e+06,2.40225899e-05
4.440000e+06,2.36513730e-05
4.450000e+06,2.34658144e-05
4.460000e+06,2.32801561e-05
4.480000e+06,2.29090389e-05
4.500000e+06,2.25378220e-05
4.510000e+06,2.25834189e-05
4.520000e+06,2.26291154e-05
4.525000e+06,2.26519138e-05
4.530000e+06,2.26747123e-05
4.535000e+06,2.26975107e-05
4.540000e+06,2.27204088e-05
4.545000e+06,2.27432073e-05
4.550000e+06,2.27660057e-05
4.560000e+06,2.28116026e-05
4.570000e+06,2.28572991e-05
4.580000e+06,2.29028960e-05
4.590000e+06,2.29485925e-05
4.600000e+06,2.29941894e-05
4.610000e+06,2.30397863e-05
4.620000e+06,2.30854828e-05
4.625000e+06,2.31082813e-05
4.630000e+06,2.31310797e-05
4.640000e+06,2.31767762e-05
4.642700e+06,2.31890874e-05
4.650000e+06,2.32223731e-05
4.660000e+06,2.32680696e-05
4.680000e+06,2.33592634e-05
4.686600e+06,2.33893902e-05
4.690000e+06,2.34049101e-05
4.700000e+06,2.34505568e-05
4.720000e+06,2.35418502e-05
4.725000e+06,2.35646819e-05
4.730000e+06,2.35875136e-05
4.735000e+06,2.36103452e-05
4.740000e+06,2.36331437e-05
4.750000e+06,2.36787405e-05
4.760000e+06,2.37244371e-05
4.775000e+06,2.37929071e-05
4.780000e+06,2.38157305e-05
4.791600e+06,2.38686229e-05
4.796600e+06,2.38914213e-05
4.800000e+06,2.39069243e-05
4.806800e+06,2.39379640e-05
4.817500e+06,2.39868060e-05
4.820000e+06,2.39982177e-05
4.840000e+06,2.40895111e-05
4.850000e+06,2.41352076e-05
4.860000e+06,2.41808045e-05
4.880000e+06,2.42720979e-05
4.900000e+06,2.43633913e-05
4.920000e+06,2.48458557e-05
4.934760e+06,2.52020006e-05
4.940000e+06,2.53284196e-05
4.950000e+06,2.55696020e-05
4.960000e+06,2.58108840e-05
4.980000e+06,2.62933483e-05
5.000000e+06,2.67759123e-05
5.017800e+06,2.75414765e-05
5.020000e+06,2.76360968e-05
5.025000e+06,2.78511429e-05
5.040000e+06,2.84962812e-05
5.050000e+06,2.89263734e-05
5.050600e+06,2.89521789e-05
5.056200e+06,2.91930306e-05
5.060000e+06,2.93564656e-05
5.075000e+06,3.00015292e-05
5.080000e+06,3.02165504e-05
5.100000e+06,3.10767348e-05
5.120000e+06,3.21987626e-05
5.140000e+06,3.33207905e-05
5.150000e+06,3.38819040e-05
5.160000e+06,3.44429179e-05
5.180000e+06,3.55649458e-05
5.200000e+06,3.66869736e-05
5.220000e+06,3.78090014e-05
5.240000e+06,3.89310293e-05
5.250000e+06,3.94920432e-05
5.260000e+06,4.00530571e-05
5.269140e+06,4.05659500e-05
5.269150e+06,4.05660496e-05
5.280000e+06,4.11750849e-05
5.300000e+06,4.22971128e-05
5.320000e+06,4.33706179e-05
5.340000e+06,4.44441230e-05
5.350000e+06,4.49808257e-05
5.360000e+06,4.55176281e-05
5.370000e+06,4.60543806e-05
5.380000e+06,4.65911332e-05
5.390000e+06,4.71278857e-05
5.400000e+06,4.76646383e-05
5.410000e+06,4.79678939e-05
5.420000e+06,4.82711494e-05
5.425000e+06,4.84227772e-05
5.430000e+06,4.85744050e-05
5.440000e+06,4.88776606e-05
5.450000e+06,4.91809162e-05
5.460000e+06,4.94842714e-05
5.470000e+06,4.97874402e-05
5.473680e+06,4.98990063e-05
5.480000e+06,5.00907826e-05
5.500000e+06,5.06972937e-05
5.510000e+06,5.04957934e-05
5.520000e+06,5.02941933e-05
5.530000e+06,5.00926929e-05
5.540000e+06,4.98911925e-05
5.550000e+06,4.96895925e-05
5.551630e+06,4.96567565e-05
5.560000e+06,4.94880921e-05
5.570000e+06,4.92865917e-05
5.580000e+06,4.90849917e-05
5.590000e+06,4.88834913e-05
5.600000e+06,4.86819909e-05
5.620000e+06,4.79960239e-05
5.624500e+06,4.78416813e-05
5.625000e+06,4.78245321e-05
5.640000e+06,4.73100569e-05
5.650000e+06,4.69670734e-05
5.655100e+06,4.67921518e-05
5.655120e+06,4.67914659e-05
5.660000e+06,4.66240899e-05
5.680000e+06,4.59382225e-05
5.700000e+06,4.52522554e-05
5.709690e+06,4.49199839e-05
5.720000e+06,4.45662884e-05
5.740000e+06,4.38803214e-05
5.750000e+06,4.35373379e-05
5.760000e+06,4.31943544e-05
5.780000e+06,4.25084870e-05
5.800000e+06,4.18225199e-05
5.820000e+06,4.13172926e-05
5.840000e+06,4.08119657e-05
5.850000e+06,4.05593520e-05
5.860000e+06,4.03067384e-05
5.861790e+06,4.02614971e-05
5.870000e+06,4.00540669e-05
5.880000e+06,3.98014114e-05
5.890000e+06,3.95487977e-05
5.900000e+06,3.92961841e-05
5.910000e+06,3.90435704e-05
5.920000e+06,3.87908571e-05
5.930000e+06,3.85382435e-05
5.940000e+06,3.82856298e-05
5.950000e+06,3.80330161e-05
5.960000e+06,3.77804025e-05
5.970000e+06,3.75276892e-05
5.980000e+06,3.72750755e-05
5.990000e+06,3.70224619e-05
6.000000e+06,3.67698482e-05
6.010000e+06,3.64024357e-05
6.020000e+06,3.60351228e-05
6.030000e+06,3.56678099e-05
6.040000e+06,3.53004970e-05
6.050000e+06,3.49330845e-05
6.060000e+06,3.45657716e-05
6.070000e+06,3.41984587e-05
6.080000e+06,3.38310461e-05
6.090000e+06,3.34637332e-05
6.100000e+06,3.30964203e-05
6.101410e+06,3.30448012e-05
6.120000e+06,3.23616949e-05
6.130000e+06,3.19943820e-05
6.140000e+06,3.16270691e-05
6.150000e+06,3.12597562e-05
6.160000e+06,3.08923437e-05
6.180000e+06,3.01577179e-05
6.200000e+06,2.94229925e-05
6.220000e+06,3.00925368e-05
6.240000e+06,3.07620812e-05
6.250000e+06,3.10969032e-05
6.254500e+06,3.12475781e-05
6.260000e+06,3.14316255e-05
6.270000e+06,3.17663977e-05
6.280000e+06,3.21011699e-05
6.300000e+06,3.27707142e-05
6.320000e+06,3.34402586e-05
6.335000e+06,3.39424169e-05
6.340000e+06,3.41098030e-05
6.350000e+06,3.44446250e-05
6.360000e+06,3.47793473e-05
6.380000e+06,3.54488917e-05
6.393090e+06,3.58870691e-05
6.400000e+06,3.61184360e-05
6.425000e+06,3.69553914e-05
6.450000e+06,3.77923467e-05
6.500000e+06,3.94661578e-05
6.520000e+06,3.99048456e-05
6.540000e+06,4.03435333e-05
6.541890e+06,4.03849716e-05
6.550000e+06,4.05628772e-05
6.560000e+06,4.07823207e-05
6.580000e+06,4.12210084e-05
6.585000e+06,4.13306804e-05
6.600000e+06,4.16596962e-05
6.650000e+06,4.27564155e-05
6.650350e+06,4.27640856e-05
6.655000e+06,4.28660811e-05
6.700000e+06,4.38531349e-05
6.720000e+06,4.42917694e-05
6.728850e+06,4.44858652e-05
6.745000e+06,4.48401642e-05
6.747200e+06,4.48884278e-05
6.749150e+06,4.49312070e-05
6.749200e+06,4.49323038e-05
6.750000e+06,4.49498542e-05
6.775000e+06,4.54982139e-05
6.800000e+06,4.60465736e-05
6.825000e+06,4.65949427e-05
6.846130e+06,4.70584242e-05
6.850000e+06,4.71433926e-05
6.875000e+06,4.76917523e-05
6.900000e+06,4.82401120e-05
6.910500e+06,4.80234460e-05
6.925000e+06,4.77242911e-05
6.950000e+06,4.72085067e-05
7.000000e+06,4.61769015e-05
7.020000e+06,4.56238489e-05
7.040000e+06,4.50706967e-05
7.050000e+06,4.47941704e-05
7.060000e+06,4.45175444e-05
7.080000e+06,4.39644918e-05
7.095000e+06,4.35496276e-05
7.100000e+06,4.34113396e-05
7.120000e+06,4.28581873e-05
7.125000e+06,4.27199242e-05
7.140000e+06,4.23051347e-05
7.150000e+06,4.20285088e-05
7.160000e+06,4.17519825e-05
7.180000e+06,4.11988303e-05
7.190000e+06,4.09223635e-05
7.199260e+06,4.06663552e-05
7.200000e+06,4.06457777e-05
7.220000e+06,3.94754801e-05
7.240000e+06,3.83052821e-05
7.250000e+06,3.77201831e-05
7.260000e+06,3.71349844e-05
7.280000e+06,3.59647865e-05
7.290000e+06,3.53796875e-05
7.300000e+06,3.47944888e-05
7.310000e+06,3.41883667e-05
7.320000e+06,3.35822445e-05
7.340000e+06,3.23699005e-05
7.350000e+06,3.17637783e-05
7.360000e+06,3.11576561e-05
7.380000e+06,2.99453121e-05
7.390000e+06,2.93391899e-05
7.398300e+06,2.88359979e-05
7.398310e+06,2.88358982e-05
7.400000e+06,2.87330677e-05
7.410000e+06,2.81268459e-05
7.420000e+06,2.75207237e-05
7.440000e+06,2.63084793e-05
7.445000e+06,2.60053684e-05
7.450000e+06,2.57022575e-05
7.450670e+06,2.56615039e-05
7.450730e+06,2.56583153e-05
7.460000e+06,2.50961353e-05
7.475000e+06,2.41868773e-05
7.480000e+06,2.38837913e-05
7.500000e+06,2.26715469e-05
7.530000e+06,2.23168640e-05
7.535440e+06,2.22525482e-05
7.550000e+06,2.20804238e-05
7.600000e+06,2.14894003e-05
7.636200e+06,2.22234013e-05
7.636250e+06,2.22244153e-05
7.650000e+06,2.25032139e-05
7.700000e+06,2.35170275e-05
7.720000e+06,2.39225728e-05
7.740000e+06,2.43281182e-05
7.750000e+06,2.45308410e-05
7.760000e+06,2.47336635e-05
7.780000e+06,2.51392089e-05
7.792100e+06,2.53845638e-05
7.800000e+06,2.55447542e-05
7.820000e+06,2.60748446e-05
7.840000e+06,2.66049349e-05
7.850000e+06,2.68699303e-05
7.860000e+06,2.71350253e-05
7.880000e+06,2.76651157e-05
7.900000e+06,2.81952060e-05
7.920000e+06,2.87252964e-05
7.940000e+06,2.92553867e-05
7.950000e+06,2.95204817e-05
7.960000e+06,2.97854771e-05
7.980000e+06,3.03155674e-05
7.990000e+06,3.05806624e-05
8.000000e+06,3.08457574e-05
8.050000e+06,3.19603030e-05
8.075900e+06,3.25376892e-05
8.075950e+06,3.25388040e-05
8.090000e+06,3.28520192e-05
8.100000e+06,3.30749482e-05
8.134000e+06,3.38328392e-05
8.134010e+06,3.38330621e-05
8.140000e+06,3.39665847e-05
8.150000e+06,3.41894938e-05
8.200000e+06,3.53040393e-05
8.250000e+06,3.64374161e-05
8.290000e+06,3.73441175e-05
8.300000e+06,3.75707929e-05
8.350000e+06,3.87041697e-05
8.375000e+06,3.92708580e-05
8.400000e+06,3.98375464e-05
8.425000e+06,4.03366318e-05
8.450000e+06,4.08357171e-05
8.500000e+06,4.18337882e-05
8.519600e+06,4.19134218e-05
8.540770e+06,4.19994341e-05
8.550000e+06,4.20369633e-05
8.590000e+06,4.21994237e-05
8.600000e+06,4.22400387e-05
8.642720e+06,4.24135488e-05
8.650000e+06,4.24432138e-05
8.700000e+06,4.26462893e-05
8.722200e+06,4.23661317e-05
8.750000e+06,4.20152121e-05
8.785000e+06,4.15734581e-05
8.790000e+06,4.15103504e-05
8.800000e+06,4.13841350e-05
8.830000e+06,4.10054887e-05
8.850000e+06,4.07530578e-05
8.871800e+06,4.04779082e-05
8.875000e+06,4.04375192e-05
8.900000e+06,4.01219807e-05
8.950000e+06,3.94909035e-05
8.979000e+06,3.91248788e-05
9.000000e+06,3.88598263e-05
9.021620e+06,3.85615371e-05
9.021630e+06,3.85615371e-05
9.050000e+06,3.81700636e-05
9.062970e+06,3.79911698e-05
9.100000e+06,3.74802012e-05
9.101440e+06,3.74603684e-05
9.101450e+06,3.74602687e-05
9.150000e+06,3.67903388e-05
9.151200e+06,3.67737845e-05
9.200000e+06,3.61005761e-05
9.250000e+06,3.54107137e-05
9.300000e+06,3.47208513e-05
9.346610e+06,3.40778301e-05
9.346620e+06,3.40778301e-05
9.380000e+06,3.36171910e-05
9.380280e+06,3.36133042e-05
9.381000e+06,3.36033380e-05
9.400000e+06,3.33412261e-05
9.457470e+06,3.25483129e-05
9.500000e+06,3.19616010e-05
9.550000e+06,3.19164831e-05
9.593800e+06,3.18769599e-05
9.600000e+06,3.18713653e-05
9.650000e+06,3.18263471e-05
9.655000e+06,3.18218094e-05
9.659590e+06,3.18176439e-05
9.700000e+06,3.17812293e-05
9.732440e+06,3.17519178e-05
9.750000e+06,3.17360826e-05
9.775000e+06,3.17135381e-05
9.800000e+06,3.16909936e-05
9.841090e+06,3.16539787e-05
9.900000e+06,3.16008576e-05
9.916000e+06,3.15864517e-05
9.916300e+06,3.15861517e-05
9.917000e+06,3.15854517e-05
9.922000e+06,3.15809439e-05
1.000000e+07,3.15106219e-05
1.001630e+07,3.15490220e-05
1.005000e+07,3.16283697e-05
1.010000e+07,3.17460963e-05
1.020000e+07,3.19814711e-05
1.025000e+07,3.20991585e-05
1.030000e+07,3.22169455e-05
1.035000e+07,3.22865087e-05
1.038400e+07,3.23338794e-05
1.039200e+07,3.23450255e-05
1.040000e+07,3.23561715e-05
1.045000e+07,3.23574841e-05
1.045200e+07,3.23574768e-05
1.045230e+07,3.23574757e-05
1.045300e+07,3.23575728e-05
1.050000e+07,3.23587966e-05
1.050200e+07,3.23511054e-05
1.055000e+07,3.21665164e-05
1.056800e+07,3.20973314e-05
1.060000e+07,3.19743358e-05
1.065000e+07,3.17821552e-05
1.070000e+07,3.15899747e-05
1.075000e+07,3.13976945e-05
1.080000e+07,3.12055139e-05
1.089300e+07,3.08479654e-05
1.089340e+07,3.08464275e-05
1.090000e+07,3.08210531e-05
1.093300e+07,3.06941960e-05
1.098800e+07,3.04827675e-05
1.098830e+07,3.04815708e-05
1.098900e+07,3.04789777e-05
1.100000e+07,3.04366920e-05
1.103900e+07,3.02340996e-05
1.110000e+07,2.99172244e-05
1.120000e+07,2.93977569e-05
1.125000e+07,2.91380231e-05
1.130000e+07,2.88782893e-05
1.131370e+07,2.88073982e-05
1.140000e+07,2.83588217e-05
1.140650e+07,2.83253204e-05
1.150000e+07,2.78393542e-05
1.152400e+07,2.77145225e-05
1.152440e+07,2.77127276e-05
1.152500e+07,2.77093378e-05
1.156100e+07,2.75220186e-05
1.156150e+07,2.75194170e-05
1.160000e+07,2.73190895e-05
1.170000e+07,2.67988249e-05
1.173000e+07,2.66427455e-05
1.173010e+07,2.66422252e-05
1.175000e+07,2.65386926e-05
1.175400e+07,2.65178820e-05
1.180000e+07,2.62785602e-05
1.185000e+07,2.60304839e-05
1.186000e+07,2.59808686e-05
1.190000e+07,2.57824075e-05
1.200000e+07,2.52862548e-05
1.204440e+07,2.50769895e-05
1.206000e+07,2.50036120e-05
1.206040e+07,2.50018174e-05
1.206100e+07,2.49988265e-05
1.210000e+07,2.48150838e-05
1.220000e+07,2.43439129e-05
1.222590e+07,2.42218830e-05
1.225000e+07,2.41083441e-05
1.230000e+07,2.38727863e-05
1.240000e+07,2.34016706e-05
1.250000e+07,2.29561062e-05
1.259600e+07,2.25477176e-05
1.259640e+07,2.25461222e-05
1.259700e+07,2.25435299e-05
1.260000e+07,2.25307678e-05
1.270000e+07,2.21053298e-05
1.275000e+07,2.18926108e-05
1.280000e+07,2.16798918e-05
1.290000e+07,2.12789642e-05
1.300000e+07,2.08781363e-05
1.310000e+07,2.04909981e-05
1.313200e+07,2.03671139e-05
1.313240e+07,2.03655188e-05
1.313300e+07,2.03632259e-05
1.320000e+07,2.01038267e-05
1.325000e+07,1.99102742e-05
1.330000e+07,1.97167217e-05
1.340000e+07,1.93295171e-05
1.350000e+07,1.89424121e-05
1.360000e+07,1.85650714e-05
1.366800e+07,1.83176264e-05
1.366840e+07,1.83161309e-05
1.366900e+07,1.83139376e-05
1.370000e+07,1.82011816e-05
1.375000e+07,1.80191869e-05
1.380000e+07,1.78371922e-05
1.386500e+07,1.76005990e-05
1.390000e+07,1.74732027e-05
1.400000e+07,1.71093129e-05
1.403000e+07,1.70061460e-05
1.420000e+07,1.64215333e-05
1.420400e+07,1.64077778e-05
1.420440e+07,1.64062826e-05
1.420500e+07,1.64042890e-05
1.425000e+07,1.62495622e-05
1.430000e+07,1.60776435e-05
1.440000e+07,1.57337537e-05
1.450000e+07,1.53898639e-05
1.460000e+07,1.50937994e-05
1.460600e+07,1.50760356e-05
1.474000e+07,1.46793091e-05
1.474100e+07,1.46763186e-05
1.475000e+07,1.46496773e-05
1.480000e+07,1.45016704e-05
1.500000e+07,1.39095413e-05
1.500850e+07,1.38911025e-05
1.502400e+07,1.38572828e-05
1.525000e+07,1.33641692e-05
1.527600e+07,1.33074393e-05
1.527700e+07,1.33052466e-05
1.530000e+07,1.32551130e-05
1.540000e+07,1.30369370e-05
1.550000e+07,1.28187610e-05
1.560000e+07,1.26943424e-05
1.565000e+07,1.26321064e-05
1.570100e+07,1.25686256e-05
1.575000e+07,1.25076342e-05
1.577100e+07,1.24814951e-05
1.581200e+07,1.24304516e-05
1.581300e+07,1.24292552e-05
1.590000e+07,1.23208876e-05
1.600000e+07,1.21964690e-05
1.608000e+07,1.21568553e-05
1.608050e+07,1.21566557e-05
1.620000e+07,1.20974845e-05
1.625000e+07,1.20727411e-05
1.634800e+07,1.20242440e-05
1.634900e+07,1.20237451e-05
1.640000e+07,1.19985997e-05
1.650000e+07,1.19491074e-05
1.660000e+07,1.19406652e-05
1.675000e+07,1.19280839e-05
1.688400e+07,1.19168447e-05
1.688500e+07,1.19167443e-05
1.690000e+07,1.19154381e-05
1.700000e+07,1.19070956e-05
1.715200e+07,1.19460256e-05
1.715250e+07,1.19461251e-05
1.720000e+07,1.19582721e-05
1.725000e+07,1.19710669e-05
1.742100e+07,1.20148251e-05
1.742200e+07,1.20151238e-05
1.750000e+07,1.20350368e-05
1.770000e+07,1.21459949e-05
1.775000e+07,1.21737443e-05
1.795700e+07,1.22886269e-05
1.795800e+07,1.22891249e-05
1.800000e+07,1.23124321e-05
1.820000e+07,1.25076094e-05
1.822400e+07,1.25310108e-05
1.822460e+07,1.25315086e-05
1.825000e+07,1.25562932e-05
1.849300e+07,1.27934048e-05
1.849400e+07,1.27944006e-05
1.850000e+07,1.28002758e-05
1.860000e+07,1.29603363e-05
1.875000e+07,1.32005017e-05
1.880000e+07,1.32805568e-05
1.900000e+07,1.36006777e-05
1.902900e+07,1.36668255e-05
1.903000e+07,1.36691167e-05
1.910000e+07,1.38288078e-05
1.925000e+07,1.41708283e-05
1.929700e+07,1.42779948e-05
1.930000e+07,1.42848686e-05
1.950000e+07,1.47409294e-05
1.956500e+07,1.49252323e-05
1.956600e+07,1.49280218e-05
1.960000e+07,1.50244570e-05
1.975000e+07,1.54497485e-05
1.980000e+07,1.55915124e-05
