>,08-O-18:0.002050
1.000000e-05,3.85694398e+00
1.093100e-05,3.85666417e+00
1.193400e-05,3.85656994e+00
1.250000e-05,3.85646048e+00
1.287000e-05,3.85640766e+00
1.386700e-05,3.85596606e+00
1.480800e-05,3.85623075e+00
1.500000e-05,3.85614548e+00
1.580100e-05,3.85582381e+00
1.674400e-05,3.85622811e+00
1.773400e-05,3.85563013e+00
1.958900e-05,3.85594305e+00
2.000000e-05,3.85582206e+00
2.160100e-05,3.85540109e+00
2.346900e-05,3.85528236e+00
2.546900e-05,3.85525500e+00
2.734500e-05,3.85533528e+00
2.750000e-05,3.85530990e+00
2.933600e-05,3.85504912e+00
3.122000e-05,3.85497032e+00
3.320300e-05,3.85498713e+00
3.500000e-05,3.85491196e+00
3.501200e-05,3.85491160e+00
3.690200e-05,3.85485453e+00
3.887600e-05,3.85479492e+00
4.093700e-05,3.85473268e+00
4.250000e-05,3.85468548e+00
4.466500e-05,3.85463542e+00
4.867200e-05,3.85444303e+00
5.000000e-05,3.85444225e+00
5.242000e-05,3.85447022e+00
5.640600e-05,3.85440127e+00
6.017000e-05,3.85423640e+00
6.250000e-05,3.85419609e+00
6.414100e-05,3.85417514e+00
6.791600e-05,3.85412694e+00
7.187500e-05,3.85417614e+00
7.500000e-05,3.85413624e+00
7.929500e-05,3.85409774e+00
8.734300e-05,3.85392586e+00
9.481500e-05,3.85395865e+00
1.000000e-04,3.85384236e+00
1.028100e-04,3.85379524e+00
1.103200e-04,3.85384907e+00
1.182800e-04,3.85380039e+00
1.250000e-04,3.85367038e+00
1.258200e-04,3.85365583e+00
1.337500e-04,3.85362002e+00
1.485500e-04,3.85365295e+00
1.500000e-04,3.85363744e+00
1.646900e-04,3.85350010e+00
1.796000e-04,3.85355261e+00
1.956200e-04,3.85340209e+00
2.000000e-04,3.85338821e+00
2.106200e-04,3.85336687e+00
2.265600e-04,3.85343459e+00
2.416200e-04,3.85340432e+00
2.575000e-04,3.85327265e+00
2.719400e-04,3.85324363e+00
2.750000e-04,3.85323748e+00
2.870500e-04,3.85322154e+00
3.193800e-04,3.85317877e+00
3.491700e-04,3.85323912e+00
3.500000e-04,3.85323544e+00
3.812500e-04,3.85310841e+00
4.112200e-04,3.85307979e+00
4.250000e-04,3.85310970e+00
4.431300e-04,3.85315313e+00
4.732200e-04,3.85313113e+00
5.000000e-04,3.85311156e+00
5.050000e-04,3.85310882e+00
5.640500e-04,3.85297675e+00
5.956700e-04,3.85305921e+00
6.250000e-04,3.85304316e+00
6.287500e-04,3.85304165e+00
6.883100e-04,3.85291785e+00
7.500000e-04,3.85289294e+00
7.525000e-04,3.85289223e+00
8.124100e-04,3.85297501e+00
8.762500e-04,3.85285716e+00
9.364200e-04,3.85284010e+00
1.000000e-03,3.85282208e+00
1.091500e-03,3.85280439e+00
1.189800e-03,3.85278539e+00
1.250000e-03,3.85283902e+00
1.281800e-03,3.85286896e+00
1.379700e-03,3.85275521e+00
1.472100e-03,3.85274201e+00
1.500000e-03,3.85276660e+00
1.569500e-03,3.85283082e+00
1.759400e-03,3.85271203e+00
1.941500e-03,3.85269379e+00
2.000000e-03,3.85268793e+00
2.139100e-03,3.85267909e+00
2.322500e-03,3.85266743e+00
2.518800e-03,3.85265495e+00
2.703000e-03,3.85274300e+00
2.750000e-03,3.85272769e+00
3.083400e-03,3.85262630e+00
3.278100e-03,3.85261815e+00
3.500000e-03,3.85260887e+00
3.641300e-03,3.85260460e+00
4.037500e-03,3.85259264e+00
4.250000e-03,3.85258622e+00
4.403600e-03,3.85258267e+00
4.796900e-03,3.85257357e+00
5.000000e-03,3.85256887e+00
5.556300e-03,3.85255926e+00
6.250000e-03,3.85254726e+00
6.315600e-03,3.85254642e+00
7.500000e-03,3.85253129e+00
7.803600e-03,3.85252857e+00
9.327400e-03,3.85251491e+00
1.000000e-02,3.85250888e+00
1.163100e-02,3.85249891e+00
1.250000e-02,3.85249360e+00
1.315000e-02,3.85249067e+00
1.500000e-02,3.85248231e+00
1.618800e-02,3.85247855e+00
1.922500e-02,3.85246892e+00
2.000000e-02,3.85246646e+00
2.374100e-02,3.85245844e+00
2.530000e-02,3.85245510e+00
2.756000e-02,3.85245165e+00
3.147500e-02,3.85244568e+00
3.467000e-02,3.85244206e+00
3.765000e-02,3.85243868e+00
3.935500e-02,3.85243732e+00
4.853700e-02,3.85242997e+00
5.000000e-02,3.85242880e+00
5.793800e-02,3.85242446e+00
6.250000e-02,3.85242196e+00
7.215100e-02,3.85241806e+00
7.500000e-02,3.85241691e+00
8.607550e-02,3.85241377e+00
1.000000e-01,3.85240983e+00
1.002600e-01,3.85240978e+00
1.190000e-01,3.85240616e+00
1.250000e-01,3.85240500e+00
1.468700e-01,3.85240188e+00
1.500000e-01,3.85240143e+00
1.656300e-01,3.85239986e+00
2.000000e-01,3.85239642e+00
2.127100e-01,3.85239561e+00
2.501900e-01,3.85239322e+00
2.750000e-01,3.85239165e+00
3.059300e-01,3.85239035e+00
3.500000e-01,3.85238850e+00
3.710900e-01,3.85238794e+00
4.362500e-01,3.85238621e+00
5.000000e-01,3.85238451e+00
5.114100e-01,3.85238434e+00
6.250000e-01,3.85238263e+00
7.469900e-01,3.85238079e+00
7.500000e-01,3.85238074e+00
9.283100e-01,3.85237915e+00
1.000000e+00,3.85237851e+00
1.050500e+00,3.85237824e+00
1.356900e+00,3.85237661e+00
1.500000e+00,3.85237585e+00
1.600900e+00,3.85237553e+00
1.963800e+00,3.85237438e+00
2.000000e+00,3.85237426e+00
2.203000e+00,3.85237385e+00
2.750000e+00,3.85237274e+00
2.812000e+00,3.85237266e+00
3.500000e+00,3.85237175e+00
3.790300e+00,3.85237150e+00
4.528800e+00,3.85237087e+00
5.000000e+00,3.85237047e+00
5.976100e+00,3.85237000e+00
6.954400e+00,3.85236953e+00
7.500000e+00,3.85236927e+00
8.432500e+00,3.85236900e+00
1.000000e+01,3.85236856e+00
1.038400e+01,3.85236849e+00
1.233600e+01,3.85236815e+00
1.428800e+01,3.85236781e+00
1.500000e+01,3.85236768e+00
1.810400e+01,3.85236736e+00
2.000000e+01,3.85236716e+00
2.014400e+01,3.85236715e+00
2.179200e+01,3.85236704e+00
2.750000e+01,3.85236664e+00
2.795100e+01,3.85236662e+00
3.162280e+01,3.85236645e+00
3.185500e+01,3.85236644e+00
3.500000e+01,3.85236629e+00
3.966300e+01,3.85236615e+00
4.258300e+01,3.85232616e+00
4.747000e+01,3.85226615e+00
5.000000e+01,3.85226607e+00
6.308500e+01,3.85226582e+00
6.337500e+01,3.85226581e+00
7.071070e+01,3.85226566e+00
7.500000e+01,3.85226558e+00
7.870100e+01,3.85226553e+00
8.416700e+01,3.85223552e+00
9.431600e+01,3.85216555e+00
1.000000e+02,3.85216548e+00
1.049600e+02,3.85216542e+00
1.099300e+02,3.85216537e+00
1.255500e+02,3.85216521e+00
1.257500e+02,3.85216521e+00
1.414210e+02,3.85211517e+00
1.465400e+02,3.85209517e+00
1.500000e+02,3.85208502e+00
1.567800e+02,3.85206515e+00
1.673300e+02,3.85203514e+00
1.880100e+02,3.85196514e+00
1.881200e+02,3.85196514e+00
2.000000e+02,3.85196505e+00
2.089200e+02,3.85196499e+00
2.192400e+02,3.85196491e+00
2.297100e+02,3.85193491e+00
2.504700e+02,3.85186494e+00
2.505000e+02,3.85186494e+00
2.712900e+02,3.85183487e+00
2.750000e+02,3.85182950e+00
2.920800e+02,3.85180480e+00
3.128800e+02,3.85176477e+00
3.129300e+02,3.85176477e+00
3.162280e+02,3.85175477e+00
3.336700e+02,3.85170478e+00
3.500000e+02,3.85164982e+00
3.544600e+02,3.85163481e+00
3.752500e+02,3.85156486e+00
3.753900e+02,3.85156486e+00
3.960400e+02,3.85151487e+00
3.976360e+02,3.85151486e+00
4.168300e+02,3.85146487e+00
4.376200e+02,3.85141487e+00
4.584200e+02,3.85136487e+00
4.792100e+02,3.85131487e+00
5.000000e+02,3.85126488e+00
5.003100e+02,3.85126487e+00
6.252300e+02,3.85106469e+00
7.071070e+02,3.85087471e+00
7.500000e+02,3.85076515e+00
7.501600e+02,3.85076474e+00
8.750800e+02,3.85046483e+00
1.000000e+03,3.85016492e+00
1.250000e+03,3.84966486e+00
1.414210e+03,3.84927497e+00
1.500000e+03,3.84906505e+00
2.000000e+03,3.84797519e+00
2.429200e+03,3.84702536e+00
2.500000e+03,3.84687537e+00
2.750000e+03,3.84632546e+00
3.000000e+03,3.84577556e+00
3.162280e+03,3.84541564e+00
3.500000e+03,3.84467350e+00
3.858400e+03,3.84388592e+00
4.000000e+03,3.84357597e+00
5.000000e+03,3.84137639e+00
5.287600e+03,3.84073653e+00
6.250000e+03,3.83857705e+00
6.716700e+03,3.83756722e+00
7.071070e+03,3.83680732e+00
7.500000e+03,3.83587748e+00
8.145900e+03,3.83442784e+00
8.750000e+03,3.83307817e+00
9.575100e+03,3.83129846e+00
1.000000e+04,3.83037862e+00
1.100400e+04,3.82816449e+00
1.243300e+04,3.82501859e+00
1.250000e+04,3.82486832e+00
1.386300e+04,3.82192256e+00
1.414210e+04,3.82132137e+00
1.500000e+04,3.81945777e+00
1.529200e+04,3.81882654e+00
1.672100e+04,3.81570062e+00
1.815000e+04,3.81258468e+00
1.957900e+04,3.80946874e+00
2.000000e+04,3.80854700e+00
2.100900e+04,3.80636279e+00
2.243800e+04,3.80326684e+00
2.386700e+04,3.80018087e+00
2.500000e+04,3.79772616e+00
2.529600e+04,3.79709490e+00
2.672500e+04,3.79402888e+00
2.750000e+04,3.79236722e+00
2.815500e+04,3.79096287e+00
2.958400e+04,3.78789691e+00
3.000000e+04,3.78700517e+00
3.101300e+04,3.78484091e+00
3.244200e+04,3.78179489e+00
3.387100e+04,3.77874887e+00
3.500000e+04,3.77633445e+00
3.530000e+04,3.77569290e+00
3.673000e+04,3.77264694e+00
3.815900e+04,3.76959102e+00
3.958800e+04,3.76654507e+00
4.000000e+04,3.76566337e+00
4.101700e+04,3.76351908e+00
4.244600e+04,3.76049309e+00
4.387600e+04,3.75747706e+00
4.530500e+04,3.75445107e+00
4.673400e+04,3.75143505e+00
4.816300e+04,3.74840906e+00
4.959200e+04,3.74539304e+00
5.000000e+04,3.74453133e+00
5.102100e+04,3.74240705e+00
5.245100e+04,3.73944102e+00
5.388000e+04,3.73647501e+00
5.530900e+04,3.73350900e+00
5.673800e+04,3.73054299e+00
5.816700e+04,3.72757698e+00
5.959700e+04,3.72460098e+00
6.000000e+04,3.72376452e+00
6.102600e+04,3.72163497e+00
6.245500e+04,3.71866896e+00
6.250000e+04,3.71857876e+00
6.388400e+04,3.71576280e+00
6.531300e+04,3.71284667e+00
6.674200e+04,3.70994051e+00
6.817190e+04,3.70703434e+00
6.960090e+04,3.70411821e+00
7.000000e+04,3.70330656e+00
7.102990e+04,3.70121206e+00
7.245890e+04,3.69830592e+00
7.388800e+04,3.69538979e+00
7.499990e+04,3.69312502e+00
7.500000e+04,3.69312502e+00
7.531790e+04,3.69249365e+00
7.674690e+04,3.68963754e+00
7.817590e+04,3.68679140e+00
7.960490e+04,3.68393529e+00
8.000000e+04,3.68314561e+00
8.103390e+04,3.68107918e+00
8.246400e+04,3.67823303e+00
8.389300e+04,3.67537692e+00
8.532200e+04,3.67252081e+00
8.675100e+04,3.66967468e+00
8.750000e+04,3.66818146e+00
8.817990e+04,3.66684849e+00
8.960890e+04,3.66405223e+00
9.000000e+04,3.66328752e+00
9.103900e+04,3.66125597e+00
9.246800e+04,3.65845971e+00
9.389700e+04,3.65566345e+00
9.532600e+04,3.65286720e+00
9.675500e+04,3.65007094e+00
9.818490e+04,3.64727467e+00
9.961390e+04,3.64447842e+00
1.000000e+05,3.64372672e+00
1.010400e+05,3.64176474e+00
1.024700e+05,3.63907201e+00
1.039000e+05,3.63638926e+00
1.053300e+05,3.63369653e+00
1.067600e+05,3.63100380e+00
1.081900e+05,3.62831107e+00
1.096200e+05,3.62561834e+00
1.110500e+05,3.62293558e+00
1.124800e+05,3.62024285e+00
1.125000e+05,3.62020519e+00
1.139100e+05,3.61755012e+00
1.153300e+05,3.61487741e+00
1.167600e+05,3.61218468e+00
1.181900e+05,3.60949195e+00
1.196200e+05,3.60680920e+00
1.210500e+05,3.60411647e+00
1.224800e+05,3.60142374e+00
1.239100e+05,3.59873101e+00
1.250000e+05,3.59667892e+00
1.253400e+05,3.59607818e+00
1.267700e+05,3.59355504e+00
1.282000e+05,3.59103189e+00
1.296300e+05,3.58850875e+00
1.310600e+05,3.58597563e+00
1.319690e+05,3.58437328e+00
1.324800e+05,3.58347258e+00
1.339100e+05,3.58094964e+00
1.353400e+05,3.57841672e+00
1.367700e+05,3.57589378e+00
1.382000e+05,3.57337084e+00
1.396300e+05,3.57084791e+00
1.410600e+05,3.56831499e+00
1.424900e+05,3.56579205e+00
1.439200e+05,3.56326911e+00
1.453500e+05,3.56074617e+00
1.467800e+05,3.55822323e+00
1.482100e+05,3.55569032e+00
1.496400e+05,3.55316738e+00
1.500000e+05,3.55253663e+00
1.510600e+05,3.55081410e+00
1.524900e+05,3.54850065e+00
1.539200e+05,3.54618721e+00
1.553500e+05,3.54387377e+00
1.567800e+05,3.54156033e+00
1.582100e+05,3.53924689e+00
1.596400e+05,3.53693345e+00
1.610700e+05,3.53462000e+00
1.625000e+05,3.53230656e+00
1.639300e+05,3.52999312e+00
1.639380e+05,3.52998018e+00
1.653600e+05,3.52768001e+00
1.667900e+05,3.52536690e+00
1.682100e+05,3.52306382e+00
1.696400e+05,3.52075071e+00
1.710700e+05,3.51843760e+00
1.725000e+05,3.51612449e+00
1.739300e+05,3.51381138e+00
1.750000e+05,3.51207905e+00
1.753600e+05,3.51157807e+00
1.767900e+05,3.50956423e+00
1.782200e+05,3.50755039e+00
1.796500e+05,3.50553655e+00
1.810800e+05,3.50353269e+00
1.825100e+05,3.50151885e+00
1.839400e+05,3.49950501e+00
1.853600e+05,3.49751118e+00
1.867900e+05,3.49549734e+00
1.882200e+05,3.49348350e+00
1.896500e+05,3.49146966e+00
1.910800e+05,3.48946580e+00
1.925100e+05,3.48745196e+00
1.939400e+05,3.48543812e+00
1.953700e+05,3.48342428e+00
1.968000e+05,3.48142041e+00
1.982300e+05,3.47940657e+00
1.996600e+05,3.47739274e+00
2.000000e+05,3.47691183e+00
2.010900e+05,3.47566946e+00
2.025200e+05,3.47402640e+00
2.039400e+05,3.47239335e+00
2.053700e+05,3.47076026e+00
2.068000e+05,3.46911719e+00
2.082300e+05,3.46747412e+00
2.096600e+05,3.46583106e+00
2.110900e+05,3.46419796e+00
2.125200e+05,3.46255490e+00
2.139500e+05,3.46091183e+00
2.153800e+05,3.45927874e+00
2.168100e+05,3.45763567e+00
2.182400e+05,3.45599260e+00
2.196700e+05,3.45435951e+00
2.200000e+05,3.45397880e+00
2.210900e+05,3.45308559e+00
2.225200e+05,3.45191138e+00
2.239500e+05,3.45074715e+00
2.253800e+05,3.44957294e+00
2.268100e+05,3.44840870e+00
2.278750e+05,3.44753420e+00
2.282400e+05,3.44723463e+00
2.296700e+05,3.44607094e+00
2.311000e+05,3.44489727e+00
2.325300e+05,3.44373358e+00
2.339600e+05,3.44255992e+00
2.353900e+05,3.44139623e+00
2.368200e+05,3.44022256e+00
2.382400e+05,3.43905892e+00
2.396700e+05,3.43789523e+00
2.400000e+05,3.43762438e+00
2.411000e+05,3.43726025e+00
2.425300e+05,3.43679486e+00
2.439600e+05,3.43631949e+00
2.453900e+05,3.43585410e+00
2.468200e+05,3.43538871e+00
2.482500e+05,3.43491334e+00
2.496800e+05,3.43444795e+00
2.500000e+05,3.43434158e+00
2.511100e+05,3.43397261e+00
2.525400e+05,3.43350725e+00
2.539700e+05,3.43303192e+00
2.553900e+05,3.43256660e+00
2.568200e+05,3.43210125e+00
2.582500e+05,3.43162591e+00
2.596800e+05,3.43116055e+00
2.600000e+05,3.43105935e+00
2.611100e+05,3.43152318e+00
2.625400e+05,3.43212522e+00
2.639700e+05,3.43271728e+00
2.654000e+05,3.43331933e+00
2.668300e+05,3.43392137e+00
2.682600e+05,3.43452341e+00
2.696900e+05,3.43512545e+00
2.711200e+05,3.43571752e+00
2.725500e+05,3.43631956e+00
2.739700e+05,3.43692164e+00
2.754000e+05,3.43751371e+00
2.768300e+05,3.43811575e+00
2.782600e+05,3.43871779e+00
2.796900e+05,3.43931983e+00
2.800000e+05,3.43944811e+00
2.811200e+05,3.44128855e+00
2.825500e+05,3.44363633e+00
2.839800e+05,3.44598412e+00
2.854100e+05,3.44833191e+00
2.868400e+05,3.45067970e+00
2.882700e+05,3.45302749e+00
2.897000e+05,3.45537528e+00
2.911200e+05,3.45770316e+00
2.918130e+05,3.45884094e+00
2.925500e+05,3.46005140e+00
2.939800e+05,3.46240005e+00
2.954100e+05,3.46474870e+00
2.968400e+05,3.46709736e+00
2.982700e+05,3.46944601e+00
2.997000e+05,3.47179466e+00
3.000000e+05,3.47229227e+00
3.011300e+05,3.47575986e+00
3.025600e+05,3.48014417e+00
3.039900e+05,3.48453845e+00
3.054200e+05,3.48892275e+00
3.068500e+05,3.49331703e+00
3.082700e+05,3.49767145e+00
3.097000e+05,3.50206573e+00
3.100000e+05,3.50298244e+00
3.111300e+05,3.50805612e+00
3.125600e+05,3.51446549e+00
3.139900e+05,3.52088484e+00
3.154200e+05,3.52729421e+00
3.168500e+05,3.53371356e+00
3.182800e+05,3.54013291e+00
3.197100e+05,3.54654228e+00
3.200000e+05,3.54784808e+00
3.211400e+05,3.55517623e+00
3.225700e+05,3.56436882e+00
3.240000e+05,3.57357139e+00
3.254200e+05,3.58270417e+00
3.268500e+05,3.59189676e+00
3.282800e+05,3.60109933e+00
3.297100e+05,3.61029192e+00
3.300000e+05,3.61215636e+00
3.311400e+05,3.62266676e+00
3.325700e+05,3.63583966e+00
3.340000e+05,3.64902253e+00
3.354300e+05,3.66219542e+00
3.368600e+05,3.67536832e+00
3.382900e+05,3.68855119e+00
3.397200e+05,3.70172409e+00
3.400000e+05,3.70430682e+00
3.411500e+05,3.71961549e+00
3.425800e+05,3.73866408e+00
3.440000e+05,3.75756306e+00
3.454300e+05,3.77661164e+00
3.468600e+05,3.79565025e+00
3.482900e+05,3.81468886e+00
3.497200e+05,3.83372747e+00
3.500000e+05,3.83745740e+00
3.511500e+05,3.85993860e+00
3.525800e+05,3.88789548e+00
3.540100e+05,3.91585236e+00
3.554400e+05,3.94380924e+00
3.557500e+05,3.94986982e+00
3.568700e+05,3.97176753e+00
3.583000e+05,3.99972622e+00
3.597300e+05,4.02768491e+00
3.600000e+05,4.03297143e+00
3.611500e+05,4.06680643e+00
3.625800e+05,4.10889071e+00
3.640100e+05,4.15097499e+00
3.654400e+05,4.19305927e+00
3.668700e+05,4.23513357e+00
3.683000e+05,4.27721785e+00
3.697300e+05,4.31930213e+00
3.700000e+05,4.32725216e+00
3.711600e+05,4.38036019e+00
3.725900e+05,4.44583749e+00
3.740200e+05,4.51131478e+00
3.754500e+05,4.57680206e+00
3.768800e+05,4.64227935e+00
3.783000e+05,4.70729779e+00
3.797300e+05,4.77277508e+00
3.800000e+05,4.78514435e+00
3.811600e+05,4.87128192e+00
3.825900e+05,4.97748003e+00
3.840200e+05,5.08366815e+00
3.854500e+05,5.18986626e+00
3.868800e+05,5.29606436e+00
3.883100e+05,5.40225249e+00
3.897400e+05,5.50845059e+00
3.900000e+05,5.52776297e+00
3.911700e+05,5.67487200e+00
3.926000e+05,5.85468079e+00
3.940300e+05,6.03447961e+00
3.954500e+05,6.21303149e+00
3.968800e+05,6.39284028e+00
3.983100e+05,6.57264907e+00
3.997400e+05,6.75245787e+00
4.000000e+05,6.78515763e+00
4.011700e+05,7.00556831e+00
4.026000e+05,7.27496912e+00
4.040300e+05,7.54436994e+00
4.050000e+05,7.72711279e+00
4.054600e+05,7.84093458e+00
4.068900e+05,8.19478966e+00
4.083200e+05,8.54864475e+00
4.097500e+05,8.90249984e+00
4.100000e+05,8.96435864e+00
4.111800e+05,9.33863450e+00
4.126100e+05,9.79220668e+00
4.140300e+05,1.02425966e+01
4.150000e+05,1.05502452e+01
4.154600e+05,1.07259164e+01
4.168900e+05,1.12720830e+01
4.183200e+05,1.18181499e+01
4.196880e+05,1.23405411e+01
4.197500e+05,1.23642169e+01
4.200000e+05,1.24597841e+01
4.211800e+05,1.29327320e+01
4.226100e+05,1.35059357e+01
4.240400e+05,1.40791395e+01
4.250000e+05,1.44640020e+01
4.254700e+05,1.46113431e+01
4.269000e+05,1.50599503e+01
4.283300e+05,1.55084578e+01
4.297600e+05,1.59569653e+01
4.300000e+05,1.60321820e+01
4.311800e+05,1.61487980e+01
4.326100e+05,1.62899541e+01
4.340400e+05,1.64312100e+01
4.350000e+05,1.65259792e+01
4.354700e+05,1.64515605e+01
4.369000e+05,1.62250123e+01
4.383300e+05,1.59984642e+01
4.397600e+05,1.57719160e+01
4.400000e+05,1.57339086e+01
4.411900e+05,1.53397687e+01
4.426200e+05,1.48661225e+01
4.440500e+05,1.43924763e+01
4.450000e+05,1.40778427e+01
4.454800e+05,1.38959857e+01
4.469100e+05,1.33541057e+01
4.483300e+05,1.28161162e+01
4.497600e+05,1.22742361e+01
4.500000e+05,1.21833575e+01
4.511900e+05,1.17713611e+01
4.516560e+05,1.16100553e+01
4.526200e+05,1.12763697e+01
4.540500e+05,1.07812798e+01
4.550000e+05,1.04524835e+01
4.554800e+05,1.03154188e+01
4.569100e+05,9.90717736e+00
4.583400e+05,9.49894593e+00
4.597700e+05,9.09071450e+00
4.600000e+05,9.02505511e+00
4.612000e+05,8.75461736e+00
4.626300e+05,8.43235651e+00
4.640600e+05,8.11009567e+00
4.650000e+05,7.89825442e+00
4.654800e+05,7.81410081e+00
4.669100e+05,7.56339566e+00
4.683400e+05,7.31269051e+00
4.697700e+05,7.06198536e+00
4.700000e+05,7.02166425e+00
4.712000e+05,6.85784678e+00
4.726300e+05,6.66263645e+00
4.740600e+05,6.46742612e+00
4.750000e+05,6.33910144e+00
4.754900e+05,6.28660075e+00
4.769200e+05,6.13338811e+00
4.783500e+05,5.98017548e+00
4.797800e+05,5.82696284e+00
4.800000e+05,5.80339090e+00
4.812100e+05,5.70047511e+00
4.826400e+05,5.57885552e+00
4.836250e+05,5.49507387e+00
4.840600e+05,5.45807637e+00
4.850000e+05,5.37812928e+00
4.854900e+05,5.34463512e+00
4.869200e+05,5.24690561e+00
4.883500e+05,5.14916612e+00
4.897800e+05,5.05142662e+00
4.900000e+05,5.03638518e+00
4.912100e+05,4.96906966e+00
4.926400e+05,4.88950590e+00
4.940700e+05,4.80994213e+00
4.950000e+05,4.75819626e+00
4.955000e+05,4.73527643e+00
4.969300e+05,4.66971855e+00
4.983600e+05,4.60417064e+00
5.000000e+05,4.52898803e+00
5.100000e+05,4.17683334e+00
5.155940e+05,4.03419117e+00
5.200000e+05,3.92189777e+00
5.300000e+05,3.73057824e+00
5.400000e+05,3.58225399e+00
5.475630e+05,3.49285357e+00
5.500000e+05,3.46409320e+00
5.600000e+05,3.36803427e+00
5.635470e+05,3.33965896e+00
5.700000e+05,3.28818819e+00
5.795310e+05,3.22386115e+00
5.800000e+05,3.22071364e+00
5.900000e+05,3.16307949e+00
5.955160e+05,3.13541543e+00
6.000000e+05,3.11319006e+00
6.115000e+05,3.06588379e+00
6.200000e+05,3.03163025e+00
6.250000e+05,3.01559609e+00
6.357500e+05,2.98112232e+00
6.400000e+05,2.96745171e+00
6.478750e+05,2.94675190e+00
6.600000e+05,2.91328123e+00
6.800000e+05,2.86203297e+00
7.000000e+05,2.81836625e+00
7.085000e+05,2.80281845e+00
7.090100e+05,2.79735809e+00
7.200000e+05,2.77780370e+00
7.400000e+05,2.74930066e+00
7.500000e+05,2.73893468e+00
7.600000e+05,2.72967392e+00
7.800000e+05,2.72053954e+00
8.000000e+05,2.72357550e+00
8.200000e+05,2.74347568e+00
8.400000e+05,2.78801584e+00
8.500000e+05,2.82928464e+00
8.600000e+05,2.87055463e+00
8.800000e+05,3.01455489e+00
9.000000e+05,3.26300074e+00
9.100000e+05,3.44912485e+00
9.200000e+05,3.69550219e+00
9.224700e+05,3.77621721e+00
9.300000e+05,4.02228422e+00
9.400000e+05,4.45401079e+00
9.500000e+05,5.01572073e+00
9.600000e+05,5.72007423e+00
9.700000e+05,6.49894580e+00
9.800000e+05,7.35295434e+00
9.900000e+05,7.95726113e+00
1.000000e+06,8.14089265e+00
1.010000e+06,7.85786320e+00
1.020000e+06,7.25640939e+00
1.030000e+06,6.54203067e+00
1.040000e+06,5.85767880e+00
1.050000e+06,5.26500361e+00
1.060000e+06,4.77547716e+00
1.070000e+06,4.37872472e+00
1.080000e+06,4.05828639e+00
1.090000e+06,3.79860007e+00
1.100000e+06,3.58639808e+00
1.110000e+06,3.41204562e+00
1.120000e+06,3.26614385e+00
1.130000e+06,3.14377476e+00
1.140000e+06,3.04115756e+00
1.150000e+06,2.95396279e+00
1.160000e+06,2.87941721e+00
1.170000e+06,2.81683249e+00
1.180000e+06,2.76396410e+00
1.190000e+06,2.72165998e+00
1.200000e+06,2.68841380e+00
1.210000e+06,2.66668107e+00
1.220000e+06,2.65775715e+00
1.230000e+06,2.66721843e+00
1.240000e+06,2.69832699e+00
1.250000e+06,2.76774223e+00
1.260000e+06,2.89800925e+00
1.270000e+06,3.13541528e+00
1.280000e+06,3.57014066e+00
1.285000e+06,3.90910713e+00
1.290000e+06,4.36149731e+00
1.295000e+06,4.94177597e+00
1.300000e+06,5.62131284e+00
1.305000e+06,6.27780650e+00
1.310000e+06,6.68949648e+00
1.315000e+06,6.67193209e+00
1.320000e+06,6.25713533e+00
1.325000e+06,5.64801193e+00
1.330000e+06,5.03190554e+00
1.340000e+06,4.06903666e+00
1.350000e+06,3.46529298e+00
1.360000e+06,3.08899526e+00
1.370000e+06,2.84327945e+00
1.380000e+06,2.67377799e+00
1.390000e+06,2.55076330e+00
1.400000e+06,2.45737643e+00
1.450000e+06,2.19474912e+00
1.500000e+06,2.05781562e+00
1.550000e+06,1.96238638e+00
1.600000e+06,1.89139759e+00
1.620000e+06,1.88149815e+00
1.630000e+06,1.90353270e+00
1.640000e+06,2.06901781e+00
1.642000e+06,2.18802556e+00
1.643000e+06,2.28359159e+00
1.644000e+06,2.42175386e+00
1.645000e+06,2.62994554e+00
1.646000e+06,2.96004028e+00
1.647000e+06,3.51468803e+00
1.648000e+06,4.49529816e+00
1.648500e+06,5.24307605e+00
1.649000e+06,6.20433391e+00
1.649500e+06,7.32709836e+00
1.650000e+06,8.37424700e+00
1.650500e+06,8.91223591e+00
1.651000e+06,8.63112010e+00
1.651500e+06,7.70198282e+00
1.652000e+06,6.56894222e+00
1.653000e+06,4.72752658e+00
1.654000e+06,3.64615953e+00
1.655000e+06,3.03514673e+00
1.656000e+06,2.67292789e+00
1.657000e+06,2.44508172e+00
1.658000e+06,2.29384894e+00
1.659000e+06,2.18890340e+00
1.660000e+06,2.11308690e+00
1.665000e+06,1.93012669e+00
1.670000e+06,1.86228606e+00
1.675000e+06,1.82766450e+00
1.680000e+06,1.80581184e+00
1.682000e+06,1.79843745e+00
1.684000e+06,1.79270905e+00
1.685000e+06,1.79014412e+00
1.686000e+06,1.80831867e+00
1.687000e+06,1.85597141e+00
1.688000e+06,1.91495655e+00
1.689000e+06,1.96531271e+00
1.690000e+06,1.98516318e+00
1.691000e+06,1.95979380e+00
1.692000e+06,1.90441751e+00
1.694000e+06,1.78929559e+00
1.695000e+06,1.76688899e+00
1.696000e+06,1.76485277e+00
1.698000e+06,1.76091002e+00
1.700000e+06,1.75730644e+00
1.720000e+06,1.72426510e+00
1.740000e+06,1.69381744e+00
1.760000e+06,1.66217269e+00
1.780000e+06,1.62633815e+00
1.800000e+06,1.58092694e+00
1.820000e+06,1.57142905e+00
1.822000e+06,1.60723971e+00
1.824000e+06,1.68464905e+00
1.826000e+06,1.85403434e+00
1.828000e+06,2.23939353e+00
1.830000e+06,3.09440868e+00
1.831000e+06,3.74272837e+00
1.832000e+06,4.38177067e+00
1.833000e+06,4.73052009e+00
1.834000e+06,4.65091295e+00
1.835000e+06,4.29138768e+00
1.836000e+06,3.86462618e+00
1.837000e+06,3.48265558e+00
1.838000e+06,3.17410613e+00
1.839000e+06,2.93299241e+00
1.840000e+06,2.74544821e+00
1.842000e+06,2.48218739e+00
1.844000e+06,2.31259839e+00
1.846000e+06,2.19767623e+00
1.848000e+06,2.11657169e+00
1.850000e+06,2.05731393e+00
1.852000e+06,2.01321924e+00
1.854000e+06,1.97989831e+00
1.856000e+06,1.95465769e+00
1.858000e+06,1.93590127e+00
1.860000e+06,1.92233222e+00
1.865000e+06,1.90736343e+00
1.870000e+06,1.91693486e+00
1.875000e+06,1.95393946e+00
1.880000e+06,2.02885173e+00
1.885000e+06,2.16172281e+00
1.890000e+06,2.38277908e+00
1.895000e+06,2.71167266e+00
1.900000e+06,3.06400914e+00
1.905000e+06,3.18002164e+00
1.910000e+06,2.95755863e+00
1.915000e+06,2.62386657e+00
1.920000e+06,2.34733527e+00
1.925000e+06,2.15190641e+00
1.930000e+06,2.01722956e+00
1.935000e+06,1.92245552e+00
1.940000e+06,1.85361829e+00
1.950000e+06,1.76133327e+00
1.960000e+06,1.70246685e+00
1.970000e+06,1.66075863e+00
1.980000e+06,1.62892636e+00
1.990000e+06,1.60307950e+00
2.000000e+06,1.58102341e+00
2.050000e+06,1.49670608e+00
2.093140e+06,1.43368304e+00
2.093150e+06,1.43366845e+00
2.100000e+06,1.42368129e+00
2.150000e+06,1.34080814e+00
2.200000e+06,1.22272076e+00
2.220000e+06,1.15447047e+00
2.240000e+06,1.06497194e+00
2.260000e+06,9.44289375e-01
2.280000e+06,7.80481855e-01
2.300000e+06,5.66995349e-01
2.305000e+06,5.07376676e-01
2.310000e+06,4.46680628e-01
2.315000e+06,3.86124239e-01
2.320000e+06,3.27243768e-01
2.321000e+06,3.15830790e-01
2.322000e+06,3.04567446e-01
2.323000e+06,2.93483666e-01
2.324000e+06,2.82589423e-01
2.325000e+06,2.71894695e-01
2.326000e+06,2.61419432e-01
2.327000e+06,2.51193562e-01
2.328000e+06,2.41217084e-01
2.329000e+06,2.31509950e-01
2.330000e+06,2.22092111e-01
2.331000e+06,2.12983519e-01
2.332000e+06,2.04204125e-01
2.333000e+06,1.95753929e-01
2.334000e+06,1.87662859e-01
2.335000e+06,1.79940889e-01
2.336000e+06,1.72597996e-01
2.337000e+06,1.65654131e-01
2.338000e+06,1.59119269e-01
2.339000e+06,1.53013363e-01
2.340000e+06,1.47336412e-01
2.341000e+06,1.42108367e-01
2.342000e+06,1.37339204e-01
2.343000e+06,1.33038900e-01
2.344000e+06,1.29197477e-01
2.345000e+06,1.25844864e-01
2.346000e+06,1.22981060e-01
2.347000e+06,1.20606066e-01
2.348000e+06,1.18719881e-01
2.349000e+06,1.17322505e-01
2.350000e+06,1.16433890e-01
2.351000e+06,1.16034084e-01
2.352000e+06,1.16123087e-01
2.353000e+06,1.16710875e-01
2.354000e+06,1.17787473e-01
2.354170e+06,1.18011794e-01
2.355000e+06,1.19332929e-01
2.355320e+06,1.19940200e-01
2.355360e+06,1.20016982e-01
2.357000e+06,1.23860341e-01
2.358000e+06,1.26822346e-01
2.359000e+06,1.30233257e-01
2.360000e+06,1.34073124e-01
2.361000e+06,1.38351921e-01
2.362000e+06,1.43049698e-01
2.363000e+06,1.48146503e-01
2.364000e+06,1.53632360e-01
2.365000e+06,1.59497293e-01
2.366000e+06,1.65721352e-01
2.367000e+06,1.72294561e-01
2.368000e+06,1.79196967e-01
2.370000e+06,1.93929520e-01
2.375000e+06,2.35454470e-01
2.380000e+06,2.82037099e-01
2.390000e+06,3.82993379e-01
2.400000e+06,4.84558178e-01
2.410000e+06,5.79120268e-01
2.420000e+06,6.63088165e-01
2.430000e+06,7.35504201e-01
2.435000e+06,7.66190669e-01
2.437500e+06,7.81534402e-01
2.440000e+06,7.96877137e-01
2.441250e+06,8.03314511e-01
2.442500e+06,8.09751884e-01
2.443750e+06,8.16188260e-01
2.445000e+06,8.22625634e-01
2.446250e+06,8.29063007e-01
2.447500e+06,8.35500381e-01
2.448750e+06,8.41936757e-01
2.450000e+06,8.48374130e-01
2.451250e+06,8.53746099e-01
2.452500e+06,8.59119065e-01
2.453750e+06,8.64491034e-01
2.455000e+06,8.69863003e-01
2.456250e+06,8.75234972e-01
2.457500e+06,8.80607938e-01
2.458750e+06,8.85979907e-01
2.460000e+06,8.91351876e-01
2.461250e+06,8.95826032e-01
2.462500e+06,9.00301185e-01
2.463750e+06,9.04775341e-01
2.465000e+06,9.09249497e-01
2.466250e+06,9.13723652e-01
2.467500e+06,9.18198806e-01
2.468750e+06,9.22672961e-01
2.470000e+06,9.27147117e-01
2.471250e+06,9.30868108e-01
2.472500e+06,9.34590096e-01
2.473750e+06,9.38311086e-01
2.475000e+06,9.42032077e-01
2.476250e+06,9.45753067e-01
2.477500e+06,9.49475055e-01
2.478750e+06,9.53196045e-01
2.480000e+06,9.56917036e-01
2.481250e+06,9.60014545e-01
2.482500e+06,9.63113052e-01
2.483750e+06,9.66210561e-01
2.485000e+06,9.69308070e-01
2.486250e+06,9.72405579e-01
2.487500e+06,9.75504086e-01
2.488750e+06,9.78601595e-01
2.490000e+06,9.81699105e-01
2.491250e+06,9.84277877e-01
2.492500e+06,9.86857648e-01
2.493750e+06,9.89436421e-01
2.495000e+06,9.92015193e-01
2.496250e+06,9.94593966e-01
2.497500e+06,9.97173737e-01
2.498750e+06,9.99752509e-01
2.500000e+06,1.00233128e+00
2.505000e+06,1.01020851e+00
2.510000e+06,1.01808573e+00
2.515000e+06,1.02595298e+00
2.520000e+06,1.03383020e+00
2.525000e+06,1.03929331e+00
2.530000e+06,1.04474643e+00
2.535000e+06,1.05020954e+00
2.540000e+06,1.05566267e+00
2.545000e+06,1.05942990e+00
2.550000e+06,1.06318716e+00
2.555000e+06,1.06695440e+00
2.560000e+06,1.07071166e+00
2.565000e+06,1.07325188e+00
2.570000e+06,1.07579211e+00
2.575000e+06,1.07833233e+00
2.580000e+06,1.08087256e+00
2.585000e+06,1.08254489e+00
2.590000e+06,1.08420726e+00
2.595000e+06,1.08587959e+00
2.600000e+06,1.08754196e+00
2.606250e+06,1.08843546e+00
2.612500e+06,1.08932896e+00
2.618750e+06,1.09022245e+00
2.625000e+06,1.09111595e+00
2.631250e+06,1.09200945e+00
2.637500e+06,1.09290295e+00
2.643750e+06,1.09379645e+00
2.650000e+06,1.09468995e+00
2.656250e+06,1.09472554e+00
2.662500e+06,1.09476112e+00
2.668750e+06,1.09478674e+00
2.675000e+06,1.09482233e+00
2.681250e+06,1.09485791e+00
2.687500e+06,1.09489350e+00
2.693750e+06,1.09491912e+00
2.700000e+06,1.09495470e+00
2.712500e+06,1.09454745e+00
2.725000e+06,1.09414021e+00
2.737500e+06,1.09373296e+00
2.750000e+06,1.09332571e+00
2.762500e+06,1.09349705e+00
2.775000e+06,1.09365841e+00
2.787500e+06,1.09382976e+00
2.800000e+06,1.09399112e+00
2.812500e+06,1.09612800e+00
2.825000e+06,1.09826488e+00
2.837500e+06,1.10040176e+00
2.850000e+06,1.10253864e+00
2.860000e+06,1.10682187e+00
2.870000e+06,1.11409782e+00
2.880000e+06,1.13264630e+00
2.882000e+06,1.14192244e+00
2.884000e+06,1.15838108e+00
2.886000e+06,1.19698578e+00
2.887000e+06,1.24586608e+00
2.888000e+06,1.39310678e+00
2.888200e+06,1.46403388e+00
2.888400e+06,1.57516305e+00
2.888500e+06,1.65646494e+00
2.888600e+06,1.76569879e+00
2.888700e+06,1.91623204e+00
2.888800e+06,2.12741755e+00
2.888900e+06,2.41940622e+00
2.889000e+06,2.77274545e+00
2.889100e+06,2.99839573e+00
2.889200e+06,2.73553597e+00
2.889300e+06,2.09489645e+00
2.889400e+06,1.56408939e+00
2.889500e+06,1.26252392e+00
2.889600e+06,1.10899783e+00
2.889700e+06,1.03238439e+00
2.889800e+06,9.94426789e-01
2.890000e+06,9.68898846e-01
2.890500e+06,9.79552578e-01
2.891000e+06,1.00077058e+00
2.892000e+06,1.03048755e+00
2.894000e+06,1.05951558e+00
2.896000e+06,1.07358005e+00
2.898000e+06,1.08205813e+00
2.900000e+06,1.08784278e+00
2.912500e+06,1.10060413e+00
2.925000e+06,1.11336549e+00
2.937500e+06,1.12612685e+00
2.950000e+06,1.13888821e+00
2.975000e+06,1.17353869e+00
2.990000e+06,1.19432898e+00
3.000000e+06,1.20818914e+00
3.005000e+06,1.23123008e+00
3.005500e+06,1.23871156e+00
3.006000e+06,1.25257749e+00
3.006100e+06,1.25706649e+00
3.006200e+06,1.26245331e+00
3.006300e+06,1.26933649e+00
3.006400e+06,1.27831456e+00
3.006500e+06,1.29038510e+00
3.006600e+06,1.30774276e+00
3.006700e+06,1.33467709e+00
3.006800e+06,1.38166258e+00
3.006900e+06,1.48072122e+00
3.007000e+06,1.78288511e+00
3.007100e+06,3.06107150e+00
3.007200e+06,1.31392734e+00
3.007300e+06,1.13027464e+00
3.007400e+06,1.12987556e+00
3.007500e+06,1.14134755e+00
3.007600e+06,1.15182198e+00
3.007700e+06,1.16020151e+00
3.007800e+06,1.16688517e+00
3.007900e+06,1.17227199e+00
3.008000e+06,1.17676100e+00
3.008200e+06,1.18364411e+00
3.008400e+06,1.18873160e+00
3.008600e+06,1.19262201e+00
3.008800e+06,1.19581411e+00
3.009000e+06,1.19840768e+00
3.010000e+06,1.20708595e+00
3.015000e+06,1.22534853e+00
3.020000e+06,1.23771547e+00
3.040000e+06,1.28838030e+00
3.050000e+06,1.31760324e+00
3.060000e+06,1.35031767e+00
3.080000e+06,1.42802663e+00
3.100000e+06,1.52498869e+00
3.120000e+06,1.64460595e+00
3.140000e+06,1.78986076e+00
3.160000e+06,1.96214972e+00
3.170000e+06,2.05783097e+00
3.180000e+06,2.15959740e+00
3.190000e+06,2.26696019e+00
3.200000e+06,2.38471766e+00
3.201000e+06,2.39819430e+00
3.202000e+06,2.41247896e+00
3.203000e+06,2.42795074e+00
3.204000e+06,2.44533784e+00
3.205000e+06,2.46551815e+00
3.206000e+06,2.49090577e+00
3.207000e+06,2.52551094e+00
3.208000e+06,2.58033685e+00
3.209000e+06,2.68505123e+00
3.210000e+06,2.95132208e+00
3.210500e+06,3.27244957e+00
3.211000e+06,3.92868078e+00
3.211100e+06,4.12006453e+00
3.211200e+06,4.33035223e+00
3.211300e+06,4.55283024e+00
3.211400e+06,4.77481944e+00
3.211500e+06,4.97675748e+00
3.211600e+06,5.13422385e+00
3.211700e+06,5.22349633e+00
3.211800e+06,5.22861381e+00
3.211900e+06,5.14850889e+00
3.212000e+06,4.99706773e+00
3.212200e+06,4.57529503e+00
3.212400e+06,4.13712228e+00
3.212600e+06,3.77027578e+00
3.212800e+06,3.48969913e+00
3.213000e+06,3.28161590e+00
3.213200e+06,3.12806982e+00
3.213400e+06,3.01375816e+00
3.213600e+06,2.92771764e+00
3.213800e+06,2.86185796e+00
3.214000e+06,2.81088203e+00
3.214200e+06,2.77089932e+00
3.214400e+06,2.73910665e+00
3.214600e+06,2.71360866e+00
3.214800e+06,2.69290897e+00
3.215000e+06,2.67610979e+00
3.216000e+06,2.62728817e+00
3.217000e+06,2.60846349e+00
3.218000e+06,2.60252741e+00
3.219000e+06,2.60280620e+00
3.220000e+06,2.60667623e+00
3.222000e+06,2.61992289e+00
3.224000e+06,2.63657126e+00
3.226000e+06,2.65482572e+00
3.228000e+06,2.67377847e+00
3.230000e+06,2.69293074e+00
3.235000e+06,2.74122043e+00
3.236270e+06,2.75318448e+00
3.240000e+06,2.78832305e+00
3.245000e+06,2.83391936e+00
3.250000e+06,2.87733099e+00
3.255000e+06,2.91824870e+00
3.260000e+06,2.95647297e+00
3.265000e+06,2.99190404e+00
3.270000e+06,3.02434241e+00
3.275000e+06,3.05358855e+00
3.280000e+06,3.07994173e+00
3.285000e+06,3.10310269e+00
3.290000e+06,3.12308141e+00
3.295000e+06,3.14015719e+00
3.300000e+06,3.15434002e+00
3.305000e+06,3.16563001e+00
3.310000e+06,3.17442606e+00
3.312000e+06,3.17722823e+00
3.314000e+06,3.17963137e+00
3.316000e+06,3.18173524e+00
3.318000e+06,3.18344008e+00
3.320000e+06,3.18464614e+00
3.322000e+06,3.18565268e+00
3.324000e+06,3.18626019e+00
3.326000e+06,3.18665822e+00
3.328000e+06,3.18666719e+00
3.330000e+06,3.18647665e+00
3.332000e+06,3.18598683e+00
3.334000e+06,3.18519775e+00
3.336000e+06,3.18410939e+00
3.338000e+06,3.18282152e+00
3.340000e+06,3.18132416e+00
3.345000e+06,3.17676276e+00
3.350000e+06,3.17099430e+00
3.355000e+06,3.16412850e+00
3.360000e+06,3.15646466e+00
3.370000e+06,3.13934134e+00
3.380000e+06,3.12061193e+00
3.390000e+06,3.10109444e+00
3.400000e+06,3.08536771e+00
3.400500e+06,3.08466918e+00
3.410000e+06,3.07252422e+00
3.420000e+06,3.06029922e+00
3.430000e+06,3.04939101e+00
3.435000e+06,3.05102464e+00
3.436000e+06,3.05441590e+00
3.437000e+06,3.06148819e+00
3.437500e+06,3.06839114e+00
3.438000e+06,3.08235688e+00
3.438500e+06,3.13538746e+00
3.439000e+06,3.94120432e+00
3.439500e+06,4.02208706e+00
3.440000e+06,3.59383002e+00
3.440500e+06,3.72284551e+00
3.441000e+06,4.21382927e+00
3.441500e+06,5.26514810e+00
3.441600e+06,5.46571948e+00
3.441700e+06,5.59565293e+00
3.441800e+06,5.62421331e+00
3.441900e+06,5.54268186e+00
3.442000e+06,5.36917446e+00
3.442500e+06,4.23314151e+00
3.443000e+06,3.63613553e+00
3.443500e+06,3.38022866e+00
3.444000e+06,3.25666940e+00
3.444500e+06,3.18906384e+00
3.445000e+06,3.14819316e+00
3.450000e+06,3.05142649e+00
3.455000e+06,3.03521359e+00
3.460000e+06,3.02733040e+00
3.465000e+06,3.02214065e+00
3.470000e+06,3.01825772e+00
3.475000e+06,3.01518282e+00
3.480000e+06,3.01279624e+00
3.490000e+06,3.01012796e+00
3.500000e+06,3.00946480e+00
3.510000e+06,3.01089674e+00
3.520000e+06,3.01402454e+00
3.530000e+06,3.01874846e+00
3.540000e+06,3.02476922e+00
3.550000e+06,3.03169777e+00
3.560000e+06,3.03952413e+00
3.570000e+06,3.04755001e+00
3.580000e+06,3.05548610e+00
3.590000e+06,3.06301320e+00
3.600000e+06,3.06966243e+00
3.610000e+06,3.07501476e+00
3.620000e+06,3.07857146e+00
3.630000e+06,3.08004324e+00
3.640000e+06,3.07913084e+00
3.642000e+06,3.07856130e+00
3.644000e+06,3.07799176e+00
3.645000e+06,3.07766210e+00
3.645200e+06,3.07759218e+00
3.645400e+06,3.07764196e+00
3.645600e+06,3.07764187e+00
3.645800e+06,3.07775151e+00
3.646000e+06,3.07828013e+00
3.646200e+06,3.08162190e+00
3.646400e+06,3.09484958e+00
3.646600e+06,3.07939713e+00
3.646800e+06,3.07766127e+00
3.647000e+06,3.07706263e+00
3.647200e+06,3.07691290e+00
3.647400e+06,3.07674322e+00
3.647600e+06,3.07660347e+00
3.647800e+06,3.07657345e+00
3.648000e+06,3.07636387e+00
3.649000e+06,3.07583470e+00
3.650000e+06,3.07533545e+00
3.651000e+06,3.07484618e+00
3.652000e+06,3.07425715e+00
3.653000e+06,3.07366812e+00
3.654000e+06,3.07306912e+00
3.655000e+06,3.07248009e+00
3.660000e+06,3.06874687e+00
3.665000e+06,3.06430537e+00
3.670000e+06,3.05917555e+00
3.675000e+06,3.05334743e+00
3.680000e+06,3.04682101e+00
3.685000e+06,3.03969606e+00
3.690000e+06,3.03208229e+00
3.695000e+06,3.02416925e+00
3.700000e+06,3.01616642e+00
3.710000e+06,3.00095900e+00
3.720000e+06,2.99115841e+00
3.730000e+06,2.99923427e+00
3.740000e+06,3.06631640e+00
3.745000e+06,3.16611107e+00
3.750000e+06,3.39505116e+00
3.754050e+06,3.86645505e+00
3.755000e+06,3.97703141e+00
3.760000e+06,5.33508181e+00
3.761000e+06,5.62449652e+00
3.762000e+06,5.82330194e+00
3.763000e+06,5.87991374e+00
3.764000e+06,5.77736324e+00
3.765000e+06,5.54410115e+00
3.766000e+06,5.23539284e+00
3.767000e+06,4.90612461e+00
3.768000e+06,4.59332626e+00
3.769000e+06,4.31554262e+00
3.770000e+06,4.07788125e+00
3.772000e+06,3.71213158e+00
3.774000e+06,3.45862849e+00
3.776000e+06,3.28058160e+00
3.778000e+06,3.15171491e+00
3.780000e+06,3.05588774e+00
3.785000e+06,2.89909817e+00
3.790000e+06,2.80398834e+00
3.795000e+06,2.73812726e+00
3.800000e+06,2.68764870e+00
3.810000e+06,2.61006109e+00
3.820000e+06,2.54809544e+00
3.830000e+06,2.49396071e+00
3.837390e+06,2.45777386e+00
3.837400e+06,2.45772490e+00
3.840000e+06,2.44499424e+00
3.850000e+06,2.40009030e+00
3.860000e+06,2.35875766e+00
3.870000e+06,2.32070702e+00
3.880000e+06,2.28624763e+00
3.890000e+06,2.25519994e+00
3.900000e+06,2.22787317e+00
3.920000e+06,2.18374430e+00
3.940000e+06,2.15260379e+00
3.960000e+06,2.12964336e+00
3.980000e+06,2.10357051e+00
4.000000e+06,2.07368693e+00
4.010000e+06,2.02099760e+00
4.020000e+06,1.93886997e+00
4.030000e+06,1.81873492e+00
4.040000e+06,1.66215864e+00
4.050000e+06,1.49116747e+00
4.060000e+06,1.34289098e+00
4.069800e+06,1.24448615e+00
4.070000e+06,1.24247790e+00
4.080000e+06,1.18768427e+00
4.090000e+06,1.16309705e+00
4.100000e+06,1.15571792e+00
4.110000e+06,1.16183591e+00
4.120000e+06,1.18776563e+00
4.130000e+06,1.24818136e+00
4.140000e+06,1.36326392e+00
4.140140e+06,1.36585116e+00
4.150000e+06,1.54808066e+00
4.160000e+06,1.78689606e+00
4.165000e+06,1.90874281e+00
4.170000e+06,2.01864866e+00
4.175000e+06,2.10786490e+00
4.180000e+06,2.17079518e+00
4.185000e+06,2.20601296e+00
4.190000e+06,2.21569295e+00
4.195000e+06,2.20375559e+00
4.200000e+06,2.17525858e+00
4.205000e+06,2.13458643e+00
4.210000e+06,2.08554468e+00
4.215000e+06,2.03116592e+00
4.220000e+06,1.97333558e+00
4.225000e+06,1.91380936e+00
4.230000e+06,1.85350504e+00
4.235000e+06,1.79295132e+00
4.240000e+06,1.73277669e+00
4.245000e+06,1.67318064e+00
4.250000e+06,1.61459214e+00
4.255000e+06,1.55763965e+00
4.260000e+06,1.50357014e+00
4.265000e+06,1.45455832e+00
4.270000e+06,1.41472413e+00
4.275000e+06,1.39196835e+00
4.280000e+06,1.39990779e+00
4.285000e+06,1.45994034e+00
4.290000e+06,1.59652641e+00
4.295000e+06,1.81831493e+00
4.300000e+06,2.09847127e+00
4.305000e+06,2.38519150e+00
4.310000e+06,2.63494179e+00
4.315000e+06,2.82502742e+00
4.320000e+06,2.94645030e+00
4.321000e+06,2.96240117e+00
4.322000e+06,2.97574839e+00
4.323000e+06,2.98639220e+00
4.324000e+06,2.99455205e+00
4.325000e+06,3.00022796e+00
4.326000e+06,3.00372916e+00
4.327000e+06,3.00496588e+00
4.328000e+06,3.00405782e+00
4.329000e+06,3.00130426e+00
4.330000e+06,2.99671517e+00
4.335000e+06,2.95141418e+00
4.340000e+06,2.88047564e+00
4.345000e+06,2.79656869e+00
4.350000e+06,2.70870139e+00
4.355000e+06,2.62219078e+00
4.360000e+06,2.53996972e+00
4.370000e+06,2.39254615e+00
4.380000e+06,2.26855550e+00
4.390000e+06,2.16508486e+00
4.400000e+06,2.07884225e+00
4.410000e+06,2.00726424e+00
4.420000e+06,1.94903371e+00
4.430000e+06,1.90418059e+00
4.440000e+06,1.87597691e+00
4.445000e+06,1.87046914e+00
4.450000e+06,1.87250300e+00
4.455000e+06,1.88231790e+00
4.460000e+06,1.88538923e+00
4.462000e+06,1.86906851e+00
4.464000e+06,1.82439686e+00
4.466000e+06,1.73391678e+00
4.468000e+06,1.59631150e+00
4.470000e+06,1.44915948e+00
4.472000e+06,1.34282802e+00
4.475000e+06,1.28197554e+00
4.480000e+06,1.29696783e+00
4.485000e+06,1.32709326e+00
4.490000e+06,1.34495855e+00
4.495000e+06,1.35159121e+00
4.500000e+06,1.35023333e+00
4.505000e+06,1.34345864e+00
4.510000e+06,1.33309270e+00
4.515000e+06,1.32165937e+00
4.520000e+06,1.31827642e+00
4.521000e+06,1.32112923e+00
4.522000e+06,1.32620663e+00
4.523000e+06,1.33500496e+00
4.524000e+06,1.34897070e+00
4.525000e+06,1.37070751e+00
4.526000e+06,1.40421565e+00
4.527000e+06,1.45570998e+00
4.528000e+06,1.53518614e+00
4.529000e+06,1.65729845e+00
4.530000e+06,1.84199830e+00
4.531000e+06,2.10810983e+00
4.532000e+06,2.44701405e+00
4.533000e+06,2.77989295e+00
4.534000e+06,2.96956070e+00
4.535000e+06,2.94819251e+00
4.536000e+06,2.78217667e+00
4.537000e+06,2.57252712e+00
4.538000e+06,2.37776132e+00
4.539000e+06,2.21567591e+00
4.540000e+06,2.08568233e+00
4.545000e+06,1.73479587e+00
4.550000e+06,1.59271079e+00
4.555000e+06,1.51757263e+00
4.560000e+06,1.46993748e+00
4.565000e+06,1.43607877e+00
4.570000e+06,1.41000110e+00
4.575000e+06,1.38897114e+00
4.580000e+06,1.37171200e+00
4.585000e+06,1.35762512e+00
4.590000e+06,1.34788765e+00
4.591000e+06,1.34667038e+00
4.592000e+06,1.34644070e+00
4.593000e+06,1.34683949e+00
4.594000e+06,1.34798646e+00
4.595000e+06,1.34942273e+00
4.596000e+06,1.35338284e+00
4.597000e+06,1.36005635e+00
4.598000e+06,1.37073011e+00
4.599000e+06,1.38640170e+00
4.600000e+06,1.40617330e+00
4.601000e+06,1.43382541e+00
4.601500e+06,1.44031932e+00
4.602000e+06,1.43963073e+00
4.602500e+06,1.43204893e+00
4.603000e+06,1.41958902e+00
4.604000e+06,1.38998061e+00
4.605000e+06,1.36426272e+00
4.610000e+06,1.32022731e+00
4.615000e+06,1.31231392e+00
4.620000e+06,1.32025191e+00
4.625000e+06,1.35460556e+00
4.626000e+06,1.36763329e+00
4.627000e+06,1.38414254e+00
4.628000e+06,1.40525059e+00
4.629000e+06,1.43230415e+00
4.630000e+06,1.46757769e+00
4.631000e+06,1.51376465e+00
4.632000e+06,1.57474557e+00
4.633000e+06,1.65588738e+00
4.634000e+06,1.76226772e+00
4.635000e+06,1.89639047e+00
4.636000e+06,2.04826997e+00
4.637000e+06,2.18137520e+00
4.638000e+06,2.23359746e+00
4.639000e+06,2.16546289e+00
4.640000e+06,2.00940251e+00
4.645000e+06,1.40538119e+00
4.650000e+06,1.25243109e+00
4.655000e+06,1.20026549e+00
4.660000e+06,1.17388707e+00
4.665000e+06,1.15633715e+00
4.670000e+06,1.14246826e+00
4.675000e+06,1.13045486e+00
4.680000e+06,1.11938914e+00
4.685000e+06,1.10895189e+00
4.690000e+06,1.09885382e+00
4.695000e+06,1.08895526e+00
4.700000e+06,1.07913651e+00
4.705000e+06,1.06956715e+00
4.705230e+06,1.06913338e+00
4.710000e+06,1.06014074e+00
4.715000e+06,1.05086413e+00
4.720000e+06,1.04161745e+00
4.725000e+06,1.03251042e+00
4.730000e+06,1.02358296e+00
4.735000e+06,1.01489492e+00
4.740000e+06,1.00656600e+00
4.745000e+06,9.98603190e-01
4.750000e+06,9.91193033e-01
4.755000e+06,9.84525068e-01
4.760000e+06,9.78885597e-01
4.765000e+06,9.74669660e-01
4.770000e+06,9.72392000e-01
4.775000e+06,9.72815760e-01
4.780000e+06,9.76992379e-01
4.785000e+06,9.86450133e-01
4.790000e+06,1.00329190e+00
4.795000e+06,1.03051638e+00
4.800000e+06,1.07230537e+00
4.805000e+06,1.13384454e+00
4.810000e+06,1.22138038e+00
4.815000e+06,1.34049929e+00
4.820000e+06,1.49158034e+00
4.823160e+06,1.60070682e+00
4.825000e+06,1.66424885e+00
4.830000e+06,1.83217898e+00
4.832000e+06,1.88997786e+00
4.834000e+06,1.93900811e+00
4.835000e+06,1.95976738e+00
4.836000e+06,1.97783321e+00
4.837000e+06,1.99288638e+00
4.838000e+06,2.00522616e+00
4.839000e+06,2.01467298e+00
4.840000e+06,2.02111713e+00
4.841000e+06,2.02486783e+00
4.842000e+06,2.02594504e+00
4.843000e+06,2.02462809e+00
4.844000e+06,2.02074738e+00
4.845000e+06,2.01480170e+00
4.850000e+06,1.95911654e+00
4.855000e+06,1.87754443e+00
4.860000e+06,1.78798179e+00
4.870000e+06,1.62053805e+00
4.880000e+06,1.48581461e+00
4.890000e+06,1.38199588e+00
4.900000e+06,1.30103149e+00
4.910000e+06,1.23669659e+00
4.920000e+06,1.18437242e+00
4.930000e+06,1.14124586e+00
4.940000e+06,1.10525192e+00
4.950000e+06,1.07547284e+00
4.960000e+06,1.05121033e+00
4.970000e+06,1.03299308e+00
4.980000e+06,1.02133985e+00
4.990000e+06,1.01815599e+00
5.000000e+06,1.02567605e+00
5.010000e+06,1.04736167e+00
5.020000e+06,1.08715318e+00
5.030000e+06,1.14874160e+00
5.040000e+06,1.23364323e+00
5.050000e+06,1.33825684e+00
5.060000e+06,1.44839698e+00
5.070000e+06,1.55120499e+00
5.080000e+06,1.63761295e+00
5.090000e+06,1.71352647e+00
5.100000e+06,1.80878288e+00
5.102000e+06,1.83559724e+00
5.104000e+06,1.86691065e+00
5.106000e+06,1.90397006e+00
5.108000e+06,1.94839154e+00
5.110000e+06,2.00198068e+00
5.112000e+06,2.06695210e+00
5.114000e+06,2.14627855e+00
5.115000e+06,2.19241600e+00
5.116000e+06,2.24336175e+00
5.117000e+06,2.29954473e+00
5.118000e+06,2.36150365e+00
5.119000e+06,2.42954774e+00
5.120000e+06,2.50410596e+00
5.121000e+06,2.58509851e+00
5.122000e+06,2.67250544e+00
5.123000e+06,2.76591773e+00
5.124000e+06,2.86417822e+00
5.125000e+06,2.96561098e+00
5.126000e+06,3.06788170e+00
5.127000e+06,3.16750886e+00
5.128000e+06,3.26056203e+00
5.129000e+06,3.34198353e+00
5.130000e+06,3.40697506e+00
5.131000e+06,3.45086798e+00
5.132000e+06,3.47005110e+00
5.133000e+06,3.46247938e+00
5.134000e+06,3.42855187e+00
5.135000e+06,3.37035348e+00
5.136000e+06,3.29148544e+00
5.137000e+06,3.19688572e+00
5.138000e+06,3.09165190e+00
5.139000e+06,2.98043266e+00
5.140000e+06,2.86736792e+00
5.142000e+06,2.64820147e+00
5.144000e+06,2.45012366e+00
5.146000e+06,2.27901016e+00
5.148000e+06,2.13437217e+00
5.150000e+06,2.01350628e+00
5.155000e+06,1.79101745e+00
5.160000e+06,1.64518190e+00
5.165000e+06,1.54446644e+00
5.170000e+06,1.47131385e+00
5.180000e+06,1.37123605e+00
5.190000e+06,1.30396832e+00
5.200000e+06,1.25388873e+00
5.210000e+06,1.21394373e+00
5.220000e+06,1.18051287e+00
5.230000e+06,1.15151121e+00
5.240000e+06,1.12599108e+00
5.250000e+06,1.10286511e+00
5.260000e+06,1.08205350e+00
5.270000e+06,1.06300760e+00
5.280000e+06,1.04557776e+00
5.288920e+06,1.03212144e+00
5.290000e+06,1.03049221e+00
5.300000e+06,1.02202062e+00
5.310000e+06,1.14824089e+00
5.320000e+06,9.48723633e-01
5.330000e+06,9.89097020e-01
5.340000e+06,1.65493981e+00
5.350000e+06,1.30136882e+00
5.355000e+06,1.09099015e+00
5.360000e+06,1.01971264e+00
5.365000e+06,9.82177940e-01
5.366000e+06,9.76547429e-01
5.367000e+06,9.71532418e-01
5.368000e+06,9.67428189e-01
5.369000e+06,9.64817323e-01
5.370000e+06,9.65180212e-01
5.371000e+06,9.71658206e-01
5.372000e+06,9.90409304e-01
5.373000e+06,1.02878759e+00
5.374000e+06,1.07855613e+00
5.375000e+06,1.10424334e+00
5.380000e+06,1.02069572e+00
5.383460e+06,9.95444473e-01
5.385000e+06,9.84207226e-01
5.387790e+06,9.74631589e-01
5.390000e+06,9.67046709e-01
5.395000e+06,9.56205951e-01
5.400000e+06,9.48378853e-01
5.410000e+06,9.37568460e-01
5.420000e+06,9.30791243e-01
5.430000e+06,9.27055616e-01
5.440000e+06,9.26146105e-01
5.450000e+06,9.28190400e-01
5.460000e+06,9.33514704e-01
5.470000e+06,9.42631769e-01
5.480000e+06,9.56149116e-01
5.490000e+06,9.74889739e-01
5.500000e+06,9.99755442e-01
5.510000e+06,1.03170382e+00
5.520000e+06,1.07196295e+00
5.524440e+06,1.09394831e+00
5.530000e+06,1.12148005e+00
5.540000e+06,1.18097326e+00
5.549280e+06,1.24544966e+00
5.550000e+06,1.25045263e+00
5.560000e+06,1.32924555e+00
5.570000e+06,1.41507134e+00
5.580000e+06,1.50453826e+00
5.590000e+06,1.59223949e+00
5.600000e+06,1.67216964e+00
5.605000e+06,1.70743245e+00
5.610000e+06,1.73850546e+00
5.615000e+06,1.76531885e+00
5.620000e+06,1.78714438e+00
5.625000e+06,1.80399205e+00
5.630000e+06,1.81587181e+00
5.635000e+06,1.82268392e+00
5.635450e+06,1.82290427e+00
5.639500e+06,1.82488783e+00
5.639540e+06,1.82488782e+00
5.639600e+06,1.82489779e+00
5.640000e+06,1.82494760e+00
5.645000e+06,1.82289186e+00
5.650000e+06,1.81705532e+00
5.655000e+06,1.80801658e+00
5.660000e+06,1.79629438e+00
5.662000e+06,1.79097703e+00
5.665000e+06,1.78274663e+00
5.668000e+06,1.77403739e+00
5.670000e+06,1.76823123e+00
5.672000e+06,1.76231534e+00
5.675000e+06,1.75400513e+00
5.676000e+06,1.75115193e+00
5.678000e+06,1.74616378e+00
5.679170e+06,1.74330407e+00
5.680000e+06,1.74127556e+00
5.685000e+06,1.72567388e+00
5.690000e+06,1.69357239e+00
5.695000e+06,1.65662271e+00
5.699230e+06,1.63157471e+00
5.700000e+06,1.62701516e+00
5.705000e+06,1.60176694e+00
5.710000e+06,1.57829439e+00
5.715000e+06,1.55569970e+00
5.720000e+06,1.53367363e+00
5.725000e+06,1.51222615e+00
5.730000e+06,1.49147697e+00
5.735000e+06,1.47107694e+00
5.740000e+06,1.45141511e+00
5.745000e+06,1.43217226e+00
5.750000e+06,1.41364766e+00
5.755000e+06,1.39563182e+00
5.760000e+06,1.37821453e+00
5.765000e+06,1.36131596e+00
5.770000e+06,1.34501595e+00
5.775000e+06,1.32933442e+00
5.780000e+06,1.31415168e+00
5.785000e+06,1.29957746e+00
5.790000e+06,1.28542221e+00
5.795000e+06,1.27177573e+00
5.800000e+06,1.25873777e+00
5.805000e+06,1.24611732e+00
5.810000e+06,1.23411537e+00
5.815000e+06,1.22264213e+00
5.820000e+06,1.21158787e+00
5.825000e+06,1.20117205e+00
5.830000e+06,1.19128494e+00
5.835000e+06,1.18194650e+00
5.840000e+06,1.17347595e+00
5.840150e+06,1.17324457e+00
5.845000e+06,1.16576475e+00
5.850000e+06,1.15885165e+00
5.855000e+06,1.15313563e+00
5.860000e+06,1.14877630e+00
5.865000e+06,1.14620263e+00
5.870000e+06,1.14589344e+00
5.875000e+06,1.14872659e+00
5.880000e+06,1.15595903e+00
5.885000e+06,1.16940633e+00
5.890000e+06,1.19243031e+00
5.895000e+06,1.23012853e+00
5.900000e+06,1.29202781e+00
5.905000e+06,1.39416904e+00
5.908000e+06,1.48391046e+00
5.910000e+06,1.56549175e+00
5.912000e+06,1.66305412e+00
5.915000e+06,1.84557952e+00
5.916000e+06,1.91709532e+00
5.917000e+06,1.99321990e+00
5.918000e+06,2.07282599e+00
5.919000e+06,2.15464669e+00
5.920000e+06,2.23624793e+00
5.921000e+06,2.31489635e+00
5.922000e+06,2.38700072e+00
5.923000e+06,2.44876029e+00
5.924000e+06,2.49632443e+00
5.925000e+06,2.52643110e+00
5.926000e+06,2.53673601e+00
5.927000e+06,2.52616178e+00
5.928000e+06,2.49589551e+00
5.929000e+06,2.44777274e+00
5.930000e+06,2.38516526e+00
5.935000e+06,1.97984263e+00
5.940000e+06,1.62569535e+00
5.945000e+06,1.38573990e+00
5.950000e+06,1.22633823e+00
5.955000e+06,1.11455057e+00
5.960000e+06,1.02919853e+00
5.965000e+06,9.57795499e-01
5.970000e+06,8.92790885e-01
5.975000e+06,8.30879736e-01
5.980000e+06,7.78778691e-01
5.982000e+06,7.68226412e-01
5.984000e+06,7.72706515e-01
5.985000e+06,7.84207507e-01
5.986000e+06,8.04936022e-01
5.988000e+06,8.84160055e-01
5.990000e+06,1.03003673e+00
5.992000e+06,1.24022474e+00
5.994000e+06,1.46337119e+00
5.995000e+06,1.55516759e+00
5.996000e+06,1.62423935e+00
5.997000e+06,1.66893049e+00
5.998000e+06,1.69117631e+00
5.999000e+06,1.69531623e+00
6.000000e+06,1.68609869e+00
6.001000e+06,1.66787305e+00
6.002000e+06,1.64397124e+00
6.003000e+06,1.61716650e+00
6.004000e+06,1.58922452e+00
6.006000e+06,1.53371965e+00
6.008000e+06,1.48246443e+00
6.010000e+06,1.43680558e+00
6.012000e+06,1.39682290e+00
6.014000e+06,1.36180812e+00
6.015000e+06,1.34598662e+00
6.016000e+06,1.33116269e+00
6.018000e+06,1.30418832e+00
6.020000e+06,1.28050594e+00
6.025000e+06,1.23191412e+00
6.030000e+06,1.19468462e+00
6.035000e+06,1.16556536e+00
6.036100e+06,1.16053518e+00
6.040000e+06,1.14270113e+00
6.045000e+06,1.12465524e+00
6.048000e+06,1.11600639e+00
6.050000e+06,1.11104853e+00
6.052000e+06,1.10687875e+00
6.054000e+06,1.10381626e+00
6.055000e+06,1.10252943e+00
6.056000e+06,1.10156181e+00
6.057000e+06,1.10089347e+00
6.058000e+06,1.10052440e+00
6.059000e+06,1.10054438e+00
6.060000e+06,1.10087361e+00
6.061000e+06,1.10171160e+00
6.062000e+06,1.10323791e+00
6.063000e+06,1.10528296e+00
6.064000e+06,1.10811608e+00
6.065000e+06,1.11185700e+00
6.066000e+06,1.11688478e+00
6.067000e+06,1.12304979e+00
6.068000e+06,1.13139948e+00
6.070000e+06,1.15521154e+00
6.070380e+06,1.16178474e+00
6.071000e+06,1.17250944e+00
6.072000e+06,1.19484506e+00
6.073000e+06,1.22406392e+00
6.074000e+06,1.26256019e+00
6.074240e+06,1.27465314e+00
6.075000e+06,1.31294749e+00
6.076000e+06,1.37786939e+00
6.077000e+06,1.45693683e+00
6.078000e+06,1.54106196e+00
6.079000e+06,1.60433787e+00
6.080000e+06,1.61046299e+00
6.082000e+06,1.43923019e+00
6.084000e+06,1.24189099e+00
6.085000e+06,1.17382683e+00
6.086000e+06,1.12651213e+00
6.088000e+06,1.06573028e+00
6.090000e+06,1.03184292e+00
6.092000e+06,1.01155244e+00
6.094000e+06,9.98267887e-01
6.096000e+06,9.88966636e-01
6.098000e+06,9.82072520e-01
6.100000e+06,9.76644832e-01
6.102000e+06,9.72182689e-01
6.104000e+06,9.68393905e-01
6.106000e+06,9.65075974e-01
6.108000e+06,9.62087241e-01
6.110000e+06,9.59387804e-01
6.115000e+06,9.53428288e-01
6.120000e+06,9.48269821e-01
6.125000e+06,9.43686951e-01
6.130000e+06,9.39577928e-01
6.140000e+06,9.32486138e-01
6.150000e+06,9.26724108e-01
6.160000e+06,9.22119259e-01
6.170000e+06,9.18524949e-01
6.175000e+06,9.17060539e-01
6.180000e+06,9.15775692e-01
6.190000e+06,9.13643930e-01
6.200000e+06,9.11909201e-01
6.210000e+06,9.10361276e-01
6.218310e+06,9.09087384e-01
6.220000e+06,9.08828341e-01
6.225000e+06,9.08069420e-01
6.230000e+06,9.07278578e-01
6.240000e+06,9.05711857e-01
6.250000e+06,9.04268834e-01
6.260000e+06,8.97789081e-01
6.270000e+06,8.95057198e-01
6.271000e+06,8.94929555e-01
6.272170e+06,8.94794937e-01
6.272200e+06,8.94790948e-01
6.272300e+06,8.94787960e-01
6.275000e+06,8.94687330e-01
6.280000e+06,8.95087586e-01
6.290000e+06,8.96470679e-01
6.292460e+06,8.96842577e-01
6.300000e+06,8.97982599e-01
6.302000e+06,8.98537324e-01
6.304000e+06,8.99266624e-01
6.306000e+06,8.99958017e-01
6.308000e+06,9.00629458e-01
6.310000e+06,9.01355766e-01
6.312000e+06,9.02365383e-01
6.314000e+06,9.03852837e-01
6.316000e+06,9.05767250e-01
6.318000e+06,9.08060740e-01
6.320000e+06,9.10675448e-01
6.322000e+06,9.13611373e-01
6.324000e+06,9.16918394e-01
6.325000e+06,9.18738998e-01
6.326000e+06,9.20646390e-01
6.328000e+06,9.24643730e-01
6.330000e+06,9.28766763e-01
6.332000e+06,9.32905758e-01
6.334000e+06,9.37138524e-01
6.336000e+06,9.41524916e-01
6.338000e+06,9.46086880e-01
6.340000e+06,9.50667798e-01
6.342000e+06,9.55435262e-01
6.344000e+06,9.60660610e-01
6.346000e+06,9.66471532e-01
6.348000e+06,9.72933867e-01
6.350000e+06,9.79962822e-01
6.352000e+06,9.87933483e-01
6.354000e+06,9.97210961e-01
6.356000e+06,1.00773839e+00
6.358000e+06,1.01931028e+00
6.360000e+06,1.03170018e+00
6.362000e+06,1.04503777e+00
6.364000e+06,1.05984178e+00
6.366000e+06,1.07628181e+00
6.368000e+06,1.09406856e+00
6.370000e+06,1.11273317e+00
6.372000e+06,1.13169705e+00
6.374000e+06,1.15129938e+00
6.375000e+06,1.16168412e+00
6.376000e+06,1.17257763e+00
6.378000e+06,1.19646950e+00
6.380000e+06,1.22400251e+00
6.382000e+06,1.25510682e+00
6.384000e+06,1.28740822e+00
6.385000e+06,1.30293044e+00
6.386000e+06,1.31825316e+00
6.388000e+06,1.34933751e+00
6.390000e+06,1.38082090e+00
6.392000e+06,1.40848359e+00
6.394000e+06,1.42987157e+00
6.395000e+06,1.43907918e+00
6.396000e+06,1.44669068e+00
6.398000e+06,1.45595818e+00
6.400000e+06,1.46063686e+00
6.402000e+06,1.46198346e+00
6.404000e+06,1.45424221e+00
6.405000e+06,1.44473531e+00
6.406000e+06,1.43113837e+00
6.408000e+06,1.39595396e+00
6.410000e+06,1.35233011e+00
6.412000e+06,1.30641185e+00
6.414000e+06,1.26229919e+00
6.415000e+06,1.24086135e+00
6.416000e+06,1.21965296e+00
6.418000e+06,1.17950065e+00
6.420000e+06,1.14264033e+00
6.422000e+06,1.10786492e+00
6.424000e+06,1.07440631e+00
6.425000e+06,1.05811593e+00
6.426000e+06,1.04212483e+00
6.428000e+06,1.01104043e+00
6.430000e+06,9.81069325e-01
6.430890e+06,9.68403128e-01
6.430900e+06,9.68195633e-01
6.431000e+06,9.66662861e-01
6.432000e+06,9.52565643e-01
6.434000e+06,9.25908463e-01
6.436000e+06,9.00228902e-01
6.438000e+06,8.75635694e-01
6.440000e+06,8.52528866e-01
6.442000e+06,8.31887033e-01
6.444000e+06,8.14117204e-01
6.446000e+06,7.98572953e-01
6.448000e+06,7.84624815e-01
6.450000e+06,7.71753055e-01
6.451000e+06,7.65891276e-01
6.452000e+06,7.60867457e-01
6.452100e+06,7.60159176e-01
6.452150e+06,7.59988589e-01
6.452200e+06,7.59727721e-01
6.452300e+06,7.59305245e-01
6.454000e+06,7.51178942e-01
6.456000e+06,7.41699918e-01
6.458000e+06,7.32509191e-01
6.460000e+06,7.23678587e-01
6.462000e+06,7.15466476e-01
6.464000e+06,7.07952664e-01
6.466000e+06,7.01012455e-01
6.468000e+06,6.94499206e-01
6.470000e+06,6.88295204e-01
6.472000e+06,6.82312662e-01
6.474000e+06,6.76503697e-01
6.475000e+06,6.73657573e-01
6.476000e+06,6.70836388e-01
6.478000e+06,6.65244893e-01
6.480000e+06,6.59681331e-01
6.482000e+06,6.54289350e-01
6.484000e+06,6.49182675e-01
6.486000e+06,6.44297460e-01
6.488000e+06,6.39568864e-01
6.490000e+06,6.34932044e-01
6.492000e+06,6.30623425e-01
6.494000e+06,6.27072959e-01
6.496000e+06,6.24587897e-01
6.498000e+06,6.23462524e-01
6.500000e+06,6.23990124e-01
6.502000e+06,6.25796582e-01
6.504000e+06,6.28206570e-01
6.506000e+06,6.31177192e-01
6.508000e+06,6.34620662e-01
6.510000e+06,6.38475132e-01
6.512000e+06,6.42506171e-01
6.514000e+06,6.46619011e-01
6.516000e+06,6.50881486e-01
6.516460e+06,6.51857077e-01
6.516500e+06,6.51972793e-01
6.516600e+06,6.52199733e-01
6.518000e+06,6.55367417e-01
6.520000e+06,6.60197510e-01
6.522000e+06,6.65297944e-01
6.524000e+06,6.70508111e-01
6.525000e+06,6.73137635e-01
6.526000e+06,6.75811052e-01
6.528000e+06,6.81224723e-01
6.530000e+06,6.86760098e-01
6.532000e+06,6.92425157e-01
6.534000e+06,6.98226883e-01
6.536000e+06,7.04155300e-01
6.538000e+06,7.10246322e-01
6.540000e+06,7.16498949e-01
6.542000e+06,7.22880263e-01
6.544000e+06,7.29380288e-01
6.545570e+06,7.34557201e-01
6.546000e+06,7.35975216e-01
6.548000e+06,7.42664402e-01
6.550000e+06,7.49465317e-01
6.552000e+06,7.56346037e-01
6.554000e+06,7.63343473e-01
6.556000e+06,7.70416724e-01
6.558000e+06,7.77573771e-01
6.560000e+06,7.84781694e-01
6.562000e+06,7.92009569e-01
6.564000e+06,7.99265375e-01
6.566000e+06,8.06546121e-01
6.568000e+06,8.13860784e-01
6.570000e+06,8.21227321e-01
6.572000e+06,8.28663688e-01
6.574000e+06,8.36166891e-01
6.575000e+06,8.39953907e-01
6.576000e+06,8.43766860e-01
6.578000e+06,8.51457607e-01
6.580000e+06,8.59273050e-01
6.582000e+06,8.67195233e-01
6.584000e+06,8.75142356e-01
6.586000e+06,8.83016655e-01
6.588000e+06,8.90707402e-01
6.590000e+06,8.98094888e-01
6.592000e+06,9.05089331e-01
6.594000e+06,9.11552070e-01
6.596000e+06,9.17393322e-01
6.598000e+06,9.22473428e-01
6.600000e+06,9.26691634e-01
6.602000e+06,9.30338473e-01
6.604000e+06,9.33762853e-01
6.606000e+06,9.37024630e-01
6.608000e+06,9.40114824e-01
6.610000e+06,9.43083315e-01
6.612000e+06,9.45929105e-01
6.614000e+06,9.48683119e-01
6.616000e+06,9.51385259e-01
6.618000e+06,9.54036522e-01
6.620000e+06,9.56674818e-01
6.622000e+06,9.59322091e-01
6.624000e+06,9.61938440e-01
6.625000e+06,9.63251103e-01
6.626000e+06,9.64548803e-01
6.628000e+06,9.67109288e-01
6.630000e+06,9.69636853e-01
6.632000e+06,9.72101571e-01
6.634000e+06,9.74492469e-01
6.636000e+06,9.76791591e-01
6.638000e+06,9.78987963e-01
6.640000e+06,9.81073604e-01
6.642000e+06,9.82509828e-01
6.644000e+06,9.83077168e-01
6.646000e+06,9.83265431e-01
6.648000e+06,9.83572406e-01
6.650000e+06,9.84499868e-01
6.652000e+06,9.86394974e-01
6.654000e+06,9.89818357e-01
6.655000e+06,9.92318129e-01
6.656000e+06,9.95337635e-01
6.658000e+06,1.00240913e+00
6.660000e+06,1.01018990e+00
6.662000e+06,1.01811033e+00
6.664000e+06,1.02689864e+00
6.665000e+06,1.03200606e+00
6.666000e+06,1.03792151e+00
6.668000e+06,1.05171763e+00
6.668610e+06,1.05604715e+00
6.668620e+06,1.05611813e+00
6.670000e+06,1.06591278e+00
6.672000e+06,1.07974881e+00
6.674000e+06,1.09175928e+00
6.675000e+06,1.09585916e+00
6.676000e+06,1.09426291e+00
6.678000e+06,1.07351319e+00
6.680000e+06,1.05414011e+00
6.682000e+06,1.04486244e+00
6.684000e+06,1.03634292e+00
6.685000e+06,1.03278147e+00
6.686000e+06,1.02952925e+00
6.688000e+06,1.02321437e+00
6.690000e+06,1.01739826e+00
6.692000e+06,1.01218070e+00
6.694000e+06,1.00749186e+00
6.695000e+06,1.00532699e+00
6.696000e+06,1.00343148e+00
6.698000e+06,1.00060310e+00
6.700000e+06,9.98733383e-01
6.707220e+06,9.95759891e-01
6.707230e+06,9.95755774e-01
6.710000e+06,9.94615526e-01
6.720000e+06,9.98972467e-01
6.725000e+06,1.00457809e+00
6.730000e+06,1.01208009e+00
6.734200e+06,1.02073225e+00
6.740000e+06,1.03268049e+00
6.750000e+06,1.05854808e+00
6.760000e+06,1.08969282e+00
6.763300e+06,1.10240994e+00
6.770000e+06,1.12823248e+00
6.775000e+06,1.15020146e+00
6.780000e+06,1.17455463e+00
6.790000e+06,1.24522747e+00
6.795000e+06,1.29956759e+00
6.800000e+06,1.36018243e+00
6.805000e+06,1.42972328e+00
6.810000e+06,1.50425199e+00
6.820000e+06,1.56522396e+00
6.825000e+06,1.46369154e+00
6.830000e+06,1.34853230e+00
6.840000e+06,1.14086865e+00
6.850000e+06,1.00369330e+00
6.860000e+06,9.44864102e-01
6.875000e+06,8.95214791e-01
6.880000e+06,8.84375444e-01
6.900000e+06,8.58204192e-01
6.920000e+06,8.41569235e-01
6.925000e+06,8.40395225e-01
6.940000e+06,8.38885294e-01
6.950000e+06,8.40153466e-01
6.960000e+06,8.44922111e-01
6.975000e+06,8.60889763e-01
6.980000e+06,8.69426152e-01
7.000000e+06,9.10880903e-01
7.020000e+06,9.56599590e-01
7.025000e+06,9.66807987e-01
7.030000e+06,9.77334608e-01
7.035000e+06,9.88449796e-01
7.040000e+06,9.99285664e-01
7.045000e+06,1.00914790e+00
7.050000e+06,1.01729831e+00
7.055000e+06,1.02461077e+00
7.060000e+06,1.02874097e+00
7.065000e+06,1.02830230e+00
7.070000e+06,1.02319500e+00
7.075000e+06,1.01839696e+00
7.080000e+06,1.01366874e+00
7.090000e+06,1.00841207e+00
7.100000e+06,1.00495103e+00
7.120000e+06,1.01304227e+00
7.125000e+06,1.01761138e+00
7.140000e+06,1.02962284e+00
7.150000e+06,1.04846741e+00
7.160000e+06,1.07741737e+00
7.170000e+06,1.14400564e+00
7.175000e+06,1.19768512e+00
7.180000e+06,1.27798974e+00
7.190000e+06,1.50554591e+00
7.200000e+06,1.75460969e+00
7.210000e+06,1.68692469e+00
7.220000e+06,1.56747579e+00
7.225000e+06,1.51682923e+00
7.230000e+06,1.46868657e+00
7.240000e+06,1.37977328e+00
7.250000e+06,1.31547005e+00
7.260000e+06,1.29203726e+00
7.266030e+06,1.28603002e+00
7.275000e+06,1.27709435e+00
7.280000e+06,1.27246596e+00
7.300000e+06,1.27844275e+00
7.320000e+06,1.33617340e+00
7.325000e+06,1.36957237e+00
7.330000e+06,1.37690482e+00
7.335000e+06,1.36747811e+00
7.340000e+06,1.35259468e+00
7.345000e+06,1.33701296e+00
7.350000e+06,1.32090252e+00
7.353000e+06,1.31042823e+00
7.353300e+06,1.30931596e+00
7.353400e+06,1.30893689e+00
7.355000e+06,1.30296653e+00
7.360000e+06,1.28138941e+00
7.365000e+06,1.23712755e+00
7.370000e+06,1.17577731e+00
7.375000e+06,1.23661943e+00
7.380000e+06,1.30103284e+00
7.385000e+06,1.29201513e+00
7.390000e+06,1.28294753e+00
7.400000e+06,1.26428364e+00
7.420000e+06,1.23106509e+00
7.425000e+06,1.22410219e+00
7.440000e+06,1.20288427e+00
7.450000e+06,1.18897842e+00
7.460000e+06,1.17491295e+00
7.475000e+06,1.15390452e+00
7.480000e+06,1.14690171e+00
7.500000e+06,1.12009754e+00
7.515730e+06,1.12939534e+00
7.520000e+06,1.13191951e+00
7.525000e+06,1.13010434e+00
7.540000e+06,1.12389068e+00
7.550000e+06,1.11974159e+00
7.560000e+06,1.11989203e+00
7.565600e+06,1.12001219e+00
7.565650e+06,1.11996231e+00
7.565800e+06,1.11997230e+00
7.568000e+06,1.12001238e+00
7.575000e+06,1.11861634e+00
7.600000e+06,1.11168524e+00
7.613600e+06,1.12081360e+00
7.625000e+06,1.13401195e+00
7.640000e+06,1.15667740e+00
7.650000e+06,1.17272874e+00
7.660000e+06,1.18899955e+00
7.675000e+06,1.21389956e+00
7.680000e+06,1.22201002e+00
7.700000e+06,1.25561904e+00
7.725000e+06,1.30051079e+00
7.740000e+06,1.32688720e+00
7.750000e+06,1.34414560e+00
7.760000e+06,1.36030667e+00
7.775000e+06,1.38226398e+00
7.780000e+06,1.38902777e+00
7.800000e+06,1.41510531e+00
7.820000e+06,1.44132257e+00
7.825000e+06,1.44728832e+00
7.840000e+06,1.46231256e+00
7.850000e+06,1.47132117e+00
7.860000e+06,1.47383561e+00
7.875000e+06,1.44922639e+00
7.880000e+06,1.42974413e+00
7.900000e+06,1.32924006e+00
7.920000e+06,1.22539414e+00
7.925000e+06,1.19693375e+00
7.940000e+06,1.10746253e+00
7.950000e+06,1.04746923e+00
7.960000e+06,9.93868357e-01
7.975000e+06,9.30980385e-01
7.980000e+06,9.13787545e-01
8.000000e+06,8.66983674e-01
8.020000e+06,8.55315098e-01
8.025000e+06,8.56315411e-01
8.040000e+06,8.66004061e-01
8.042690e+06,8.70140486e-01
8.060000e+06,8.96759019e-01
8.075000e+06,9.30918816e-01
8.080000e+06,9.43322604e-01
8.100000e+06,9.97078669e-01
8.125000e+06,1.07766638e+00
8.150000e+06,1.16349731e+00
8.175000e+06,1.23194060e+00
8.200000e+06,1.28408360e+00
8.206560e+06,1.29547812e+00
8.225000e+06,1.32750903e+00
8.240000e+06,1.34790034e+00
8.250000e+06,1.35660977e+00
8.275000e+06,1.36222772e+00
8.280000e+06,1.36152975e+00
8.300000e+06,1.35415901e+00
8.304690e+06,1.35100360e+00
8.304700e+06,1.35099689e+00
8.320000e+06,1.34070327e+00
8.325000e+06,1.33591532e+00
8.340000e+06,1.32029450e+00
8.350000e+06,1.30920228e+00
8.360000e+06,1.29755142e+00
8.364520e+06,1.29158784e+00
8.375000e+06,1.27776077e+00
8.400000e+06,1.24598008e+00
8.424030e+06,1.22352529e+00
8.425000e+06,1.22261901e+00
8.440000e+06,1.20915488e+00
8.450000e+06,1.20008902e+00
8.460000e+06,1.19001561e+00
8.475000e+06,1.17423713e+00
8.488230e+06,1.16023956e+00
8.488240e+06,1.16022898e+00
8.494820e+06,1.15326879e+00
8.500000e+06,1.14778960e+00
8.520000e+06,1.13370342e+00
8.525000e+06,1.13173809e+00
8.540000e+06,1.12787713e+00
8.550000e+06,1.12741801e+00
8.560000e+06,1.12842531e+00
8.565810e+06,1.13051942e+00
8.575000e+06,1.13383179e+00
8.580320e+06,1.13887975e+00
8.600000e+06,1.15755358e+00
8.620000e+06,1.19054292e+00
8.625000e+06,1.19975042e+00
8.640000e+06,1.22833057e+00
8.650000e+06,1.24835165e+00
8.660000e+06,1.26957979e+00
8.673250e+06,1.29911697e+00
8.675000e+06,1.30301821e+00
8.680000e+06,1.31465008e+00
8.700000e+06,1.36143693e+00
8.720000e+06,1.40260746e+00
8.725000e+06,1.41070793e+00
8.740000e+06,1.42833561e+00
8.745000e+06,1.43201685e+00
8.746120e+06,1.43251296e+00
8.750000e+06,1.43423197e+00
8.760000e+06,1.43449255e+00
8.775000e+06,1.42401988e+00
8.780000e+06,1.41706742e+00
8.800000e+06,1.37833420e+00
8.820000e+06,1.33148076e+00
8.825000e+06,1.32001929e+00
8.840000e+06,1.28623341e+00
8.850000e+06,1.26434793e+00
8.860000e+06,1.24292134e+00
8.875000e+06,1.21024277e+00
8.880000e+06,1.19974894e+00
8.881290e+06,1.19713483e+00
8.900000e+06,1.15922148e+00
8.920000e+06,1.13622142e+00
8.925000e+06,1.13753919e+00
8.940000e+06,1.14477451e+00
8.950000e+06,1.15145020e+00
8.960000e+06,1.18112987e+00
8.975000e+06,1.18865447e+00
8.980000e+06,1.19198734e+00
8.987000e+06,1.19950041e+00
8.998510e+06,1.22115953e+00
9.000000e+06,1.22396342e+00
9.020000e+06,1.25773196e+00
9.025000e+06,1.27531932e+00
9.040000e+06,1.34042134e+00
9.050000e+06,1.36882256e+00
9.060000e+06,1.33728977e+00
9.075000e+06,1.28994570e+00
9.080000e+06,1.27228891e+00
9.100000e+06,1.24508598e+00
9.120000e+06,1.21375311e+00
9.125000e+06,1.20581265e+00
9.136000e+06,1.18874467e+00
9.140000e+06,1.18286914e+00
9.145300e+06,1.17554669e+00
9.150000e+06,1.16905335e+00
9.160000e+06,1.15546718e+00
9.175000e+06,1.13601565e+00
9.180000e+06,1.12994081e+00
9.200000e+06,1.10930255e+00
9.225000e+06,1.09719386e+00
9.248000e+06,1.09196827e+00
9.250000e+06,1.09175892e+00
9.275000e+06,1.09292790e+00
9.300000e+06,1.10342415e+00
9.311100e+06,1.11620323e+00
9.325000e+06,1.13220641e+00
9.340000e+06,1.15269020e+00
9.350000e+06,1.16634602e+00
9.375000e+06,1.19407118e+00
9.400000e+06,1.21217976e+00
9.425000e+06,1.19859555e+00
9.431000e+06,1.19713974e+00
9.431380e+06,1.19717969e+00
9.431400e+06,1.19717969e+00
9.431500e+06,1.19717970e+00
9.450000e+06,1.19891746e+00
9.456840e+06,1.19944701e+00
9.470000e+06,1.20046685e+00
9.475000e+06,1.20084685e+00
9.500000e+06,1.20265705e+00
9.504360e+06,1.20291788e+00
9.508000e+06,1.20313582e+00
9.525000e+06,1.20405390e+00
9.536040e+06,1.20461358e+00
9.550000e+06,1.20532129e+00
9.575000e+06,1.20682809e+00
9.600000e+06,1.20882369e+00
9.625000e+06,1.22032615e+00
9.650000e+06,1.23563931e+00
9.675000e+06,1.25327682e+00
9.676000e+06,1.25405494e+00
9.700000e+06,1.27405667e+00
9.720000e+06,1.28907047e+00
9.725000e+06,1.29222289e+00
9.740000e+06,1.30134096e+00
9.745400e+06,1.30428768e+00
9.750000e+06,1.30679786e+00
9.760000e+06,1.31221485e+00
9.775000e+06,1.31909837e+00
9.780000e+06,1.32104372e+00
9.800000e+06,1.32329861e+00
9.825000e+06,1.31561779e+00
9.850000e+06,1.30563259e+00
9.875000e+06,1.29385176e+00
9.900000e+06,1.28230037e+00
9.925000e+06,1.27604608e+00
9.950000e+06,1.28216165e+00
9.975000e+06,1.29866193e+00
1.000000e+07,1.31552134e+00
1.005000e+07,1.35118701e+00
1.010000e+07,1.38705219e+00
1.012200e+07,1.40078985e+00
1.014000e+07,1.40953803e+00
1.015000e+07,1.41439810e+00
1.018900e+07,1.42778734e+00
1.018950e+07,1.42783725e+00
1.019000e+07,1.42792705e+00
1.020000e+07,1.43028179e+00
1.020200e+07,1.43062106e+00
1.020690e+07,1.43002207e+00
1.024450e+07,1.42542572e+00
1.024500e+07,1.42530604e+00
1.024700e+07,1.42476745e+00
1.025000e+07,1.42378997e+00
1.030000e+07,1.39925210e+00
1.033680e+07,1.37295438e+00
1.035000e+07,1.36352149e+00
1.037200e+07,1.34276308e+00
1.037220e+07,1.34259849e+00
1.040000e+07,1.31829399e+00
1.045000e+07,1.29310767e+00
1.046500e+07,1.28713791e+00
1.046800e+07,1.28608561e+00
1.050000e+07,1.27590191e+00
1.052600e+07,1.26862075e+00
1.052750e+07,1.26816193e+00
1.052800e+07,1.26802229e+00
1.055000e+07,1.26008256e+00
1.056000e+07,1.25484574e+00
1.056020e+07,1.25469611e+00
1.056030e+07,1.25469612e+00
1.056300e+07,1.25314002e+00
1.060000e+07,1.22830209e+00
1.065000e+07,1.21235306e+00
1.066700e+07,1.21072774e+00
1.066710e+07,1.21072775e+00
1.066900e+07,1.21068792e+00
1.068000e+07,1.21153632e+00
1.069000e+07,1.21582630e+00
1.070000e+07,1.22630121e+00
1.071000e+07,1.22828679e+00
1.072000e+07,1.20203117e+00
1.073000e+07,1.14568884e+00
1.074000e+07,1.17042900e+00
1.075000e+07,1.19403193e+00
1.076000e+07,1.21329543e+00
1.077000e+07,1.23082316e+00
1.078000e+07,1.24620611e+00
1.079000e+07,1.25959392e+00
1.080000e+07,1.27255278e+00
1.081000e+07,1.28540190e+00
1.082000e+07,1.29796173e+00
1.083000e+07,1.30971353e+00
1.084000e+07,1.31705607e+00
1.085000e+07,1.32039835e+00
1.086000e+07,1.32059828e+00
1.087000e+07,1.31853374e+00
1.088000e+07,1.31809523e+00
1.089000e+07,1.32030028e+00
1.090000e+07,1.32408149e+00
1.091000e+07,1.32884033e+00
1.092000e+07,1.33447702e+00
1.093000e+07,1.34779500e+00
1.094000e+07,1.37829114e+00
1.095000e+07,1.41964084e+00
1.096000e+07,1.46616793e+00
1.097000e+07,1.49590591e+00
1.098000e+07,1.49980683e+00
1.099000e+07,1.50331870e+00
1.100000e+07,1.50934445e+00
1.100700e+07,1.51789391e+00
1.100900e+07,1.52074704e+00
1.105000e+07,1.58009417e+00
1.110000e+07,1.65628064e+00
1.115000e+07,1.70902423e+00
1.120000e+07,1.70456714e+00
1.122000e+07,1.69422316e+00
1.125000e+07,1.67735549e+00
1.130000e+07,1.64984456e+00
1.135000e+07,1.63158111e+00
1.140000e+07,1.62856053e+00
1.144880e+07,1.66547279e+00
1.145000e+07,1.66638046e+00
1.148360e+07,1.69247918e+00
1.150000e+07,1.70521785e+00
1.152000e+07,1.71857606e+00
1.154000e+07,1.72951018e+00
1.155000e+07,1.73405947e+00
1.160000e+07,1.74473535e+00
1.164300e+07,1.73518024e+00
1.164800e+07,1.73311546e+00
1.165000e+07,1.73227757e+00
1.170000e+07,1.71166965e+00
1.173000e+07,1.70415907e+00
1.175000e+07,1.69915202e+00
1.177870e+07,1.73479128e+00
1.177900e+07,1.73530504e+00
1.179600e+07,1.73961517e+00
1.179700e+07,1.73936083e+00
1.180000e+07,1.73858783e+00
1.185000e+07,1.70498156e+00
1.190000e+07,1.67331057e+00
1.195000e+07,1.66548151e+00
1.197000e+07,1.66837521e+00
1.200000e+07,1.64874415e+00
1.200320e+07,1.64532030e+00
1.205000e+07,1.59524623e+00
1.206550e+07,1.57925562e+00
1.209930e+07,1.54438579e+00
1.210000e+07,1.54366363e+00
1.211000e+07,1.53367828e+00
1.215000e+07,1.49658996e+00
1.216100e+07,1.48717326e+00
1.220000e+07,1.47639082e+00
1.224120e+07,1.49126559e+00
1.224670e+07,1.49325130e+00
1.224700e+07,1.49337102e+00
1.224800e+07,1.49373018e+00
1.225000e+07,1.49442855e+00
1.230000e+07,1.51197750e+00
1.233170e+07,1.52007884e+00
1.233200e+07,1.52012873e+00
1.233300e+07,1.52030833e+00
1.235000e+07,1.52283276e+00
1.236300e+07,1.52426970e+00
1.237000e+07,1.52489841e+00
1.240000e+07,1.52746318e+00
1.245000e+07,1.53234299e+00
1.250000e+07,1.53739239e+00
1.255000e+07,1.54164367e+00
1.258000e+07,1.54281181e+00
1.260000e+07,1.54247328e+00
1.262000e+07,1.54105739e+00
1.265000e+07,1.53822527e+00
1.270000e+07,1.53704976e+00
1.275000e+07,1.55704269e+00
1.280000e+07,1.59940115e+00
1.280900e+07,1.60740195e+00
1.281300e+07,1.61092350e+00
1.285000e+07,1.64165984e+00
1.287000e+07,1.65020101e+00
1.289240e+07,1.65976708e+00
1.290000e+07,1.65896926e+00
1.295000e+07,1.62963228e+00
1.300000e+07,1.58382541e+00
1.305000e+07,1.55729153e+00
1.310000e+07,1.56217112e+00
1.315000e+07,1.57660744e+00
1.320000e+07,1.57952182e+00
1.322470e+07,1.57658970e+00
1.322500e+07,1.57655978e+00
1.322700e+07,1.57636032e+00
1.325000e+07,1.57427608e+00
1.330000e+07,1.57156417e+00
1.331000e+07,1.57250661e+00
1.331800e+07,1.57326058e+00
1.332000e+07,1.57355991e+00
1.332040e+07,1.57361978e+00
1.335000e+07,1.57854868e+00
1.340000e+07,1.58726898e+00
1.345000e+07,1.59864281e+00
1.350000e+07,1.60991689e+00
1.355000e+07,1.61287119e+00
1.360000e+07,1.61554617e+00
1.360200e+07,1.61552628e+00
1.360300e+07,1.61554626e+00
1.360320e+07,1.61554627e+00
1.361000e+07,1.61571606e+00
1.362000e+07,1.61657427e+00
1.363000e+07,1.61834027e+00
1.364000e+07,1.62101405e+00
1.365000e+07,1.62389733e+00
1.366000e+07,1.62683049e+00
1.367000e+07,1.62977362e+00
1.367440e+07,1.63104565e+00
1.368000e+07,1.63265689e+00
1.369000e+07,1.63549029e+00
1.370000e+07,1.63826383e+00
1.371000e+07,1.64098750e+00
1.372000e+07,1.64363136e+00
1.373000e+07,1.64619541e+00
1.374000e+07,1.64688403e+00
1.375000e+07,1.64215585e+00
1.376000e+07,1.63501355e+00
1.377000e+07,1.63080410e+00
1.378000e+07,1.63254017e+00
1.378500e+07,1.63477488e+00
1.378670e+07,1.63565279e+00
1.378700e+07,1.63583236e+00
1.379000e+07,1.63743854e+00
1.380000e+07,1.64268606e+00
1.381000e+07,1.64548953e+00
1.382000e+07,1.64353459e+00
1.383000e+07,1.63980398e+00
1.384000e+07,1.63582397e+00
1.384850e+07,1.63277166e+00
1.385000e+07,1.63223302e+00
1.386000e+07,1.62932040e+00
1.387000e+07,1.62646763e+00
1.388000e+07,1.62362484e+00
1.389000e+07,1.62080201e+00
1.390000e+07,1.61799912e+00
1.395000e+07,1.60434381e+00
1.396990e+07,1.59912134e+00
1.397900e+07,1.59673317e+00
1.400000e+07,1.59236440e+00
1.405000e+07,1.58889443e+00
1.409140e+07,1.59254661e+00
1.409150e+07,1.59255543e+00
1.410000e+07,1.59330526e+00
1.411000e+07,1.59456648e+00
1.415000e+07,1.59961132e+00
1.420000e+07,1.60617674e+00
1.425000e+07,1.61297159e+00
1.429800e+07,1.61952698e+00
1.430000e+07,1.61980635e+00
1.435000e+07,1.62709002e+00
1.440000e+07,1.63514181e+00
1.445000e+07,1.64542816e+00
1.446900e+07,1.65039839e+00
1.448600e+07,1.65484539e+00
1.450000e+07,1.65850767e+00
1.455000e+07,1.67294391e+00
1.459870e+07,1.68752950e+00
1.460000e+07,1.68791885e+00
1.461700e+07,1.69315657e+00
1.463740e+07,1.69949044e+00
1.465000e+07,1.70340252e+00
1.470000e+07,1.71873651e+00
1.475000e+07,1.73277366e+00
1.480000e+07,1.74618234e+00
1.485000e+07,1.75978055e+00
1.490000e+07,1.76170720e+00
1.493600e+07,1.76321436e+00
1.495000e+07,1.76378329e+00
1.500000e+07,1.76574965e+00
1.502000e+07,1.76383482e+00
1.504000e+07,1.75686230e+00
1.505000e+07,1.75213407e+00
1.510000e+07,1.72109095e+00
1.515000e+07,1.68467092e+00
1.520000e+07,1.64847035e+00
1.521110e+07,1.64246462e+00
1.525000e+07,1.62141745e+00
1.525500e+07,1.61931270e+00
1.530000e+07,1.60437017e+00
1.534720e+07,1.58851990e+00
1.535000e+07,1.58757227e+00
1.539210e+07,1.58090950e+00
1.540000e+07,1.58152818e+00
1.545000e+07,1.59080677e+00
1.550000e+07,1.60139217e+00
1.555000e+07,1.61041131e+00
1.557400e+07,1.61472135e+00
1.560000e+07,1.61914117e+00
1.565000e+07,1.62477855e+00
1.568060e+07,1.62579879e+00
1.570000e+07,1.62644559e+00
1.575000e+07,1.62457106e+00
1.580000e+07,1.61756901e+00
1.580750e+07,1.61596506e+00
1.585000e+07,1.60687592e+00
1.589300e+07,1.59688101e+00
1.590000e+07,1.59507552e+00
1.593690e+07,1.57910047e+00
1.595000e+07,1.57342910e+00
1.600000e+07,1.55281016e+00
1.610000e+07,1.54755522e+00
1.613000e+07,1.55022939e+00
1.616100e+07,1.55352207e+00
1.618240e+07,1.55677402e+00
1.620000e+07,1.55944850e+00
1.620500e+07,1.56040628e+00
1.621200e+07,1.56184293e+00
1.630000e+07,1.58205561e+00
1.640000e+07,1.58843226e+00
1.640410e+07,1.58808469e+00
1.641000e+07,1.58758454e+00
1.643920e+07,1.58164282e+00
1.649970e+07,1.56933206e+00
1.650000e+07,1.56927102e+00
1.653100e+07,1.55889691e+00
1.660000e+07,1.54364546e+00
1.660950e+07,1.54226202e+00
1.661500e+07,1.54146108e+00
1.665160e+07,1.53853892e+00
1.670000e+07,1.54005618e+00
1.676580e+07,1.55002165e+00
1.680000e+07,1.55520123e+00
1.682000e+07,1.55905222e+00
1.683520e+07,1.56237321e+00
1.683530e+07,1.56239506e+00
1.685000e+07,1.56560681e+00
1.690000e+07,1.57870584e+00
1.700000e+07,1.60702873e+00
1.702500e+07,1.61511953e+00
1.710000e+07,1.64005034e+00
1.715360e+07,1.65102846e+00
1.716800e+07,1.65397779e+00
1.716900e+07,1.65414740e+00
1.720000e+07,1.65876675e+00
1.723000e+07,1.66144082e+00
1.725020e+07,1.66246871e+00
1.729000e+07,1.66300365e+00
1.730000e+07,1.66313804e+00
1.740000e+07,1.65953859e+00
1.743500e+07,1.65701536e+00
1.748700e+07,1.65305593e+00
1.748800e+07,1.65297614e+00
1.750000e+07,1.65200871e+00
1.760000e+07,1.64463828e+00
1.764000e+07,1.64241434e+00
1.770000e+07,1.63991140e+00
1.779020e+07,1.63662855e+00
1.780000e+07,1.63627187e+00
1.780600e+07,1.63603254e+00
1.780700e+07,1.63599265e+00
1.784500e+07,1.63389832e+00
1.785000e+07,1.63357917e+00
1.785070e+07,1.63352930e+00
1.790000e+07,1.62978915e+00
1.800000e+07,1.62067284e+00
1.805000e+07,1.61314232e+00
1.808000e+07,1.60878561e+00
1.810000e+07,1.60588113e+00
1.812500e+07,1.60298874e+00
1.813380e+07,1.60206119e+00
1.820000e+07,1.59574805e+00
1.825500e+07,1.59175899e+00
1.828900e+07,1.58969977e+00
1.830000e+07,1.58915634e+00
1.840000e+07,1.58791160e+00
1.844400e+07,1.58995760e+00
1.846000e+07,1.59129470e+00
1.850000e+07,1.59541555e+00
1.857180e+07,1.60502362e+00
1.860000e+07,1.61008188e+00
1.866500e+07,1.62792973e+00
1.870000e+07,1.63576137e+00
1.872790e+07,1.64190270e+00
1.876300e+07,1.64962885e+00
1.878000e+07,1.65342884e+00
1.880000e+07,1.65789938e+00
1.887000e+07,1.67330307e+00
1.890000e+07,1.67981772e+00
1.900000e+07,1.69082266e+00
1.907500e+07,1.68680390e+00
1.908200e+07,1.68617556e+00
1.910000e+07,1.68450997e+00
1.920000e+07,1.67481552e+00
1.926010e+07,1.66896368e+00
1.928000e+07,1.66702603e+00
1.930000e+07,1.66506118e+00
1.936450e+07,1.65685235e+00
1.940000e+07,1.65143619e+00
1.940100e+07,1.65125664e+00
1.948500e+07,1.63927735e+00
1.950000e+07,1.63784112e+00
1.958910e+07,1.63436107e+00
1.958920e+07,1.63436107e+00
1.960000e+07,1.63434129e+00
1.963940e+07,1.63433197e+00
1.967000e+07,1.63444709e+00
1.969000e+07,1.63452205e+00
1.970000e+07,1.63461185e+00
1.972000e+07,1.63483135e+00
1.980000e+07,1.63573930e+00
1.989500e+07,1.63739545e+00
1.990000e+07,1.63749522e+00
