1e-05,19264.8705312464
1.125e-05,18247.909967098774
1.25e-05,17231.205422403298
1.375e-05,16480.561290650814
1.49977e-05,15731.452639264542
1.625e-05,15203.158773460558
1.68859e-05,14935.159138475794
1.875e-05,14149.62038545661
2e-05,13622.9643944148
2.1875e-05,13121.578834503063
2.3094e-05,12795.682024381053
2.5625e-05,12119.113987409386
2.75e-05,11617.9992162736
2.9375e-05,11288.060682808364
3.3125e-05,10628.332453953288
3.4925e-05,10311.721003168781
3.6875e-05,10060.343801602508
3.98331e-05,9684.631510719755
4.0625e-05,9584.058258360174
4.46904e-05,9132.948457336804
4.8125e-05,8798.996602309013
5e-05,8616.716411413581
5.46875e-05,8275.609008176867
6.09375e-05,7820.911391043616
6.25e-05,7707.25525747063
6.71875e-05,7455.469358711994
7.42813e-05,7074.517397084998
7.8125e-05,6918.089466394913
8.61866e-05,6614.182194111826
9.0625e-05,6446.885691752071
0.000103125,6013.172647076141
0.000115478,5695.394851345697
0.000115625,5691.613573093285
0.000128125,5391.145722229476
0.000132158,5314.558861080815
0.00014375,5094.4501182512195
0.00015,4975.79689054171
0.00016875,4725.862712220797
0.000188714,4459.8262117976
0.00019375,4392.723617958833
0.000209443,4229.5989294968285
0.000228125,4071.643537256933
0.000253093,3860.589921585119
0.000265625,3754.6701782878113
0.000300518,3533.4465582303123
0.000303125,3518.9406017266965
0.000340625,3310.3250765962
0.00035,3258.18009001156
0.000378125,3145.2055474598865
0.000425,2956.9588091741402
0.000494239,2744.0629612660273
0.0005,2726.35083388292
0.0005625,2582.5395274919474
0.000589458,2520.521833660983
0.000625,2438.76428056379
0.000672728,2357.6966546215094
0.0006875,2332.607813852953
0.00075,2226.47312182085
0.0008125,2151.9571434628524
0.000875,2077.455426751946
0.0009375,2002.9656127978428
0.001,1928.48573914124
0.0010625,1877.635699332034
0.001125,1826.792914955668
0.0011875,1775.956452190858
0.00125,1725.12549911675
0.0013125,1687.5925781188325
0.00149977,1575.1558250292776
0.0015,1575.01773659102
0.00168859,1495.5303604101791
0.00175,1469.6504102517147
0.002,1364.3168009542999
0.0023094,1281.5938964042807
0.002375,1264.057001124562
0.00275,1163.8325614953299
0.00303125,1114.3478542596445
0.00321875,1081.3641111375978
0.00340625,1048.384390518571
0.0034925,1033.2149526014116
0.00359375,1019.9871750886376
0.00378125,996.172126779713
0.00398331,970.5106214393393
0.0040625,960.4541742742595
0.0044375,918.4136090691487
0.00446904,915.3471195584511
0.0048125,881.9557214666302
0.005,863.72903975096
0.00515625,852.3595639002376
0.00546875,829.6230732808727
0.0059375,795.5236928723796
0.00625,772.7938241659
0.0065625,756.010414512407
0.0071875,722.4489035544301
0.00742813,709.5292025414808
0.0078125,693.8897800141889
0.0084375,670.3318846881467
0.00861866,663.5043535639657
0.0090625,646.777878767437
0.0096875,623.2270992699723
0.010625,595.3760994419575
0.0112303,579.8082514142823
0.011875,563.228916092283
0.0125,547.157849525853
0.013125,535.2910781467435
0.014375,511.56109485797595
0.015,499.69762491657
0.015625,491.3682822242732
0.016875,474.7118719569515
0.0187462,449.7825870570806
0.01875,449.7319628820012
0.021325,421.1415764561911
0.021778,417.0601037742938
0.023975,397.26677510449275
0.0274227,371.7087056533629
0.0299313,355.612305373005
0.0300421,354.9014478907125
0.0322469,342.03014365662386
0.0349152,329.3166198109839
0.0359133,324.5614296715119
0.0384219,313.69241605691934
0.0398233,308.98043219790145
0.0403516,307.204141277564
0.0461406,287.74317980953845
0.0494146,276.7388960512826
0.053125,267.5805594630519
0.0589375,254.20791674051102
0.059375,253.2014316797791
0.065625,240.70546695450872
0.0672657,237.91922115782253
0.075,224.786081920905
0.0875,209.88803009440394
0.1,194.993569868881
0.1125,184.8273946399783
0.125,174.663088063613
0.1375,167.15991190964488
0.149977,159.6714963023252
0.1625,154.39125445583554
0.168859,151.71243088499511
0.1875,143.8603070237954
0.2,138.595614865778
0.21875,133.58493123029376
0.23094,130.32775821269507
0.25625,123.56560264730304
0.275,118.556735114047
0.29375,115.25976426782196
0.33125,108.66674181426617
0.34925,105.50245165339152
0.36875,103.26932806947987
0.398331,99.9546180805827
0.40625,99.06729504374495
0.494239,89.2100277001692
0.5,88.564675217943
0.589458,82.91186567408994
0.625,80.66626710852172
0.742814,73.22417481042687
0.861866,68.55715335472098
0.875,68.06250206387668
1.125,60.563589544726554
1.15478,59.89850111175264
1.49977,52.19487027914933
1.5,52.189735060187
1.68859,49.679094627982785
2.0,45.534097611058996
2.3094,42.92155621422815
2.75,39.201876342906
3.4925,35.07646437829402
3.5,35.03479739590399
3.98331,33.32339588256486
4.94239,29.927914615148907
5.0,29.723970436309
5.89458,27.880313594167372
6.25,27.14791436183679
7.2,25.19065854960972
7.5,24.804797778431002
8.75,23.19749179369264
9.4,22.36185138458124
11.1214,20.961863317641356
11.25,20.870829503484625
13.6207,19.193106980809507
15.0,18.21709083762
15.0025,18.216036689149607
18.0386,16.93586455439838
20.0,16.108978642434
21.5036,15.707003570519165
27.5,14.104145541779
30.0,13.664501708892335
35.0,12.785323240119
40.0,12.225203632032999
50.0,11.105173937593
56.05,10.723091387741707
56.25,10.710460430629952
68.6749,9.925987653795318
75.0,9.526675779299
75.3041,9.515232171576114
100.0,8.585987431669
118.841,8.165449786553099
125.0,8.027996522545203
147.646,7.5226890200855285
175.0,7.1370119643516015
176.277,7.119997972205123
201.339,6.791755286814592
225.0,6.57674650887839
250.0,6.3496033383986665
300.0,6.051488886477999
350.0,5.753445830746
400.0,5.561354460302667
450.0,5.3692994481593335
500.0,5.222079538416
589.011,5.0143817099908095
600.0,4.991537819887709
672.346,4.8508011843566035
750.0,4.722888752421
861.682,4.575032655674624
900.0,4.5318132102304265
1000.0,4.425497158959
1100.0,4.354996707575165
1293.68,4.218480656437155
1300.0,4.214026089549807
1500.0,4.073080532433666
1850.0,3.9262212304590522
1983.02,3.8704175160515124
2100.0,3.8347184635545664
2199.26,3.8063572936603203
2550.0,3.7110836925164987
2568.61,3.7076036331427464
3250.0,3.5801975562351873
3487.23,3.5358494218911316
3750.0,3.5034519207155133
3978.06,3.4760794668056247
4463.88,3.4177777560605342
4750.0,3.390528739057559
4937.4,3.3733539366717182
5250.0,3.3479362732198
5500.0,3.3282577713996
6250.0,3.2799830213039987
6500.0,3.2638938016321997
7424.97,3.2169432068880104
7500.0,3.2131348999549996
8500.0,3.1718448131278003
9500.0,3.1374568886603997
10427.8,3.114259850751567
10500.0,3.112889260166886
11252.1,3.098612974290557
12030.3,3.0838438252118237
12750.0,3.0701866237826727
12758.5,3.070025291528917
13434.9,3.057192599219886
14668.8,3.0337815023640435
15000.0,3.027500825742
15689.6,3.0206091853762933
16519.0,3.012325765933829
17780.9,2.9997224695940727
18500.0,2.9925384656472436
18864.4,2.988900620103615
19568.7,2.9918241055001724
19611.4,3.010087321567094
19659.7,3.042796954085415
19689.6,3.0713555761205664
19728.0,3.1081338232158777
19744.4,3.1508971860378336
19772.4,3.2237260232948315
19793.8,3.279581355269823
19817.9,3.342352725087453
19838.1,3.394870382465716
19864.0,3.4625020841784386
19872.2,3.620536365589417
19886.2,3.889731394217916
19896.9,4.0958955827054115
19909.0,4.327498621555757
19919.1,4.5212585627448885
19932.0,4.77052198965972
19936.4,5.40183703651439
19943.8,6.478852279860883
19949.4,7.302012311312282
19955.8,8.228491675828169
19961.2,9.002673011513446
19968.0,9.997993467561574
19971.8,13.15448828711788
19975.8,16.53758360244031
19978.9,19.12561713681519
19983.3,22.82846679366986
19986.9,25.803377317460047
19991.8,31.144586363730024
19996.9,37.81753555576612
20000.0,41.814247740141
20002.8,38.27776983297999
20007.9,31.643085269936712
20012.3,26.57336010868369
20016.9,22.71282294691917
20020.5,19.74933388771215
20024.4,16.435004327737886
20027.7,13.656869069298118
20032.0,10.092664308300847
20036.4,9.455793347047825
20043.8,8.36981722812229
20049.4,7.540215813800263
20055.8,6.6069585474322325
20061.2,5.827421283621706
20068.0,4.825739286230673
20076.2,4.664090605259134
20090.2,4.388876844454067
20100.9,4.178202567088766
20113.0,3.9416445611429576
20123.1,3.7438232203121595
20136.0,3.4894684723203473
20152.4,3.4466893153772684
20180.4,3.373866053767134
20201.8,3.3180418340365314
20225.9,3.255306972400666
20246.1,3.2028887907390686
20272.0,3.1353892994996944
20311.8,3.1119554627110033
20343.8,3.0930949408708495
20385.7,3.0753751137113987
20428.4,3.0633758995059437
20684.7,3.0528365290174633
21000.0,3.048282742938957
21131.9,3.046377534435768
21560.3,3.0401965156975947
21970.3,3.034277869608307
22362.2,3.028623145717107
22922.7,3.0205385734779706
23612.7,3.0105837987542037
24000.0,3.005000924228467
24524.5,2.9987093261062125
25000.0,2.99300914521649
25057.0,2.992325686465924
25534.5,2.9866017422494537
26000.0,2.9810223742043838
26170.9,2.9789741367095495
26869.5,2.970601986074276
27416.9,2.964041328482308
28218.6,2.954433648503352
28500.0,2.9510584178876464
28879.9,2.946507789281568
30000.0,2.93441430424
32000.0,2.9193058481727197
36730.6,2.883581738197742
40000.0,2.858889696987591
40925.2,2.8519266664406286
48132.0,2.801808232840113
50000.0,2.7902041958
51000.0,2.7842246761174
56608.0,2.752621241774744
60000.0,2.7414904351207086
65000.0,2.7252254029330003
66748.7,2.72025005178658
70000.0,2.710999071322616
75529.4,2.6954127432457273
80000.0,2.683925581961251
82865.0,2.676654182716693
90000.0,2.6595140743609997
95000.0,2.647792457725
100000.0,2.636614134252
115000.0,2.614651650818931
120000.0,2.6068418800821997
135000.0,2.5810287170532162
140000.0,2.5724250770046
154270.0,2.54988443230247
170000.0,2.529947944279
189570.0,2.5097032642558594
190000.0,2.5095870541167997
200000.0,2.507283547404
220000.0,2.5119976105096002
225000.0,2.508909560674
235000.0,2.5025506524328
240000.0,2.4983609570622
250000.0,2.479473351321
270000.0,2.4417252148074
275000.0,2.431424764429
300000.0,2.3835319097800003
325000.0,2.3559326528
340000.0,2.369653099634
350000.0,2.38506952419
364899.0,2.4111974909751823
375000.0,2.42689680563
384904.0,2.4805996983433376
388624.0,2.5310966191565054
391437.0,2.575219944920603
395696.0,2.6525906833153026
402447.0,2.8145008011824233
405000.0,2.888598430568
409829.0,3.0803420751480823
412349.0,3.2193451351173943
415000.0,3.368614093224
420000.0,3.675070882052
425000.0,3.87195268588
430000.0,3.9647314018179998
440000.0,3.609613833694
444608.0,3.342496316014461
446504.0,3.2567125350421504
450000.0,3.11004562557
454257.0,2.96839247281056
457120.0,2.889214558586864
462454.0,2.7701937283216886
466779.0,2.6979847108775785
470050.0,2.65120600854586
475000.0,2.5900423865
480000.0,2.5402049869220003
485000.0,2.501596947344
490000.0,2.470850727766
495000.0,2.448446918188
509902.0,2.425444493259736
525000.0,2.4140509004664708
529906.0,2.4123071408979264
549909.0,2.40737736938861
570000.0,2.421089089598
575000.0,2.4250658863299996
600000.0,2.4491629132300003
625000.0,2.49829472512
640000.0,2.54151662791
660000.0,2.595682943958
675000.0,2.63463566274
700000.0,2.7206720872
725000.0,2.8284568613800003
740000.0,2.899648212586
760000.0,2.9946158741940003
790714.0,3.1552690442334868
800000.0,3.2074455103400004
820000.0,3.3313381365920005
850000.0,3.5346180882600002
875000.0,3.7023453833650004
880000.0,3.7346604749040004
920000.0,3.977581223512
925000.0,4.011558810375
950000.0,4.1629938834775
969948.0,4.294385092098847
980000.0,4.358313279206
984962.0,4.375477945018543
994334.0,4.407892801879717
1000000.0,4.42748738471
1002000.0,4.430246648287
1006000.0,4.427478830441
1010000.0,4.313067632595001
1012000.0,4.302281986172
1014000.0,4.264330424749
1016000.0,4.302165478326
1020000.0,4.46055485548
1024000.0,4.582006117634001
1028000.0,4.647072975276
1033310.0,4.674380423036696
1040000.0,4.70118339369
1049590.0,4.723473852668355
1061970.0,4.778236518690465
1075000.0,4.836802908387553
1100000.0,4.90288175474375
1125000.0,4.990203117348539
1140000.0,5.019291103908
1160000.0,5.104044436332
1175000.0,5.18075650826609
1180000.0,5.201789952652
1220000.0,5.517046812284001
1225000.0,5.557264556279581
1240000.0,5.670610827701999
1250000.0,5.749158262710001
1260000.0,5.823539772718
1265000.0,5.827805422722
1270000.0,5.798913677726
1275000.0,5.752732347729999
1285000.0,5.6532452237215
1300000.0,5.506571722708751
1320000.0,5.268980249691751
1325000.0,5.215991414292176
1332190.0,5.13870189680483
1340490.0,5.0502498205633595
1355120.0,4.917458919302792
1366210.0,4.827738087294611
1380000.0,4.721549304006
1400000.0,4.59120276046
1450000.0,4.32788241708
1500000.0,4.119749777845
1550000.0,3.94223829361
1600000.0,3.79108796481
1620000.0,3.74095142127
1640000.0,3.69089315273
1650000.0,3.6657983009599997
1650020.0,3.665766777392226
1662380.0,3.645458182507894
1681080.0,3.615070156639204
1712190.0,3.5827005069667472
1722930.0,3.583553186072109
1740000.0,3.5954125109770003
1748000.0,3.6145387938674
1760000.0,3.6636530237400002
1770560.0,3.6310275565224
1780000.0,3.6018615170400006
1800000.0,3.5084412253400004
1811820.0,3.437466181880712
1820000.0,3.3883796101719996
1827040.0,3.369661810192864
1840000.0,3.3352104200040005
1850000.0,3.30468863992
1856890.0,3.2842011322845313
1862220.0,3.268324153736338
1875120.0,3.229870400899248
1881310.0,3.2114175934952494
1900000.0,3.155628334815
1915450.0,3.128883495777555
1924520.0,3.113146238135508
1943120.0,3.081032975556448
1950000.0,3.06919764471
1960000.0,3.0508759664580003
1980000.0,3.0142600549539997
2020000.0,2.9407669111150003
2050000.0,2.8855677351125
2080000.0,2.846481395756
2120000.0,2.799286651614
2150000.0,2.7678137022575
2180000.0,2.73076124773975
2220000.0,2.69143973338275
2240000.0,2.6768826487042503
2250000.0,2.6698573488650004
2264100.0,2.66713018922619
2280660.0,2.663937203288694
2300000.0,2.66021859816
2320000.0,2.680111785886
2340000.0,2.719714548612
2350000.0,2.736244839975
2360000.0,2.7614975927055
2377510.0,2.8153392636466057
2400000.0,2.8772581236274997
2403050.0,2.8850484732603023
2405910.0,2.8923748758012255
2408600.0,2.89926276357573
2411130.0,2.9057268677465466
2413500.0,2.9118112383136747
2415730.0,2.9175252926025763
2417820.0,2.922897070613251
2419790.0,2.9279399896711595
2420730.0,2.9282920989678267
2422520.0,2.927851247096586
2424130.0,2.9274574042961965
2425810.0,2.9270466196349205
2428720.0,2.926346587989496
2431290.0,2.9257420468112345
2433550.0,2.9252171395883275
2435530.0,2.9247760498089663
2437280.0,2.924392368286804
2440000.0,2.9238247395495
2441470.0,2.9214053704708833
2443470.0,2.9181384730169837
2445450.0,2.9149301632376226
2447240.0,2.912050086366382
2450000.0,2.9076865122799997
2460000.0,2.8787819773659997
2464250.0,2.86767494890255
2470570.0,2.8512111295169023
2480000.0,2.826694062538
2487540.0,2.805163857922844
2497510.0,2.776820260268586
2500000.0,2.7697563177099997
2506200.0,2.7590603577757005
2511630.0,2.750694057091305
2521170.0,2.743731886579495
2528350.0,2.758259306236225
2533740.0,2.77493452148689
2541840.0,2.81085806463724
2550000.0,2.8711627488850002
2558000.0,2.9273936364926003
2563000.0,3.0089368468723503
2570000.0,2.9561124504040004
2574880.0,2.922242954494636
2590000.0,2.8103614319230004
2606200.0,2.7056011559533903
2612070.0,2.6762301781792166
2620000.0,2.6550051692015
2625270.0,2.6400595899817567
2634140.0,2.615036319435433
2640700.0,2.597442766573665
2650000.0,2.5830124214800003
2660000.0,2.5687086738660003
2670990.0,2.556874843118214
2680000.0,2.547177143638
2693260.0,2.537979592421836
2706380.0,2.528470850843342
2720000.0,2.518145863828
2728040.0,2.512052937396036
2744730.0,2.499421983894857
2750000.0,2.495433709455
2758450.0,2.492589342800424
2768780.0,2.4891009152866044
2780000.0,2.48531105840325
2800000.0,2.47669529436875
2840000.0,2.45763144629975
2860000.0,2.4479568280710002
2898280.0,2.429603882593378
2920000.0,2.403029105802
2950000.0,2.3645399621675
2980000.0,2.3399532876310003
3020000.0,2.3044005548832
3050000.0,2.275633742798
3080000.0,2.2543331657128003
3100000.0,2.240144722656
3120000.0,2.2282892663512
3150000.0,2.2107682693940003
3180000.0,2.1887103324368002
3224900.0,2.1595416835075243
3250000.0,2.14484937287
3300000.0,2.114422665848
3324910.0,2.110837537713348
3350000.0,2.1073512982935
3374910.0,2.099675070158848
3400000.0,2.092081355739
3420000.0,2.0972024757172
3440000.0,2.1027521756954
3458280.0,2.103233739065475
3474910.0,2.1062093200498477
3500000.0,2.11668500063
3530000.0,2.1259012851000003
3540000.0,2.12475211159
3550000.0,2.12118792308
3574910.0,2.11158227877159
3600000.0,2.1034573105300005
3640000.0,2.08081716149
3650000.0,2.0748417329800004
3680000.0,2.06137281245
3700000.0,2.0530516904300002
3750000.0,2.034789215855
3850000.0,2.003225668719667
3900000.0,1.9857261701520001
3950000.0,1.968184659656
4050000.0,1.9121813468775843
4100000.0,1.8976970695951683
4150000.0,1.8904039301913516
4250000.0,1.8913611913837176
4300000.0,1.8891252619799006
4310000.0,1.8864666933048972
4330000.0,1.882735540954891
4350000.0,1.8815876136048844
4362600.0,1.88128994477438
4370000.0,1.8813926777408851
4390000.0,1.8836768238970003
4395000.0,1.8846253278085001
4410000.0,1.8867219573990002
4424520.0,1.886786425733468
4425000.0,1.886773182718887
4440000.0,1.886421664796
4450000.0,1.8867647903883333
4455000.0,1.8875381981844999
4465040.0,1.8904618394414692
4480000.0,1.898017494982
4485000.0,1.8995238175114997
4490000.0,1.9010301413809998
4498400.0,1.8999694060817602
4510000.0,1.9036373167474
4523590.0,1.9251314084580364
4531250.0,1.9445293098306249
4540000.0,1.9999466522559999
4550000.0,2.029927112885
4570000.0,1.9641755665549998
4580000.0,1.9491060303999999
4590000.0,1.947345104245
4593750.0,1.954240690061875
4600000.0,1.9657473333579998
4620000.0,1.9909549669056
4640000.0,2.0055297144732
4650000.0,2.009674566427
4656250.0,2.010525242648125
4670000.0,2.0109228953461997
4690000.0,2.0043574671465456
4700000.0,1.9997310801577286
4710000.0,1.9949161266492732
4724000.0,1.9875816555198398
4730000.0,1.9853022484518
4740000.0,1.9893423533384
4750000.0,1.998316618225
4760000.0,2.0083319319708
4780000.0,2.0139205344624003
4800000.0,1.997902647783
4810000.0,2.0082035296376
4812500.0,2.01239271885125
4830000.0,2.0276024977554
4849240.0,1.9986725257824087
4852130.0,1.9936030125126307
4870000.0,1.9640688670694
4875000.0,1.9565013315075
4886500.0,1.942172642587353
4900000.0,1.933402055920224
4906250.0,1.9312960826927084
4910000.0,1.9301076249674
4914630.0,1.9290256722181083
4920000.0,1.9278745215887998
4927960.0,1.9260686808794345
4933460.0,1.9250479367712043
4940000.0,1.9241132011716
4950000.0,1.923758448153
4960000.0,1.9235935251344
4968750.0,1.924486508118125
4974940.0,1.9249202914133061
4990000.0,1.9246126492909998
5000000.0,1.92363872249
5010000.0,1.9222674019282002
5012450.0,1.921867109490559
5021810.0,1.9203722205247142
5030000.0,1.9188278958046001
5035890.0,1.9178442404137
5044820.0,1.9169909786920125
5060000.0,1.9164320841192
5063960.0,1.9163326020567273
5071810.0,1.9161749427157142
5080770.0,1.9160626453723415
5090000.0,1.9159746924338001
5100000.0,1.9159410418720002
5110000.0,1.9153617163102001
5119820.0,1.9153940994785126
5121820.0,1.9156114463661527
5125000.0,1.916058904023688
5129770.0,1.9167515656420941
5139410.0,1.9187133056699954
5147240.0,1.9199047900131971
5160000.0,1.9249967630169333
5162460.0,1.931178929113265
5180000.0,1.9700117737594667
5181190.0,1.9686864434361473
5200000.0,1.924149329502
5220000.0,1.9137796854902
5230000.0,1.9061518184842998
5240000.0,1.9106110364784
5250000.0,1.9207132994725
5254910.0,1.9264454011394319
5260000.0,1.9324269198634
5270000.0,1.9448109252543
5281190.0,1.9575532114667171
5299060.0,1.9756410362402554
5310000.0,1.9861369418178998
5320000.0,1.9960581122088001
5330000.0,2.0034080775997
5331200.0,2.0022149996466077
5350000.0,1.9732960533815
5362460.0,1.9483601552185612
5380000.0,1.9131737429578
5390000.0,1.8919127651559
5410000.0,1.8460491945521
5424600.0,1.816687031561326
5440000.0,1.7917137211464
5450000.0,1.7769994733445
5465210.0,1.7522917443178103
5480000.0,1.7270614899388002
5481880.0,1.7239028669920429
5500000.0,1.6934517743350002
5503060.0,1.6879869731256907
5505940.0,1.6828572966933995
5508640.0,1.6780387100381267
5510000.0,1.6756125789451004
5512390.0,1.6759257280169142
5514690.0,1.6762302169772372
5516860.0,1.6765132968876286
5518890.0,1.676783800513479
5520000.0,1.6769293035552004
5523500.0,1.6856382556687353
5526700.0,1.6936067857439672
5529520.0,1.7006131609040154
5530800.0,1.703908711934108
5533120.0,1.7100188103636516
5534170.0,1.712788494997712
5537010.0,1.7202618196269803
5540000.0,1.7281193677754
5541300.0,1.7318938782747133
5543340.0,1.7378346441351735
5546250.0,1.7463275244067127
5549860.0,1.7568457461009588
5551560.0,1.7620293409846757
5554520.0,1.7711549224292655
5557310.0,1.7797176958854832
5559930.0,1.7877617013533293
5561180.0,1.791476225679592
5563560.0,1.7985426175167958
5565790.0,1.805180730834848
5567890.0,1.811408955102969
5570000.0,1.8176764066057003
5572650.0,1.8248208437773765
5574870.0,1.8308229798608187
5577450.0,1.8377809013902247
5580000.0,1.8446491612158
5581420.0,1.8480373885304342
5583660.0,1.8534211190830967
5586600.0,1.8604417110584661
5589730.0,1.8679593954914275
5591020.0,1.8705652687561303
5594100.0,1.876549127016041
5596680.0,1.8815445985454469
5600000.0,1.887977410436
5603060.0,1.8920527193725039
5605940.0,1.8958857145480366
5608640.0,1.8994804009625985
5610000.0,1.9012889771566002
5612300.0,1.9032006441023381
5613560.0,1.9042520454291336
5615790.0,1.9061130889678275
5619920.0,1.9095524599834353
5621800.0,1.9103513714869083
5623850.0,1.9111931262646311
5625210.0,1.9117520224586326
5628200.0,1.9129821829880922
5630000.0,1.9137174055978001
5632030.0,1.9136014594020818
5634700.0,1.913447079356482
5637100.0,1.913309981169426
5640000.0,1.9131414823184
5641350.0,1.9123782530256812
5644320.0,1.910706367581699
5645740.0,1.9099095916960245
5650000.0,1.9075152490390002
5653060.0,1.9047469079755035
5654520.0,1.9034263290367113
5657310.0,1.9009075548317587
5659930.0,1.8985423523525558
5661180.0,1.897398523192631
5664730.0,1.8941389959784438
5668990.0,1.8902267633214194
5670920.0,1.8884486122584954
5672740.0,1.8867752558416444
5676030.0,1.883732465972722
5678930.0,1.8810568321216958
5680240.0,1.8798321808820946
5683790.0,1.8764004386679072
5685810.0,1.8744491119854687
5688240.0,1.8721075552585744
5690000.0,1.8704091559214002
5692870.0,1.8670412456102121
5695990.0,1.8633741724670392
5700000.0,1.858654892642
5701810.0,1.8565376657384287
5703060.0,1.8550340315785037
5705940.0,1.8515827517540364
5710000.0,1.8467103393626
5713670.0,1.8430576429890602
5715940.0,1.8408070834746364
5720000.0,1.8367637060831998
5721920.0,1.8356656845335553
5724890.0,1.8339576140895735
5726850.0,1.832832459486811
5730000.0,1.8310223228038
5733370.0,1.8309012618286422
5737270.0,1.830763146649676
5740000.0,1.8306636645243999
5742690.0,1.8313963154522415
5744510.0,1.8318960290353905
5750000.0,1.833396861245
5756030.0,1.8362841014139526
5758770.0,1.8375983694094633
5761340.0,1.8390336582045228
5766010.0,1.841991909769864
5768190.0,1.8433806556933
5770110.0,1.8446128813689862
5773720.0,1.8472109111550425
5779870.0,1.8516590160537254
5782380.0,1.8535193724839196
5784580.0,1.8551549141956436
5789880.0,1.8591067280920694
5792410.0,1.8608654453105524
5797150.0,1.864178847134903
5803110.0,1.8679281970448463
5808770.0,1.8711306301304633
5811340.0,1.8726491089255228
5818270.0,1.8769182845674535
5822220.0,1.8793871677544123
5828720.0,1.8835081839481425
5831380.0,1.8851441087904997
5839520.0,1.8900759896238783
5842140.0,1.8912182778896587
5850000.0,1.8944969476870002
5860000.0,1.8918007718311998
5866460.0,1.8877545714483532
5870640.0,1.885103931200629
5880000.0,1.8782822701196
5887600.0,1.873289984669192
5893790.0,1.8694081011444519
5910000.0,1.8587975025521999
5924950.0,1.8480015042977789
5940000.0,1.8364010699848001
5960000.0,1.8205356182732
5980000.0,1.8069169665616
6000000.0,1.79631408485
6020000.0,1.7882282047956002
6030000.0,1.7849221872684002
6046290.0,1.7804822970915912
6060000.0,1.7783483046868
6070000.0,1.7787348971596
6081970.0,1.7819042675545416
6100000.0,1.792017804578
6111260.0,1.8000459720923727
6130000.0,1.8144934319964001
6140000.0,1.8227168844691999
6150000.0,1.8312166869420001
6170000.0,1.8488170368876
6180000.0,1.8578054493604
6200000.0,1.8780971593059999
6210000.0,1.8814754867788
6220000.0,1.8787381842516
6230000.0,1.8718557017244
6246310.0,1.8568105172625369
6260000.0,1.8429179091428
6270000.0,1.8336164116156
6280000.0,1.8254122790884
6290000.0,1.8175846215612
6300000.0,1.810225544034
6309590.0,1.803683009350415
6311250.0,1.8026395436909
6322310.0,1.7959677190558168
6340000.0,1.7862188539252002
6350000.0,1.7813834513979998
6360000.0,1.7771287688708002
6378050.0,1.770026216609204
6390000.0,1.7654100412892
6400000.0,1.761623948762
6410000.0,1.7576689288813
6430000.0,1.7498830491199
6450000.0,1.7422133143585001
6470000.0,1.7349681095971001
6490000.0,1.7283476848357
6500000.0,1.725153619955
6515810.0,1.721090519015541
6530000.0,1.7186875955917
6550000.0,1.7189758543495
6560000.0,1.7203850912284002
6580000.0,1.7238551899862
6600000.0,1.727209143744
6620000.0,1.7298288025018
6631940.0,1.7279233884052068
6645210.0,1.7218163849285069
6660000.0,1.7154758750174
6680000.0,1.7088350237752001
6700000.0,1.703507812533
6720000.0,1.7063402362908002
6740000.0,1.7124327250486
6750000.0,1.7165257069275
6770000.0,1.7278893006853
6780000.0,1.7309338075642
6790000.0,1.7163923544431001
6800000.0,1.705399336322
6810000.0,1.6980827309339
6830000.0,1.6910229801577001
6850000.0,1.6920493193815
6870000.0,1.6962035686053
6890000.0,1.7002769928291
6910000.0,1.7032043720529
6930000.0,1.7052787862767
6950000.0,1.7049261755004999
6970000.0,1.7010571747243
6990000.0,1.6960227139481
7024690.0,1.6915344558168326
7050000.0,1.6889568742724999
7098810.0,1.6712051938130426
7123970.0,1.6663359635915724
7150000.0,1.6615140006975
7171390.0,1.6617611070573073
7200000.0,1.66211072641
7224700.0,1.6574683419535368
7246380.0,1.651510478912398
7265410.0,1.6471230673615276
7300000.0,1.6407374682866667
7306110.0,1.640112390605331
7311400.0,1.6395689504606068
7314590.0,1.6392376008364722
7319820.0,1.6387029627066219
7324730.0,1.6381979403227662
7329340.0,1.6377209230132808
7333450.0,1.6372999374944117
7335730.0,1.6370654359291996
7343480.0,1.6362690781746414
7350000.0,1.6355991792250002
7350300.0,1.6355631591506299
7356300.0,1.63485477266323
7360700.0,1.6343344849058035
7363980.0,1.634092054759358
7368330.0,1.633776021180993
7374970.0,1.6332887582016036
7378770.0,1.633012730592917
7383740.0,1.6326510861941874
7390850.0,1.6321302249316183
7396570.0,1.6317125728469637
7400880.0,1.6315326706118478
7402480.0,1.6316590768818746
7403210.0,1.6317141198675744
7404520.0,1.6318207483761586
7405680.0,1.6319118894219282
7406210.0,1.6319516341238742
7407160.0,1.6320283147217027
7408790.0,1.6321562174842923
7409450.0,1.6322091103206784
7410540.0,1.632298106217134
7411860.0,1.632399886889906
7412600.0,1.6324581020397932
7414100.0,1.6325768566679435
7414770.0,1.632624906668517
7416090.0,1.6327146773412888
7417250.0,1.6327938033870584
7418030.0,1.6328446671936963
7419300.0,1.63293060704553
7419920.0,1.6329748362251655
7421160.0,1.633059284584436
7422310.0,1.6331392484660177
7422990.0,1.633182460630779
7424180.0,1.6332670881691114
7424770.0,1.6333058158561837
7427070.0,1.633461743619347
7428220.0,1.6335417075009286
7430440.0,1.6336923179505907
7431540.0,1.633768461011234
7433630.0,1.6339139283264563
7435680.0,1.634050731984928
7436680.0,1.6341192234036948
7438640.0,1.6342555475844773
7439790.0,1.6343315064660588
7441460.0,1.6344480528853995
7443270.0,1.634568894603367
7444150.0,1.6346314100518815
7445880.0,1.634746939456348
7447060.0,1.6348283998304927
7448370.0,1.634919003339077
7449960.0,1.6350262224449161
7450360.0,1.6350087640124227
7451510.0,1.6349365378940044
7453010.0,1.6348470375221544
7453740.0,1.6348019555078541
7455170.0,1.6347143049866903
7456350.0,1.634639570360835
7457230.0,1.6345859408093497
7458550.0,1.6345034914821217
7459200.0,1.6344651071543201
7460460.0,1.634387684841966
7461620.0,1.6343186258877354
7462280.0,1.6342754037241214
7464020.0,1.6341698152927755
7465700.0,1.6340692538763033
7466770.0,1.6340037254443835
7468810.0,1.6338810369386678
7470470.0,1.6337781411938204
7471640.0,1.6337082494037773
7473380.0,1.6336026659724314
7474150.0,1.6335582426148818
7474210.0,1.6335532206000076
7475790.0,1.633461027541659
7477280.0,1.6333723600056214
7477990.0,1.6333329586629457
7479340.0,1.6332520058282807
7480200.0,1.6332040519484199
7481220.0,1.633146717695562
7482680.0,1.6330645636669612
7484520.0,1.6329626268774922
7486390.0,1.6328621765805855
7487240.0,1.6328190705365373
7488790.0,1.6327414009856258
7490140.0,1.6326764681509607
7490760.0,1.6326486023305962
7492690.0,1.6325671650188158
7493810.0,1.6325254874078343
7495260.0,1.632476216215046
7496440.0,1.6324415315891907
7498000.0,1.6324030742024667
7500000.0,1.63237985704
7506110.0,1.6300622104070688
7509030.0,1.6289645707150626
7512040.0,1.6278274769400833
7517250.0,1.62587233613688
7519820.0,1.6249156717675457
7522640.0,1.6238623121677311
7527070.0,1.6222197450836258
7527450.0,1.622080301733296
7531540.0,1.6205698789626433
7531960.0,1.6204151265754367
7535730.0,1.6190351910997984
7536200.0,1.618864303666496
7539670.0,1.6176052084674337
7540170.0,1.6174238380064736
7543660.0,1.6161630957889728
7546950.0,1.6149829037558558
7547390.0,1.6148265043502112
7550260.0,1.613857139704301
7553350.0,1.613290172855568
7553950.0,1.613180667302416
7556440.0,1.6127392310068351
7559160.0,1.6122588164992129
7561540.0,1.6118504713050432
7563940.0,1.6114404790924353
7566190.0,1.611062867018115
7568300.0,1.610716819072864
7570280.0,1.6103974942474624
7572970.0,1.6099716227674974
7574320.0,1.6097682815229055
7577230.0,1.6093282878401185
7580080.0,1.6089172652126464
7582250.0,1.60860632121208
7584740.0,1.6082730199164992
7586650.0,1.608019537155632
7588930.0,1.6077355770536543
7590010.0,1.6076025430579808
7592490.0,1.6073181227716191
7595850.0,1.6069491886739682
7600000.0,1.606539199848
7606110.0,1.606457355886862
7612350.0,1.6063729184371893
7619990.0,1.6062704122648335
7624880.0,1.6062039691191763
7629630.0,1.6061409393457877
7634830.0,1.6060732448043935
7641970.0,1.6059754778187103
7645050.0,1.6059365186288077
7648980.0,1.605888309321562
7650000.0,1.60587319618075
7654640.0,1.6063838451284291
7660730.0,1.607048560934758
7665630.0,1.6075860629053675
7671740.0,1.6082571589442298
7676960.0,1.6088286296353687
7682710.0,1.609465011488635
7690270.0,1.610298189386147
7695390.0,1.6108617989146206
7705000.0,1.612644190646775
7706210.0,1.6129501747150274
7712040.0,1.614432032498426
7719780.0,1.616398547488736
7724880.0,1.6176957767846765
7729760.0,1.6189388935227527
7736200.0,1.6205791433984111
7740170.0,1.6216082945562313
7747260.0,1.6239964119892152
7750000.0,1.62491785384625
7757010.0,1.6279172603491014
7760410.0,1.6294295548797284
7762370.0,1.6305309026679724
7770290.0,1.63499784475108
7778370.0,1.6395518336944523
7783770.0,1.6432675864783892
7787830.0,1.6462718536826086
7800000.0,1.655297495179
7812040.0,1.6684376251639264
7817510.0,1.6744055387617292
7823950.0,1.6819007036373872
7834840.0,1.6950821352516603
7840000.0,1.7013275302452
7845060.0,1.7046293540760744
7850000.0,1.7078528165117501
7854660.0,1.7007460856919623
7860000.0,1.6925868977783
7872680.0,1.6699825102042856
7880000.0,1.6569246603114
7888480.0,1.6523673639054344
7900000.0,1.6461815328445
7912430.0,1.6342017223638217
7920000.0,1.6269070803776
7925120.0,1.6297183349060735
7940000.0,1.6378823979107
7950000.0,1.63991974417725
7953000.0,1.6394215690572151
7956780.0,1.637715073005971
7963060.0,1.6347096610213643
7980000.0,1.6261269479769
8000000.0,1.61628026551
8024880.0,1.6043748927285275
8050000.0,1.59298399659225
8062350.0,1.5882236102095657
8099380.0,1.5781371938410802
8149850.0,1.5647462496035032
8200000.0,1.5495969848389999
8250000.0,1.5355219359212502
8300000.0,1.5238246070035002
8349850.0,1.5139739639325034
8400000.0,1.5049336391680002
8450000.0,1.4970102130140002
8500000.0,1.4917220818599999
8520000.0,1.4905940182265334
8549850.0,1.4890768078535843
8560000.0,1.4888104759596001
8600000.0,1.4894940136926667
8640000.0,1.5017339914257333
8650000.0,1.507629524609
8680000.0,1.5169136391588
8708800.0,1.511833924326608
8740000.0,1.5047050832584001
8750000.0,1.5025169364416668
8780000.0,1.4961887859914667
8800000.0,1.491844532358
8801550.0,1.4915128574874703
8804590.0,1.4908655209672055
8806070.0,1.4905505281876028
8808970.0,1.4899324458491923
8811780.0,1.4893323833419738
8814500.0,1.4887503456659474
8817140.0,1.4881856589509808
8819700.0,1.4876423331970736
8820950.0,1.4873826844305174
8823390.0,1.4868794101181995
8825750.0,1.4863934867669413
8828050.0,1.485919576636478
8830270.0,1.485463027467074
8832420.0,1.4850191553885972
8834510.0,1.4845913015309151
8836530.0,1.4841761297641602
8838490.0,1.4837729762182001
8840000.0,1.4834599318282
8841320.0,1.4832036209707167
8843140.0,1.4828458566066107
8845770.0,1.4823298987617763
8849090.0,1.481679773877803
8850000.0,1.48150289669575
8852220.0,1.481086392526346
8855150.0,1.4805383985775382
8857900.0,1.4800224392911145
8860000.0,1.4796299665633001
8861720.0,1.4793349459005187
8864070.0,1.4789297864193929
8866280.0,1.4785540011201215
8868350.0,1.4781955700027043
8870290.0,1.477865839197009
8872120.0,1.4775514609627707
8875490.0,1.476974101728135
8878450.0,1.47646815616893
8880000.0,1.4762045062984002
8882240.0,1.4758827893887312
8884390.0,1.4755710823102546
8886280.0,1.4753007558552214
8889490.0,1.474842208542705
8891950.0,1.4744897864901223
8893840.0,1.4742234700350894
8896530.0,1.4738476889694603
8900000.0,1.4733677810335002
8906120.0,1.4724955575124405
8911870.0,1.471679777186282
8917270.0,1.4709231223147587
8922330.0,1.470220934027739
8927090.0,1.469566566844693
8931560.0,1.468959361895488
8937820.0,1.4681259641925741
8945330.0,1.4671540577231044
8950000.0,1.46656970537125
8954930.0,1.4660643273959522
8960370.0,1.4655413320438995
8965160.0,1.4651092682504558
8971410.0,1.4645969294176746
8978100.0,1.4641316652990657
8983230.0,1.4638493899211187
8990560.0,1.4635822181140328
8996460.0,1.4635134897358875
9000000.0,1.463552349709
9049860.0,1.4591059732286045
9100000.0,1.4541564983845001
9150000.0,1.4490714877222501
9249870.0,1.4399032818496058
9250000.0,1.4398912388783334
9300000.0,1.4374660856966668
9350000.0,1.435886427515
9356260.0,1.4356492355906554
9401550.0,1.4339136058297017
9404590.0,1.4337319467322565
9407540.0,1.433551781999538
9408970.0,1.4334684493155425
9410390.0,1.433381728783183
9411780.0,1.4333008397057327
9413150.0,1.433217169931555
9415840.0,1.4330568861413813
9418430.0,1.4329027138675712
9420950.0,1.432748806655215
9422180.0,1.4326776920039461
9423390.0,1.4326037916559498
9425760.0,1.4324630567181387
9428050.0,1.4323231939934185
9429170.0,1.432258798010149
9430280.0,1.4321910091785162
9432430.0,1.4320637065767043
9434520.0,1.4319360618847106
9435540.0,1.431877772417805
9436540.0,1.4318166972541713
9438500.0,1.43170100053345
9440400.0,1.431584961722547
9442250.0,1.431475978669825
9444030.0,1.4313672706785576
9445760.0,1.431265618445472
9448270.0,1.4311123233847525
9449610.0,1.4310344900654837
9449880.0,1.4310180019713026
9451440.0,1.4309547663160347
9454420.0,1.4308408501284073
9457220.0,1.430733927670234
9458560.0,1.4307401993509652
9461100.0,1.4307853228353367
9463490.0,1.4308275935942532
9465730.0,1.4308630016277144
9467840.0,1.4309023476324478
9469810.0,1.4309342237600904
9471670.0,1.4309688135557324
9473410.0,1.4309987141710103
9476620.0,1.4310549834957473
9479450.0,1.4311024195826652
9481940.0,1.431146593825218
9484120.0,1.4311856697684973
9486040.0,1.4312165916543214
9486980.0,1.4312352794005059
9489980.0,1.4312843489096059
9492330.0,1.4313250532750676
9494130.0,1.4313593059805276
9496700.0,1.43140259300999
9500000.0,1.43146137797
9503090.0,1.4320254017465879
9506080.0,1.4325713856598559
9508970.0,1.4330993197098039
9511780.0,1.4336120128690961
9514510.0,1.4341094751377321
9517150.0,1.43459228952938
9519700.0,1.43506047104404
9522180.0,1.435512813654376
9524590.0,1.4359533273603882
9528070.0,1.4365901386039241
9532480.0,1.437399574576336
9536620.0,1.438157091917784
9540510.0,1.438873494600932
9543320.0,1.4393901927602242
9545900.0,1.43986459023388
9549220.0,1.440478929696104
9550800.0,1.44093306853656
9553820.0,1.442106038408824
9556660.0,1.4432096775271122
9559320.0,1.444247995891424
9561810.0,1.4452243954880921
9565310.0,1.446592920704292
9569510.0,1.448243964963732
9573190.0,1.449705845933908
9576440.0,1.450997221491808
9579290.0,1.452140312596428
9581790.0,1.4531561641794282
9586060.0,1.454899137343192
9589320.0,1.456257994887424
9592990.0,1.457812593871268
9596060.0,1.459138763675192
9600000.0,1.46089748129
9609140.0,1.46429207128669
9620000.0,1.4684214084600002
9625070.0,1.470402517637595
9634110.0,1.474027102798435
9640000.0,1.4764539706300002
9645680.0,1.47884878130628
9650000.0,1.480724564215
9658200.0,1.4845213057547002
9663410.0,1.487259369702485
9671980.0,1.49214835813483
9680000.0,1.49701269997
9686200.0,1.5012881847927
9694820.0,1.50763613564297
9700000.0,1.51169356214
9737500.0,1.5327752355837498
9750000.0,1.529107770065
9760000.0,1.5228047986500002
9776520.0,1.50236520653242
9800000.0,1.47188079799
9801550.0,1.470787197945675
9803070.0,1.4697153354505952
9804580.0,1.46865606047193
9806050.0,1.4676150805589252
9808230.0,1.466077066980455
9811070.0,1.464080907318595
9813810.0,1.462146522820885
9816470.0,1.4602687584544949
9819050.0,1.4584516242194252
9820310.0,1.457618862151135
9822770.0,1.456309193113045
9824780.0,1.45523743731363
9825160.0,1.45504756668986
9827470.0,1.453890630397995
9829710.0,1.452769716721035
9831880.0,1.45168083565898
9833990.0,1.450627409695415
9836030.0,1.449610011346755
9838010.0,1.4486200680965848
9839920.0,1.44766214746132
9840860.0,1.44724011091831
9842690.0,1.446426920414365
9844460.0,1.44564118500891
9846180.0,1.44487431718553
9847010.0,1.444502608323085
9848650.0,1.4437763456310249
9850000.0,1.443178750915
9851020.0,1.44277217924067
9852530.0,1.442165469262005
9854730.0,1.4412871356507049
9857510.0,1.440179506087335
9860000.0,1.4391925295
9861360.0,1.43875456726756
9862570.0,1.438373212781345
9864870.0,1.4377174690058951
9867020.0,1.43711032297667
9869050.0,1.436554072144425
9870950.0,1.436037269025575
9872740.0,1.43556678858729
9874410.0,1.435139193345985
9875980.0,1.43474933326883
9878190.0,1.434226877141115
9880000.0,1.43382734667
9882020.0,1.43362811335417
9884200.0,1.4334718197757002
9885180.0,1.43341997316703
9886980.0,1.43336944521233
9888550.0,1.433376080135175
9891230.0,1.433523710735955
9893290.0,1.433774757354465
9894860.0,1.43407776727731
9897110.0,1.4347024660839351
9900000.0,1.43593148884
9913370.0,1.4345187043931449
9950000.0,1.430660706765
9978900.0,1.4282228243256498
10000000.0,1.42689264469
10027000.0,1.4257392856955
10044100.0,1.42522922866565
10051000.0,1.4250820888115001
10062500.0,1.4254028907212501
10078900.0,1.4258592741838498
10092100.0,1.42622972989765
10100000.0,1.42645386934
10112100.0,1.42958880082765
10117500.0,1.43101652702875
10136800.0,1.4360444134511998
10150000.0,1.439489464165
10157600.0,1.4401757238183999
10176100.0,1.44184980080365
10185000.0,1.4426473295425
10200000.0,1.43954485399
10206100.0,1.43701443469865
10209100.0,1.43577390758815
10215000.0,1.4333502184375
10220700.0,1.4310052294275502
10223500.0,1.42985941745775
10228900.0,1.42762245865885
10232600.0,1.4260964760559
10236700.0,1.42439708317155
10241000.0,1.4226350101465
10244200.0,1.4213157828953
10247000.0,1.4201819859255
10249000.0,1.4193349445185
10251400.0,1.4185347578301
10254800.0,1.4175373354382
10258200.0,1.4165599380463
10266100.0,1.41427043248865
10271000.0,1.4128529940414998
10275000.0,1.4116915712274998
10280900.0,1.40998077207685
10286300.0,1.40842867327795
10290500.0,1.40722059032325
10296600.0,1.4054591310319
10299800.0,1.4045323937807
10302900.0,1.40376315659985
10308800.0,1.4023206924491998
10312500.0,1.40143951484625
10317100.0,1.40031434161015
10322200.0,1.3990785330223
10324600.0,1.3984946213338998
10329200.0,1.3973774530977998
10333600.0,1.3963069500024
10341300.0,1.39445658958545
10345300.0,1.3934874017714498
10348700.0,1.39266619937955
10354900.0,1.3913119500178501
10357700.0,1.3907188280480498
10362800.0,1.3896392144602001
10366200.0,1.3889181370683
10373300.0,1.38742401707345
10376600.0,1.3867242647519
10382100.0,1.38557536588265
10387300.0,1.38447843222445
10392500.0,1.38340552356625
10400000.0,1.38183010829
10406100.0,1.38066505399865
10412100.0,1.3795332747776499
10415000.0,1.3789806427375
10420700.0,1.3779046587275499
10423500.0,1.3773813017577499
10432900.0,1.3756105901448499
10434300.0,1.3753649341599499
10441300.0,1.37426480423545
10448600.0,1.3731249040999
10450000.0,1.372907283115
10457000.0,1.3722772531904999
10461400.0,1.3718760600950999
10467100.0,1.37137195108515
10471200.0,1.3710080782007998
10478300.0,1.3703902732059499
10482800.0,1.3700053600401998
10489100.0,1.36946568060815
10493400.0,1.3691073075831
10499500.0,1.3686021832917499
10500000.0,1.3685598579399998
10503100.0,1.3686569853841761
10509000.0,1.36885024261664
10512500.0,1.368959388602
10522500.0,1.3693078471316
10527300.0,1.369484079625808
10532900.0,1.369688344202384
10540100.0,1.3699767229436959
10547300.0,1.370269106685008
10550000.0,1.370378245588
10553700.0,1.370573498343952
10562000.0,1.37102708682352
10566700.0,1.371304443432432
10571600.0,1.371587811811936
10577700.0,1.371963295814992
10585800.0,1.372466942523968
10590600.0,1.372791360018176
10600000.0,1.3734341832359998
10612200.0,1.3740093512421119
10618000.0,1.37430813758928
10623700.0,1.374595968051152
10634400.0,1.375211117777824
10642500.0,1.3756736844868
10649400.0,1.376116970572224
10654000.0,1.37636042629584
10658600.0,1.376587867019456
10667200.0,1.377065138154912
10675500.0,1.37757364163448
10683800.0,1.378102165114048
10697300.0,1.379092049629008
10703700.0,1.3795286312879518
10715300.0,1.380278393982288
10724900.0,1.380925258970704
10730200.0,1.381329485891392
10742700.0,1.3823380115533919
10749800.0,1.382991434409408
10756100.0,1.383557240183056
10761600.0,1.384103523874336
10774800.0,1.385525130733408
10781100.0,1.386271161507056
10792900.0,1.3878558409719841
10806200.0,1.389392158716352
10812400.0,1.3899186136047041
10823700.0,1.3908951686431519
10824900.0,1.391006489266704
10834400.0,1.391950223369824
10844500.0,1.3929516227847198
10849400.0,1.393443916164224
10854000.0,1.3937872218878398
10863100.0,1.3944188374497761
10871600.0,1.395132962699936
10881800.0,1.3959971230001278
10894100.0,1.397099156891536
10900000.0,1.3976408291240001
10906900.0,1.397859425209424
10912700.0,1.398065746556592
10923200.0,1.3984701295126718
10932000.0,1.3988045774187199
10944800.0,1.399396635736608
10949900.0,1.399630465886704
10951700.0,1.399571171822032
10961700.0,1.399175895351632
10972200.0,1.3988473633077119
10980800.0,1.3985711844431679
10992200.0,1.398325145366912
11000000.0,1.39815764442
11006200.0,1.397382775191832
11007400.0,1.397232642921864
11018000.0,1.3959112503704798
11029100.0,1.394522933123276
11044700.0,1.392577948613692
11054400.0,1.391242131514784
11071900.0,1.388515302161084
11087300.0,1.386119530529828
11100000.0,1.384148275256
11107100.0,1.3831020955753561
11118300.0,1.381449694388988
11137400.0,1.3786316570086639
11150000.0,1.376770205674
11158000.0,1.3758399455408798
11172400.0,1.374158273301264
11189700.0,1.372149691825892
11206200.0,1.3702582318638319
11223900.0,1.368294799631804
11245000.0,1.3659447334682
11254700.0,1.364873366369292
11272200.0,1.3629477570155921
11287600.0,1.361253065384336
11300000.0,1.3598853819280001
11307300.0,1.359095654369028
11328900.0,1.356753163509604
11345600.0,1.354950800669216
11352400.0,1.354221582806064
11373200.0,1.352026368459952
11389900.0,1.3502640606195642
11412400.0,1.347992194307664
11435000.0,1.3457903140565999
11450000.0,1.344321658182
11463800.0,1.343100099577368
11480200.0,1.3416468785544722
11500000.0,1.3398947286
11513900.0,1.3388435509224461
11534000.0,1.33732635183476
11550000.0,1.336119588357
11558000.0,1.33562556411812
11575600.0,1.334538949792584
11600000.0,1.333031563114
11624000.0,1.33194166539736
11645200.0,1.3309805254143279
11654800.0,1.330601440327672
11688700.0,1.329438629552918
11702500.0,1.32898301286585
11714700.0,1.328668882026558
11743900.0,1.327953932804646
11757900.0,1.3276443441366061
11784200.0,1.3271241136387881
11801600.0,1.326788491294224
11806100.0,1.326722796722354
11812100.0,1.326627192293194
11817900.0,1.326536914845006
11823500.0,1.32645195437779
11826200.0,1.326410137634668
11831600.0,1.326326499148424
11836800.0,1.3262481826431518
11841800.0,1.326171183118852
11846600.0,1.326095500575524
11849100.0,1.326059005813374
11851400.0,1.326023823032196
11856000.0,1.32594946246984
11860400.0,1.325880418888456
11864700.0,1.325816046297558
11866800.0,1.325782185497352
11870900.0,1.325715119887426
11874900.0,1.325652720267986
11878800.0,1.325590976639032
11882400.0,1.325535220981536
11884300.0,1.325506682162302
11887900.0,1.3254509215048058
11891400.0,1.325395821837796
11894700.0,1.3253420391517579
11897000.0,1.32530685637058
11899600.0,1.325265695617944
11901100.0,1.325239795760654
11907200.0,1.325123505341008
11912900.0,1.325017868883306
11918200.0,1.324918866387548
11922700.0,1.3248291418156781
11925600.0,1.324777993091584
11930200.0,1.3246916175292278
11934500.0,1.32461121993833
11938500.0,1.32453680531889
11942000.0,1.3244696906518798
11944100.0,1.324431824851674
11947500.0,1.32436937117515
11950000.0,1.324320856413
11953800.0,1.324227738774532
11956700.0,1.324152560050438
11961900.0,1.324022178545166
11966500.0,1.32390776298281
11970600.0,1.3238046573728839
11974100.0,1.323717512705874
11978200.0,1.3236144070959481
11981400.0,1.323537250400396
11985800.0,1.3234321668190119
11989100.0,1.3233503491329741
11993900.0,1.323238621589646
12000000.0,1.3230943011699998
12024800.0,1.322381167040112
12046600.0,1.321752753046904
12055000.0,1.3215171486642
12056100.0,1.3214684676140838
12084800.0,1.320270334306512
12100000.0,1.319639731614
12108000.0,1.31930678124952
12113500.0,1.31907699099894
12135000.0,1.3181828950194
12159200.0,1.317188491916848
12179600.0,1.316355436987424
12224800.0,1.314521187928112
12256700.0,1.313232742474748
12268400.0,1.312729189941696
12300000.0,1.311375922502
12311700.0,1.3108856849689479
12350200.0,1.3092788282148882
12375100.0,1.308264113080444
12406200.0,1.306996685663528
12418000.0,1.30650601712592
12424800.0,1.3062225138161119
12434500.0,1.3058215763741798
12444600.0,1.305402789914024
12449400.0,1.305204551695336
12454100.0,1.305014784481204
12471700.0,1.304293262679348
12484800.0,1.3037605860825119
12494200.0,1.303385056654248
12500800.0,1.3031203349890719
12506900.0,1.3028741559319958
12512700.0,1.3026366700252678
12513500.0,1.30260280662434
12523300.0,1.3022000137129721
12535100.0,1.301716574799284
12543400.0,1.301377272639656
12551800.0,1.301041754429912
12563000.0,1.30059572181692
12567500.0,1.3004132595617
12567700.0,1.3004047974614679
12581800.0,1.299848034395112
12600000.0,1.2991257382739998
12603100.0,1.298998895720404
12606100.0,1.2988762692169238
12607600.0,1.298816963465184
12610600.0,1.298694336961704
12612100.0,1.298635031209964
12612200.0,1.2986308101598478
12615000.0,1.2985166257566
12616400.0,1.298461536054976
12617800.0,1.298402446353352
12619300.0,1.298343135601612
12623700.0,1.298165424396508
12627500.0,1.2980090344921
12629200.0,1.297941281640128
12630200.0,1.297899071138968
12632900.0,1.297793117785836
12634500.0,1.2977255809839798
12638000.0,1.2975858592299199
12640500.0,1.29748433797702
12644600.0,1.2973192899222639
12647800.0,1.2971882263185521
12649700.0,1.297112031366348
12650200.0,1.297090926115768
12654200.0,1.2969300991111279
12657100.0,1.2968157036577639
12658000.0,1.2967793542067199
12658500.0,1.29675744395614
12661500.0,1.29664020245266
12663300.0,1.2965681835505718
12663600.0,1.296555510400224
12667800.0,1.296390136295352
12671800.0,1.2962291992907118
12673900.0,1.296144512238276
12677800.0,1.295987801283752
12679700.0,1.2959155613315478
12679800.0,1.295911340281432
12683400.0,1.295767297477256
12687000.0,1.29562325967308
12687300.0,1.295610591522732
12690500.0,1.29548344291902
12693900.0,1.2953478522150759
12695500.0,1.29528828541322
12698800.0,1.2951569157593918
12700300.0,1.295097565007652
12701900.0,1.295033973205796
12704900.0,1.294915241702316
12706400.0,1.294855875950576
12707000.0,1.2948305246498801
12709300.0,1.294741365497212
12712800.0,1.294601508743152
12717500.0,1.2944149593877001
12720100.0,1.294313127084684
12723400.0,1.294181722430856
12724600.0,1.294135029829464
12725000.0,1.294118130629
12729600.0,1.2939398123236638
12732900.0,1.293808402669836
12736000.0,1.29368945011624
12739900.0,1.293536699161716
12741800.0,1.293464439209512
12743400.0,1.293400847407656
12743600.0,1.293392400307424
12747000.0,1.2932607746034799
12748600.0,1.2932011878016239
12748700.0,1.293196961751508
12751900.0,1.293073783147796
12754800.0,1.292959277694432
12757600.0,1.2928529982911838
12760600.0,1.2927382717877038
12765100.0,1.292564179532484
12769300.0,1.292402755427612
12770500.0,1.29235606782622
12771200.0,1.292326490475408
12774700.0,1.292194643721348
12777800.0,1.292071691167752
12783000.0,1.29187202656172
12785100.0,1.2917913145092839
12788600.0,1.291659467755224
12791400.0,1.291553193351976
12791700.0,1.291540520201628
12795200.0,1.291404668447568
12800000.0,1.291221903042
12812200.0,1.290649319927848
12823700.0,1.290110379164508
12834500.0,1.28960908075198
12839800.0,1.289360665095832
12849400.0,1.2889141792846959
12854100.0,1.2886991749292438
12859100.0,1.288467467423444
12867300.0,1.288088261313932
12871400.0,1.287902663259176
12876100.0,1.287687658903724
12883000.0,1.28737550644572
12886700.0,1.287210852591428
12891000.0,1.28701678743644
12896900.0,1.286754980479596
12899600.0,1.286636667126464
12904200.0,1.2864339088211278
12910100.0,1.286180111864284
12915700.0,1.285943023057788
12925300.0,1.2855405922466518
12929900.0,1.285353853941316
12935400.0,1.285137021184936
12942200.0,1.284873154777048
12945800.0,1.284736761972872
12950500.0,1.28456581261742
12956700.0,1.2843473775102279
12962100.0,1.284166820803964
12970200.0,1.283916005744568
12973900.0,1.283811421890276
12980400.0,1.283640358632736
12989000.0,1.28345248332276
12994500.0,1.2833557955663801
13000000.0,1.28328314281
13006200.0,1.2830398973946
13029500.0,1.2821357158335
13049700.0,1.2813491544801
13059400.0,1.2809760888302
13076300.0,1.2803272626979
13087100.0,1.2799096169743
13098000.0,1.279495931244
13116300.0,1.2788023850179
13135900.0,1.2780601637047
13143400.0,1.2777762482022
13143900.0,1.2777559881687
13157000.0,1.2772691672910002
13175800.0,1.2765713760314
13200000.0,1.27567477941
13212400.0,1.2751962035792
13235000.0,1.274331207065
13249700.0,1.2737655460801
13263900.0,1.2732323651286999
13280300.0,1.2726131390299
13287800.0,1.2723301735274
13288000.0,1.272321988514
13301700.0,1.2717772975961
13324700.0,1.2708647960551
13342300.0,1.2701851248759
13362100.0,1.2694194985493001
13385800.0,1.2685023969614
13412400.0,1.2674747151792
13435000.0,1.266602598665
13454900.0,1.2658368873316999
13480800.0,1.2648378305964
13499600.0,1.2641130943368002
13508700.0,1.263777182243946
13530000.0,1.2629818337374
13560600.0,1.261847515953348
13585200.0,1.2609313702838159
13600000.0,1.260385729068
13612400.0,1.2599194716979922
13656200.0,1.258276025261996
13674100.0,1.257607870953678
13689700.0,1.257021163455926
13700000.0,1.256637403826
13727500.0,1.2556321991344501
13759000.0,1.2544799430332199
13779600.0,1.253734223773368
13824800.0,1.252081338843984
13884800.0,1.249872097698784
13913500.0,1.24881547358433
13967500.0,1.24684491455365
14000000.0,1.2456627531
14049700.0,1.243928335661272
14143500.0,1.24067772155156
14249700.0,1.236983841813272
14310000.0,1.2348793423856002
14400000.0,1.2317567204039999
14449700.0,1.230017262965272
14524700.0,1.2274284661876957
14699700.0,1.2215662480235956
14855000.0,1.21636624341854
14899700.0,1.2148480486931956
15000000.0,1.211450907654
15200000.0,1.204998178592
15400000.0,1.19847940453
15410300.0,1.198140476078307
15600000.0,1.1920691141396
15900000.0,1.1825184565614
15961000.0,1.180552065087166
16000000.0,1.1792879407019998
16100000.0,1.1762420375968
16400000.0,1.1670422032812
16500000.0,1.163930260176
16511100.0,1.1635854756213229
16700000.0,1.1576661889656
17000000.0,1.14814106965
17061400.0,1.1463491592768018
17200000.0,1.1423108559588
17500000.0,1.133551055422
17612000.0,1.130281169154928
17800000.0,1.1247802148852
18000000.0,1.1189059461939999
18100000.0,1.1162279513133
18162200.0,1.1145628390575046
18300000.0,1.1108609265519
18500000.0,1.1054568917904999
18700000.0,1.1000187870291
18800000.0,1.0972897221484001
19000000.0,1.0917955223870002
19263000.0,1.0852232244710711
19400000.0,1.0817872390738
19600000.0,1.0767383199172
19813000.0,1.071310040540421
19900000.0,1.0690732236823
20000000.0,1.067100606604
