1.03125E-05,104854
1.06250E-05,103300
1.09375E-05,101814
1.12500E-05,100390
1.15625E-05,99024.3
1.18750E-05,97712.8
1.21875E-05,96452.0
1.25000E-05,95238.8
1.28125E-05,94070.3
1.31250E-05,92943.8
1.34375E-05,91856.8
1.37500E-05,90807.1
1.43750E-05,88811.3
1.50000E-05,86941.5
1.56250E-05,85185.1
1.62500E-05,83531.1
1.68750E-05,81969.8
1.75000E-05,80492.9
1.81250E-05,79093.1
1.87500E-05,77763.9
1.93750E-05,76499.5
2.00000E-05,75294.9
2.09375E-05,73590.1
2.18750E-05,71996.2
2.28125E-05,70501.5
2.37500E-05,69096.3
2.46875E-05,67771.8
2.56250E-05,66520.8
2.65625E-05,65336.6
2.75000E-05,64213.4
2.84375E-05,63146.3
2.93750E-05,62130.7
3.03125E-05,61162.6
3.12500E-05,60238.3
3.21875E-05,59354.8
3.31250E-05,58509.0
3.40625E-05,57698.4
3.50000E-05,56920.6
3.59375E-05,56173.5
3.68750E-05,55455.0
3.78125E-05,54763.4
3.87500E-05,54097.1
3.96875E-05,53454.5
4.06250E-05,52834.3
4.25000E-05,51656.0
4.43750E-05,50553.2
4.62500E-05,49518.2
4.81250E-05,48544.3
5.00000E-05,47625.7
5.15625E-05,46898.8
5.31250E-05,46204.3
5.46875E-05,45539.7
5.62500E-05,44903.0
5.78125E-05,44292.3
5.93750E-05,43705.8
6.09375E-05,43142.1
6.25000E-05,42599.6
6.40625E-05,42077.2
6.56250E-05,41573.4
6.71875E-05,41087.4
6.87500E-05,40618.1
7.18750E-05,39725.7
7.50000E-05,38889.7
7.81250E-05,38104.4
8.12500E-05,37364.8
8.43750E-05,36666.8
8.75000E-05,36006.4
9.06250E-05,35380.6
9.37500E-05,34786.3
9.68750E-05,34221.0
0.000100000,33682.4
0.000103125,33168.5
0.000106250,32677.5
0.000109375,32207.6
0.000112500,31757.5
0.000115625,31325.7
0.000118750,30911.1
0.000121875,30512.6
0.000125000,30129.1
0.000128125,29759.8
0.000131250,29403.7
0.000134375,29060.1
0.000137500,28728.3
0.000143750,28097.4
0.000150000,27506.4
0.000156250,26951.3
0.000162500,26428.5
0.000168750,25935.0
0.000175000,25468.2
0.000181250,25025.8
0.000187500,24605.7
0.000193750,24206.1
0.000200000,23825.4
0.000209375,23286.7
0.000218750,22783.0
0.000228125,22310.6
0.000237500,21866.6
0.000246875,21448.1
0.000256250,21052.8
0.000265625,20678.6
0.000275000,20323.7
0.000284375,19986.6
0.000293750,19665.7
0.000303125,19359.8
0.000312500,19067.8
0.000321875,18788.7
0.000331250,18521.5
0.000340625,18265.5
0.000350000,18019.8
0.000359375,17783.8
0.000368750,17556.8
0.000378125,17338.4
0.000387500,17127.9
0.000396875,16924.9
0.000406250,16729.1
0.000425000,16356.9
0.000443750,16008.7
0.000462500,15681.9
0.000481250,15374.3
0.000500000,15084.3
0.000515625,14854.8
0.000531250,14635.5
0.000546875,14425.7
0.000562500,14224.7
0.000578125,14031.9
0.000593750,13846.8
0.000609375,13668.9
0.000625000,13497.7
0.000640625,13332.8
0.000656250,13173.8
0.000671875,13020.4
0.000687500,12872.3
0.000718750,12590.7
0.000750000,12327.0
0.000781250,12079.2
0.000812500,11845.9
0.000843750,11625.7
0.000875000,11417.5
0.000906250,11220.1
0.000937500,11032.7
0.000968750,10854.5
0.00100000,10684.7
0.00103125,10522.7
0.00106250,10367.9
0.00109375,10219.8
0.00112500,10078.0
0.00115625,9941.93
0.00118750,9811.30
0.00121875,9685.74
0.00125000,9564.94
0.00128125,9448.59
0.00131250,9336.44
0.00134375,9228.23
0.00137500,9123.74
0.00143750,8925.12
0.00150000,8739.08
0.00156250,8564.35
0.00162500,8399.84
0.00168750,8244.59
0.00175000,8097.77
0.00181250,7958.63
0.00187500,7826.54
0.00193750,7700.92
0.00200000,7581.26
0.00209375,7411.96
0.00218750,7253.72
0.00228125,7105.39
0.00237500,6965.97
0.00246875,6834.61
0.00256250,6710.57
0.00265625,6593.19
0.00275000,6481.91
0.00284375,6376.21
0.00293750,6275.64
0.00303125,6179.81
0.00312500,6088.36
0.00321875,6000.96
0.00331250,5917.33
0.00340625,5837.20
0.00350000,5760.34
0.00359375,5686.53
0.00368750,5615.57
0.00378125,5547.30
0.00387500,5481.54
0.00396875,5418.15
0.00406250,5356.99
0.00425000,5240.84
0.00443750,5132.22
0.00462500,5030.33
0.00481250,4934.53
0.00500000,4844.23
0.00515625,4772.82
0.00531250,4704.63
0.00546875,4639.41
0.00562500,4576.97
0.00578125,4517.11
0.00593750,4459.67
0.00609375,4404.48
0.00625000,4351.40
0.00640625,4300.31
0.00656250,4251.09
0.00687500,4157.80
0.00718750,4070.76
0.00750000,3989.32
0.00781250,3912.90
0.00812500,3841.03
0.00843750,3773.26
0.00875000,3709.23
0.00906250,3648.62
0.00937500,3591.13
0.00968750,3536.52
0.0100000,3484.56
0.0103125,3435.04
0.0106250,3387.78
0.0109375,3342.63
0.0112500,3299.42
0.0115625,3258.04
0.0118750,3218.35
0.0121875,3180.25
0.0125000,3143.64
0.0128125,3108.42
0.0131250,3074.51
0.0137500,3010.33
0.0143750,2950.53
0.0150000,2894.66
0.0156250,2842.32
0.0162500,2793.16
0.0168750,2746.88
0.0175000,2703.24
0.0181250,2661.98
0.0187500,2622.93
0.0193750,2585.89
0.0200000,2550.71
0.0206625,2515.28
0.0213250,2481.63
0.0219875,2449.62
0.0226500,2419.13
0.0233125,2390.05
0.0239750,2362.27
0.0246375,2335.72
0.0253000,2310.31
0.0259754,2285.51
0.0266508,2261.74
0.0273262,2238.95
0.0280016,2217.07
0.0293524,2175.84
0.0307031,2137.68
0.0320539,2102.24
0.0334047,2069.25
0.0347555,2038.45
0.0361063,2009.65
0.0378430,1975.26
0.0395797,1943.54
0.0413164,1914.20
0.0430531,1887.02
0.0447899,1861.77
0.0465266,1838.28
0.0482633,1816.39
0.0500000,1795.96
0.0515625,1778.73
0.0531250,1762.51
0.0546875,1747.23
0.0562500,1732.82
0.0578125,1719.22
0.0593750,1706.39
0.0625000,1682.80
0.0656250,1661.71
0.0687500,1642.85
0.0718750,1625.99
0.0750000,1610.94
0.0781250,1597.53
0.0812500,1585.62
0.0843750,1575.09
0.0875000,1565.81
0.0906250,1557.70
0.0937500,1550.68
0.0968750,1544.66
0.100000,1539.59
0.103125,1535.41
0.106250,1532.07
0.109375,1529.52
0.112500,1527.72
0.115625,1526.65
0.118750,1526.26
0.121875,1526.53
0.125000,1527.44
0.128125,1528.96
0.131250,1531.07
0.134375,1533.76
0.137500,1537.01
0.140625,1540.81
0.143750,1545.14
0.146875,1550.00
0.150000,1555.38
0.153125,1561.27
0.156250,1567.67
0.159375,1574.56
0.162500,1581.95
0.165625,1589.83
0.168750,1598.21
0.171875,1607.08
0.175000,1616.43
0.178125,1626.28
0.181250,1636.63
0.184375,1647.47
0.187500,1658.81
0.190625,1670.65
0.193750,1683.00
0.196875,1695.87
0.200000,1709.26
0.203223,1723.62
0.206445,1738.56
0.209668,1754.07
0.212891,1770.18
0.216113,1786.90
0.219336,1804.23
0.222559,1822.19
0.225781,1840.79
0.229004,1860.05
0.232227,1879.98
0.235449,1900.61
0.238672,1921.95
0.241895,1944.02
0.245117,1966.83
0.248340,1990.42
0.251563,2014.81
0.254492,2037.68
0.257422,2061.26
0.260352,2085.54
0.263281,2110.57
0.266211,2136.35
0.269141,2162.92
0.272070,2190.29
0.275000,2218.50
0.278223,2250.51
0.281445,2283.61
0.284668,2317.82
0.287891,2353.19
0.291113,2389.77
0.294336,2427.59
0.297559,2466.71
0.300781,2507.18
0.304004,2549.06
0.307227,2592.40
0.310449,2637.27
0.313672,2683.72
0.316895,2731.83
0.320117,2781.68
0.323340,2833.33
0.326563,2886.86
0.329492,2937.24
0.332422,2989.33
0.335352,3043.18
0.338281,3098.89
0.341211,3156.52
0.344141,3216.17
0.347070,3277.93
0.350000,3341.88
0.353223,3414.90
0.356445,3490.85
0.359668,3569.88
0.362891,3652.15
0.364502,3694.56
0.366113,3737.85
0.367725,3782.03
0.369336,3827.15
0.370947,3873.21
0.372559,3920.25
0.374170,3968.30
0.375781,4017.38
0.377393,4067.53
0.379004,4118.76
0.380615,4171.12
0.382227,4224.63
0.383838,4279.34
0.385449,4335.26
0.387061,4392.45
0.388672,4450.94
0.390283,4510.76
0.391895,4571.96
0.393506,4634.58
0.395117,4698.66
0.396729,4764.26
0.398340,4831.40
0.399951,4900.15
0.401563,4970.56
0.403027,5036.05
0.404492,5102.98
0.405957,5171.42
0.407422,5241.39
0.408887,5312.95
0.410352,5386.14
0.411817,5461.02
0.413281,5537.63
0.414746,5616.03
0.416211,5696.27
0.417676,5778.42
0.419141,5862.52
0.420606,5948.65
0.422070,6036.86
0.423535,6127.23
0.425000,6219.82
0.426392,6309.92
0.427783,6402.15
0.429175,6496.58
0.430567,6593.30
0.431958,6692.36
0.433350,6793.85
0.434741,6897.84
0.436133,7004.42
0.437525,7113.68
0.438916,7225.70
0.440308,7340.57
0.441699,7458.40
0.443091,7579.29
0.444483,7703.34
0.445874,7830.66
0.447266,7961.37
0.448877,8117.11
0.450488,8277.75
0.452100,8443.49
0.453711,8614.56
0.455322,8791.18
0.456934,8973.59
0.458545,9162.04
0.460156,9356.80
0.461768,9558.17
0.463379,9766.41
0.464990,9981.85
0.466602,10204.8
0.468213,10435.7
0.469824,10674.8
0.471436,10922.6
0.473047,11179.4
0.474658,11445.8
0.476270,11722.1
0.477881,12008.8
0.479492,12306.6
0.481104,12615.9
0.482715,12937.3
0.484326,13271.5
0.485938,13619.1
0.486817,13814.7
0.487695,14014.5
0.488574,14218.8
0.489453,14427.7
0.490332,14641.3
0.491211,14859.8
0.492090,15083.2
0.492969,15311.8
0.493848,15545.7
0.494727,15785.1
0.495606,16030.1
0.496484,16280.8
0.500000,17345.5
0.502746,18251.5
0.505492,19230.0
0.508237,20288.6
0.510983,21435.7
0.513729,22680.6
0.516474,24033.9
0.519220,25507.3
0.521966,27113.6
0.524711,28867.5
0.527457,30784.6
0.530203,32882.3
0.532949,35179.4
0.535694,37695.5
0.538440,40451.5
0.541186,43468.3
0.543931,46766.4
0.546686,50376.9
0.549441,54305.1
0.552195,58561.4
0.554950,63148.8
0.557705,68059.8
0.560460,73274.1
0.563214,78755.1
0.565969,84448.0
0.572692,98723.7
0.576054,105681
0.579416,112193
0.582777,117990
0.584458,120537
0.586139,122806
0.587820,124769
0.589501,126400
0.591182,127678
0.592863,128584
0.594931,129172
0.597000,129166
0.599069,128567
0.600750,127652
0.602431,126365
0.604112,124725
0.605792,122753
0.607473,120475
0.609154,117919
0.610835,115116
0.612516,112099
0.615877,105556
0.619239,98555.0
0.625963,84146.1
0.630248,75257.8
0.632391,71013.5
0.634534,66935.3
0.636676,63039.3
0.638819,59336.7
0.640962,55833.1
0.643104,52530.3
0.645814,48638.8
0.648523,45056.3
0.651232,41768.5
0.653941,38757.9
0.656651,36005.3
0.659360,33491.1
0.662069,31195.3
0.664778,29098.7
0.666765,27677.3
0.668752,26346.5
0.670739,25099.9
0.672725,23931.7
0.674712,22836.1
0.676699,21807.9
0.678686,20842.4
0.680672,19935.0
0.682659,19081.6
0.684646,18278.3
0.686633,17521.5
0.688620,16808.2
0.690606,16135.0
0.692593,15499.4
0.694580,14898.6
0.696567,14330.5
0.698553,13792.6
0.700540,13283.1
0.704514,12341.8
0.708487,11493.1
0.712461,10725.9
0.716434,10030.2
0.720408,9397.72
0.724381,8821.27
0.728355,8294.59
0.730883,7982.82
0.733412,7687.75
0.738469,7143.24
0.743526,6652.97
0.748584,6210.11
0.753641,5808.81
0.758698,5444.09
0.763755,5111.68
0.768813,4807.91
0.772786,4587.24
0.776760,4380.97
0.780733,4187.88
0.784707,4006.90
0.788680,3837.06
0.792654,3677.48
0.796627,3527.37
0.800601,3386.00
0.804574,3252.73
0.808548,3126.95
0.812522,3008.12
0.816495,2895.75
0.820469,2789.38
0.824442,2688.61
0.832389,2502.34
0.840336,2334.27
0.848283,2182.14
0.856230,2044.01
0.864177,1918.26
0.872125,1803.45
0.880072,1698.37
0.888019,1601.98
0.895966,1513.36
0.901745,1453.32
0.907525,1396.70
0.913305,1343.26
0.919085,1292.76
0.924864,1244.99
0.930644,1199.76
0.942203,1116.20
0.953763,1040.82
0.965322,972.582
0.976881,910.646
0.988441,854.274
1.00000,802.834
1.01367,747.631
1.02734,697.826
1.04102,652.760
1.05469,611.868
1.06836,574.643
1.08203,540.630
1.09570,509.459
1.10938,480.838
1.11817,463.662
1.12695,447.373
1.14453,417.224
1.16211,389.971
1.17969,365.262
1.19727,342.794
1.21484,322.310
1.23242,303.585
1.25000,286.428
1.27149,267.344
1.29297,250.092
1.31445,234.447
1.33594,220.219
1.35742,207.245
1.37891,195.385
1.40039,184.516
1.42188,174.533
1.44141,166.148
1.46094,158.359
1.48047,151.111
1.50000,144.356
1.51563,139.278
1.53125,134.471
1.54688,129.918
1.56250,125.604
1.59375,117.607
1.62500,110.354
1.65625,103.768
1.68750,97.7750
1.71875,92.3071
1.75000,87.3054
1.78125,82.7192
1.81250,78.5045
1.84375,74.6228
1.87500,71.0404
1.90625,67.7278
1.93750,64.6590
1.96875,61.8103
2.00000,59.1605
2.02930,56.8461
2.05859,54.6860
2.08789,52.6562
2.11719,50.7453
2.14649,48.9479
2.17578,47.2561
2.20508,45.6617
2.23438,44.1577
2.26367,42.7374
2.29297,41.3947
2.32227,40.1241
2.35156,38.9207
2.38086,37.7798
2.41016,36.6972
2.46875,34.6918
2.50391,33.5816
2.53906,32.5348
2.57422,31.5468
2.60938,30.6131
2.64453,29.7299
2.67969,28.8938
2.71484,28.1013
2.75000,27.3496
2.81445,26.0682
2.87891,24.8998
2.94336,23.8314
3.00781,22.8520
3.07227,21.9519
3.13672,21.1229
3.20117,20.3575
3.26563,19.6495
3.32422,19.0509
3.38281,18.4912
3.44141,17.9674
3.50000,17.4781
3.59375,16.7552
3.68750,16.0974
3.78125,15.4986
3.87500,14.9521
3.96875,14.4518
4.06250,13.9925
4.15625,13.5698
4.25000,13.1798
4.34375,12.8191
4.43750,12.4849
4.53125,12.1745
4.62500,11.8856
4.71875,11.6163
4.81250,11.3647
4.90625,11.1292
5.00000,10.9091
5.10050,10.6885
5.20101,10.4809
5.30151,10.2857
5.40202,10.1031
5.50252,9.93114
5.60302,9.76864
5.70353,9.61574
5.80403,9.47139
5.90454,9.33441
6.00504,9.20485
6.10554,9.08220
6.20605,8.96546
6.30655,8.85456
6.40706,8.74930
6.50756,8.64889
6.60806,8.55318
6.80907,8.37515
7.01008,8.21290
7.21109,8.06506
7.41209,7.93068
7.61310,7.80893
7.71361,7.75293
7.81411,7.70011
7.91461,7.65073
8.01512,7.60514
8.11562,7.56356
8.21613,7.52620
8.29836,7.49963
8.38059,7.47758
8.46282,7.46069
8.54505,7.45018
8.62728,7.44777
8.66839,7.45028
8.70951,7.45573
8.75062,7.46467
8.79174,7.47785
8.83285,7.49610
8.87397,7.52037
8.91052,7.54801
8.94706,7.58251
8.98361,7.62527
9.02016,7.67811
9.03843,7.70902
9.05670,7.74340
9.07498,7.78170
9.09325,7.82441
9.11153,7.87213
9.12980,7.92552
9.14807,7.98536
9.16634,8.05258
9.18690,8.13840
9.20746,8.23684
9.22802,8.35024
9.24858,8.48152
9.25885,8.55499
9.26913,8.63439
9.27941,8.72036
9.28969,8.81361
9.29997,8.91496
9.31025,9.02534
9.32053,9.14584
9.33081,9.27770
9.34337,9.45645
9.35593,9.65754
9.36850,9.88482
9.38106,10.1431
9.38734,10.2857
9.39362,10.4383
9.39990,10.6020
9.40618,10.7780
9.41247,10.9675
9.41875,11.1719
9.42503,11.3931
9.43131,11.6328
9.43616,11.8323
9.44102,12.0454
9.44587,12.2736
9.45073,12.5183
9.45558,12.7813
9.46043,13.0645
9.46529,13.3702
9.47014,13.7010
9.47500,14.0597
9.47985,14.4498
9.48470,14.8749
9.48956,15.3396
9.49441,15.8487
9.49927,16.4079
9.50412,17.0238
9.50897,17.7035
9.51211,18.1814
9.51525,18.6919
9.51840,19.2378
9.52154,19.8217
9.52468,20.4471
9.52782,21.1171
9.53096,21.8351
9.53410,22.6047
9.53724,23.4301
9.54038,24.3154
9.54352,25.2649
9.54666,26.2827
9.54980,27.3742
9.55294,28.5441
9.55608,29.7972
9.55922,31.1382
9.56208,32.4390
9.56494,33.8206
9.56779,35.2873
9.57065,36.8429
9.57350,38.4918
9.57636,40.2365
9.57921,42.0809
9.58207,44.0283
9.58492,46.0825
9.58778,48.2446
9.59063,50.5176
9.59349,52.9034
9.59634,55.4032
9.59920,58.0179
9.60205,60.7476
9.60491,63.5917
9.60805,66.8516
9.61119,70.2457
9.61747,77.4196
9.62375,85.0654
9.63003,93.1115
9.64260,110.011
9.65516,127.102
9.66315,137.492
9.67115,147.065
9.67557,151.879
9.68000,156.269
9.68500,160.647
9.69000,164.339
9.69500,167.281
9.70000,169.420
9.70500,170.721
9.71000,171.160
9.71500,170.730
9.72000,169.440
9.72500,167.314
9.73000,164.392
9.73500,160.726
9.74000,156.381
9.74554,150.862
9.75108,144.714
9.75662,138.054
9.76216,131.006
9.77324,116.217
9.78433,101.273
9.78987,93.9904
9.79542,86.9416
9.80096,80.1904
9.80650,73.7878
9.81204,67.7681
9.81759,62.1563
9.82036,59.5071
9.82313,56.9646
9.82590,54.5271
9.82867,52.1955
9.83144,49.9673
9.83422,47.8426
9.83699,45.8179
9.83976,43.8925
9.84253,42.0624
9.84530,40.3264
9.84807,38.6801
9.85084,37.1217
9.85362,35.6467
9.85639,34.2528
9.85916,32.9358
9.86193,31.6930
9.86470,30.5201
9.86747,29.4146
9.87025,28.3723
9.87302,27.3907
9.87579,26.4657
9.87856,25.5950
9.88133,24.7747
9.88410,24.0026
9.88687,23.2753
9.88965,22.5906
9.89242,21.9453
9.89519,21.3375
9.89972,20.4169
9.90426,19.5805
9.90879,18.8193
9.91333,18.1255
9.91786,17.4919
9.92240,16.9123
9.92693,16.3810
9.93147,15.8928
9.93601,15.4432
9.94054,15.0285
9.94508,14.6449
9.94961,14.2894
9.95415,13.9592
9.95868,13.6518
9.96322,13.3651
9.96775,13.0972
9.97581,12.6620
9.98388,12.2727
9.99194,11.9226
10.0000,11.6064
10.0067,11.3654
10.0134,11.1429
10.0202,10.9362
10.0269,10.7445
10.0336,10.5657
10.0403,10.3991
10.0470,10.2431
10.0537,10.0971
10.0604,9.96001
10.0672,9.83133
10.0806,9.59584
10.0940,9.38603
10.1074,9.19827
10.1190,9.05121
10.1306,8.91653
10.1422,8.79279
10.1538,8.67889
10.1654,8.57356
10.1770,8.47608
10.1886,8.38550
10.2002,8.30128
10.2118,8.22266
10.2234,8.14920
10.2466,8.01598
10.2698,7.89838
10.2930,7.79391
10.3113,7.71931
10.3296,7.65085
10.3479,7.58779
10.3662,7.52952
10.3845,7.47553
10.4028,7.42536
10.4395,7.33494
10.4761,7.25560
10.5127,7.18533
10.5493,7.12258
10.5859,7.06616
10.6275,7.00863
10.6690,6.95686
10.7105,6.90994
10.7520,6.86718
10.7935,6.82794
10.8350,6.79165
10.9180,6.72626
11.0010,6.66870
11.0840,6.61730
11.1670,6.57077
11.2500,6.52817
11.3672,6.47342
11.4844,6.42380
11.6016,6.37764
11.7188,6.33457
11.8359,6.29406
11.9531,6.25564
12.1875,6.18384
12.3438,6.13901
12.5000,6.09624
12.8125,6.01538
13.1250,5.93958
13.4375,5.86802
13.7500,5.80015
14.0625,5.73565
14.3750,5.67446
14.6875,5.61657
14.8438,5.58895
15.0000,5.56238
15.2149,5.52757
15.4297,5.49499
15.6445,5.46494
15.8594,5.43782
16.0742,5.41411
16.2891,5.39443
16.5039,5.37953
16.7188,5.37036
16.9141,5.36800
17.1094,5.37245
17.3047,5.38507
17.5000,5.40753
17.6660,5.43592
17.8320,5.47450
17.9981,5.52519
18.1641,5.59031
18.2471,5.62915
18.3301,5.67268
18.4131,5.72104
18.4961,5.77491
18.5791,5.83541
18.6621,5.90304
18.7451,5.97838
18.8281,6.06221
18.9356,6.18488
19.0430,6.32569
19.1504,6.48739
19.2578,6.67321
19.3652,6.88701
19.4727,7.13340
19.5801,7.41791
19.6875,7.74724
19.7656,8.01951
19.8438,8.32345
19.9219,8.66344
20.0000,9.04445
20.0600,9.36834
20.1199,9.72273
20.1798,10.1109
20.2398,10.5368
20.2997,11.0056
20.3297,11.2578
20.3597,11.5228
20.3896,11.8015
20.4196,12.0945
20.4496,12.4030
20.4795,12.7277
20.4987,12.9447
20.5179,13.1690
20.5371,13.4011
20.5563,13.6413
20.5755,13.8898
20.5946,14.1472
20.6042,14.2793
20.6138,14.4137
20.6234,14.5505
20.6330,14.6898
20.6426,14.8315
20.6522,14.9759
20.6618,15.1228
20.6714,15.2724
20.6809,15.4247
20.6905,15.5799
20.7001,15.7379
20.7097,15.8988
20.7229,16.1250
20.7361,16.3571
20.7493,16.5952
20.7625,16.8393
20.7733,17.0439
20.7840,17.2530
20.7948,17.4666
20.8056,17.6848
20.8188,17.9582
20.8320,18.2389
20.8452,18.5273
20.8584,18.8233
20.8716,19.1278
20.8847,19.4405
20.8979,19.7623
20.9111,20.0928
20.9177,20.2619
20.9243,20.4331
20.9309,20.6069
20.9375,20.7830
20.9441,20.9619
20.9507,21.1431
20.9573,21.3272
20.9639,21.5137
20.9741,21.8074
20.9843,22.1078
20.9944,22.4150
21.0046,22.7293
21.0148,23.0509
21.0250,23.3799
21.0352,23.7167
21.0454,24.0611
21.0520,24.2887
21.0586,24.5194
21.0652,24.7541
21.0718,24.9920
21.0850,25.4794
21.0981,25.9818
21.1113,26.5006
21.1245,27.0360
21.1377,27.5889
21.1509,28.1593
21.1641,28.7491
21.1773,29.3585
21.1905,29.9885
21.2036,30.6393
21.2168,31.3129
21.2300,32.0099
21.2432,32.7312
21.2564,33.4774
21.2696,34.2508
21.2828,35.0521
21.2960,35.8826
21.3091,36.7430
21.3223,37.6360
21.3355,38.5619
21.3487,39.5238
21.3619,40.5219
21.3763,41.6559
21.3907,42.8387
21.4050,44.0731
21.4194,45.3611
21.4338,46.7075
21.4482,48.1138
21.4626,49.5857
21.4770,51.1248
21.4884,52.3952
21.4997,53.7132
21.5111,55.0813
21.5225,56.5018
21.5339,57.9775
21.5453,59.5112
21.5567,61.1058
21.5681,62.7631
21.5795,64.4895
21.5909,66.2871
21.6022,68.1598
21.6136,70.1120
21.6250,72.1479
21.6364,74.2725
21.6478,76.4909
21.6592,78.8065
21.6724,81.6222
21.6856,84.5891
21.6988,87.7178
21.7119,91.0177
21.7251,94.5068
21.7383,98.1967
21.7515,102.103
21.7647,106.240
21.7779,110.631
21.7911,115.296
21.8043,120.257
21.8174,125.534
21.8306,131.165
21.8438,137.177
21.8570,143.605
21.8702,150.483
21.8834,157.865
21.8966,165.797
21.9098,174.333
21.9229,183.531
21.9361,193.478
21.9493,204.240
21.9625,215.929
21.9757,228.636
21.9889,242.510
21.9955,249.931
22.0021,257.687
22.0087,265.824
22.0152,274.342
22.0218,283.280
22.0284,292.667
22.0350,302.549
22.0416,312.932
22.0482,323.886
22.0548,335.420
22.0614,347.614
22.0680,360.485
22.0746,374.105
22.0812,388.539
22.0878,403.881
22.0944,420.163
22.1010,437.523
22.1076,456.006
22.1142,475.780
22.1207,496.911
22.1273,519.567
22.1339,543.909
22.1405,570.157
22.1471,598.437
22.1537,629.066
22.1603,662.212
22.1669,698.274
22.1735,737.478
22.1801,780.255
22.1867,827.030
22.1906,856.789
22.1945,888.224
22.1984,921.452
22.2023,956.504
22.2062,993.693
22.2101,1032.97
22.2140,1074.68
22.2178,1118.78
22.2217,1165.65
22.2256,1215.36
22.2295,1268.11
22.2334,1323.94
22.2373,1383.34
22.2412,1446.23
22.2451,1513.15
22.2490,1584.00
22.2523,1647.48
22.2556,1714.24
22.2589,1784.43
22.2622,1857.97
22.2655,1935.48
22.2688,2016.65
22.2721,2102.15
22.2754,2191.61
22.2787,2285.77
22.2820,2384.51
22.2853,2488.02
22.2886,2596.12
22.2919,2709.64
22.2952,2828.05
22.2985,2952.22
22.3018,3081.56
22.3051,3217.00
22.3084,3358.29
22.3149,3658.44
22.3215,3983.81
22.3281,4334.07
22.3347,4710.68
22.3413,5112.56
22.3479,5540.65
22.3545,5992.96
22.3596,6359.34
22.3647,6738.44
22.3749,7533.92
22.3851,8369.92
22.3953,9233.99
22.4085,10368.8
22.4216,11484.5
22.4348,12538.6
22.4414,13027.2
22.4480,13482.8
22.4568,14030.2
22.4656,14496.5
22.4744,14871.0
22.4832,15144.6
22.4916,15306.2
22.5000,15366.6
22.5028,15364.0
22.5119,15277.1
22.5210,15072.7
22.5301,14756.4
22.5392,14336.6
22.5457,13982.2
22.5521,13585.8
22.5586,13152.0
22.5650,12686.9
22.5773,11726.5
22.5897,10706.0
22.6098,8999.17
22.6199,8165.13
22.6300,7362.80
22.6362,6892.52
22.6424,6440.07
22.6485,6007.01
22.6547,5595.14
22.6609,5203.94
22.6670,4835.18
22.6732,4487.83
22.6793,4162.96
22.6855,3859.20
22.6917,3576.60
22.6979,3314.48
22.7040,3072.42
22.7102,2848.72
22.7163,2643.13
22.7225,2453.96
22.7287,2280.75
22.7346,2128.78
22.7405,1989.22
22.7463,1861.17
22.7522,1743.93
22.7581,1636.27
22.7640,1537.75
22.7699,1447.28
22.7758,1364.46
22.7817,1288.34
22.7875,1218.56
22.7934,1154.33
22.7993,1095.33
22.8052,1040.89
22.8111,990.758
22.8170,944.366
22.8228,901.514
22.8290,859.914
22.8352,821.429
22.8414,785.759
22.8475,752.685
22.8537,721.859
22.8598,693.167
22.8660,666.325
22.8722,641.249
22.8783,617.703
22.8845,595.630
22.8907,574.834
22.8968,555.274
22.9030,536.789
22.9092,519.352
22.9215,487.192
22.9293,468.426
22.9372,450.843
22.9450,434.341
22.9529,418.846
22.9607,404.235
22.9686,390.456
22.9764,377.443
22.9843,365.151
23.0000,342.449
23.0157,322.011
23.0314,303.510
23.0471,286.718
23.0594,274.565
23.0717,263.252
23.0841,252.692
23.0964,242.818
23.1087,233.560
23.1211,224.882
23.1334,216.728
23.1457,209.054
23.1581,201.818
23.1704,194.996
23.1827,188.551
23.1950,182.455
23.2074,176.678
23.2197,171.206
23.2444,161.081
23.2690,151.924
23.2937,143.619
23.3184,136.054
23.3430,129.148
23.3677,122.819
23.3924,117.009
23.4170,111.658
23.4417,106.717
23.4641,102.545
23.4865,98.6515
23.5090,95.0098
23.5314,91.5979
23.5538,88.3947
23.5762,85.3855
23.5986,82.5533
23.6211,79.8842
23.6435,77.3644
23.6659,74.9849
23.6883,72.7343
23.7108,70.6032
23.7332,68.5831
23.7556,66.6663
23.8004,63.1144
23.8251,61.3061
23.8498,59.5924
23.8991,56.4207
23.9484,53.5530
23.9977,50.9511
24.0471,48.5812
24.0964,46.4162
24.1457,44.4325
24.1951,42.6101
24.2265,41.5256
24.2578,40.4956
24.3206,38.5837
24.3834,36.8488
24.4462,35.2699
24.5090,33.8279
24.5717,32.5061
24.6345,31.2905
24.6973,30.1704
24.7466,29.3511
24.7960,28.5808
24.8453,27.8558
24.8946,27.1727
24.9440,26.5286
24.9933,25.9206
25.0426,25.3464
25.0919,24.8040
25.1413,24.2911
25.1906,23.8062
25.2399,23.3477
25.2892,22.9143
25.3386,22.5049
25.3879,22.1183
25.4372,21.7539
25.4866,21.4111
25.5583,20.9498
25.6301,20.5322
25.7018,20.1584
25.7736,19.8296
25.8274,19.6139
25.8812,19.4267
25.9350,19.2707
25.9888,19.1494
26.0426,19.0670
26.0964,19.0295
26.1233,19.0299
26.1502,19.0446
26.1772,19.0751
26.2041,19.1229
26.2377,19.2100
26.2713,19.3318
26.3050,19.4937
26.3386,19.7025
26.3722,19.9670
26.3891,20.1233
26.4059,20.2976
26.4227,20.4921
26.4395,20.7083
26.4563,20.9491
26.4731,21.2166
26.4978,21.6645
26.5225,22.1882
26.5348,22.4832
26.5471,22.8025
26.5595,23.1487
26.5718,23.5246
26.5841,23.9333
26.5965,24.3777
26.6088,24.8620
26.6211,25.3906
26.6334,25.9686
26.6458,26.6021
26.6581,27.2979
26.6704,28.0641
26.6850,29.0745
26.6996,30.2155
26.7142,31.5132
26.7215,32.2297
26.7287,32.9964
26.7360,33.8204
26.7433,34.7068
26.7506,35.6625
26.7579,36.6939
26.7652,37.8129
26.7725,39.0270
26.7797,40.3517
26.7870,41.7973
26.7932,43.1306
26.7994,44.5751
26.8055,46.1436
26.8117,47.8479
26.8179,49.7099
26.8240,51.7422
26.8302,53.9724
26.8364,56.4168
26.8425,59.1099
26.8487,62.0777
26.8549,65.3533
26.8610,68.9675
26.8672,72.9728
26.8734,77.4012
26.8795,82.3165
26.8857,87.7565
26.8902,92.0903
26.8947,96.7513
26.8991,101.786
26.9036,107.197
26.9081,113.038
26.9126,119.312
26.9171,126.076
26.9216,133.331
26.9261,141.143
26.9305,149.507
26.9350,158.495
26.9395,168.100
26.9440,178.397
26.9485,189.375
26.9530,201.088
26.9574,213.567
26.9605,222.636
26.9636,232.063
26.9667,241.917
26.9698,252.143
26.9729,262.817
26.9759,273.874
26.9790,285.358
26.9821,297.273
26.9852,309.665
26.9883,322.458
26.9914,335.695
26.9944,349.377
26.9975,363.554
27.0006,378.131
27.0037,393.154
27.0068,408.619
27.0113,431.948
27.0157,456.134
27.0202,481.260
27.0247,507.181
27.0292,533.973
27.0337,561.468
27.0382,589.733
27.0426,618.580
27.0483,655.498
27.0539,693.086
27.0600,735.141
27.0662,777.544
27.0724,820.153
27.0785,862.523
27.0908,945.523
27.1032,1023.89
27.1094,1060.43
27.1155,1094.69
27.1217,1126.46
27.1278,1155.31
27.1339,1180.53
27.1399,1202.47
27.1477,1225.54
27.1555,1242.41
27.1627,1252.30
27.1700,1256.41
27.1752,1255.76
27.1804,1252.14
27.1868,1243.60
27.1932,1230.70
27.1996,1213.59
27.2060,1192.47
27.2137,1162.29
27.2213,1127.27
27.2290,1087.95
27.2366,1044.94
27.2443,998.817
27.2519,950.359
27.2596,900.169
27.2672,848.891
27.2825,745.438
27.2978,644.544
27.3090,574.704
27.3145,541.318
27.3201,509.151
27.3257,478.169
27.3312,448.547
27.3368,420.227
27.3424,393.342
27.3500,358.597
27.3538,342.224
27.3577,326.553
27.3615,311.496
27.3653,297.124
27.3691,283.352
27.3730,270.239
27.3768,257.704
27.3806,245.766
27.3845,234.411
27.3883,223.648
27.3921,213.403
27.3959,203.710
27.3998,194.502
27.4036,185.805
27.4074,177.556
27.4112,169.757
27.4151,162.389
27.4189,155.451
27.4227,148.886
27.4265,142.709
27.4304,136.871
27.4342,131.382
27.4380,126.197
27.4418,121.313
27.4457,116.713
27.4495,112.393
27.4533,108.313
27.4571,104.482
27.4610,100.863
27.4648,97.4640
27.4685,94.3913
27.4721,91.4958
27.4758,88.7587
27.4794,86.1705
27.4831,83.7155
27.4867,81.3986
27.4940,77.1262
27.5013,73.2819
27.5086,69.8236
27.5159,66.6954
27.5232,63.8651
27.5305,61.2894
27.5378,58.9444
27.5452,56.7965
27.5525,54.8284
27.5598,53.0142
27.5671,51.3414
27.5744,49.7901
27.5817,48.3513
27.5893,46.9477
27.5970,45.6431
27.6046,44.4257
27.6123,43.2868
27.6199,42.2177
27.6276,41.2145
27.6352,40.2700
27.6429,39.3791
27.6582,37.7399
27.6735,36.2686
27.6888,34.9391
27.7041,33.7335
27.7173,32.7784
27.7306,31.8944
27.7438,31.0738
27.7570,30.3103
27.7702,29.5982
27.7834,28.9327
27.7967,28.3093
27.8099,27.7248
27.8231,27.1748
27.8363,26.6569
27.8495,26.1684
27.8627,25.7073
27.8760,25.2707
27.8892,24.8571
27.9156,24.0923
27.9309,23.6834
27.9462,23.2971
27.9615,22.9315
27.9768,22.5852
28.0074,21.9443
28.0381,21.3644
28.0687,20.8371
28.0993,20.3557
28.1299,19.9144
28.1605,19.5085
28.1869,19.1831
28.2134,18.8786
28.2398,18.5931
28.2662,18.3249
28.2927,18.0721
28.3191,17.8336
28.3456,17.6080
28.3720,17.3945
28.4249,16.9992
28.4777,16.6414
28.5306,16.3157
28.5835,16.0177
28.6197,15.8279
28.6558,15.6483
28.6920,15.4781
28.7282,15.3165
28.8005,15.0165
28.8729,14.7434
28.9453,14.4936
29.0176,14.2639
29.0900,14.0514
29.1623,13.8538
29.2235,13.6971
29.2848,13.5491
29.3460,13.4090
29.4072,13.2760
29.4684,13.1496
29.5296,13.0292
29.6521,12.8045
29.7745,12.5987
29.8970,12.4092
30.0194,12.2337
30.1419,12.0705
30.2476,11.9384
30.3534,11.8138
30.4591,11.6961
30.5648,11.5842
30.6706,11.4775
30.7763,11.3759
30.8821,11.2789
30.9878,11.1863
31.1993,11.0127
31.4108,10.8529
31.6223,10.7051
31.8338,10.5679
32.0787,10.4207
32.3236,10.2844
32.5685,10.1579
32.8134,10.0400
33.0582,9.92986
33.3031,9.82660
33.5480,9.72957
33.7929,9.63822
34.0267,9.55623
34.2604,9.47824
34.4942,9.40414
34.7279,9.33346
34.9617,9.26632
35.1954,9.20232
35.4292,9.14106
35.6630,9.08265
35.8967,9.02673
36.1305,8.97305
36.3642,8.92170
36.5980,8.87237
36.8317,8.82489
37.0655,8.77935
37.5330,8.69314
38.0228,8.60942
38.5126,8.53159
39.0023,8.45905
39.4921,8.39132
39.9819,8.32781
40.4717,8.26820
40.9614,8.21211
41.4512,8.15919
41.8074,8.12256
42.1636,8.08738
42.5198,8.05356
42.8760,8.02101
43.2322,7.98966
43.5884,7.95951
44.3008,7.90229
45.0132,7.84881
45.7256,7.79877
46.4380,7.75181
47.1504,7.70765
47.8628,7.66602
48.5752,7.62669
49.2876,7.58946
50.0000,7.55416
50.5371,7.52881
51.0742,7.50432
51.6113,7.48060
52.1484,7.45786
53.2227,7.41454
54.2969,7.37412
55.3711,7.33606
56.4453,7.30032
57.5195,7.26660
58.5938,7.23463
59.5703,7.20706
60.5469,7.18074
61.5234,7.15553
62.5000,7.13137
63.2813,7.11277
64.0625,7.09474
64.8438,7.07726
65.6250,7.06032
67.1875,7.02782
68.7500,6.99703
70.3125,6.96776
71.8750,6.93984
73.4375,6.91314
75.0000,6.88751
76.5625,6.86284
78.1250,6.83903
79.6875,6.81599
81.2500,6.79363
82.8125,6.77188
84.3750,6.75066
85.9375,6.72992
87.5000,6.70958
90.0000,6.67777
92.5000,6.64667
95.0000,6.61605
97.5000,6.58578
100.000,6.55568
102.749,6.52259
105.842,6.48509
108.935,6.44702
110.481,6.42771
112.028,6.40808
113.574,6.38829
115.120,6.36797
116.667,6.34748
118.213,6.32634
119.760,6.30489
121.306,6.28282
122.852,6.26032
124.399,6.23707
125.945,6.21311
127.492,6.18836
129.382,6.15689
131.272,6.12406
133.162,6.08963
135.052,6.05335
136.942,6.01517
138.832,5.97467
139.777,5.95355
140.722,5.93165
142.612,5.88592
144.158,5.84605
145.705,5.80379
146.478,5.78174
147.251,5.75889
148.024,5.73552
148.798,5.71109
149.571,5.68616
150.344,5.66006
151.117,5.63328
151.890,5.60542
152.664,5.57676
153.437,5.54683
154.210,5.51573
154.983,5.48340
155.928,5.44207
156.873,5.39864
157.818,5.35290
158.763,5.30465
159.708,5.25370
160.653,5.19976
161.598,5.14258
162.543,5.08188
163.446,5.02025
163.897,4.98803
164.348,4.95474
164.799,4.92041
165.250,4.88498
165.701,4.84832
166.152,4.81046
166.603,4.77130
167.054,4.73072
167.505,4.68875
167.956,4.64526
168.407,4.60012
168.858,4.55336
169.309,4.50488
169.760,4.45462
170.233,4.39967
170.705,4.34239
171.178,4.28268
171.650,4.22036
172.123,4.15529
172.595,4.08730
173.068,4.01621
173.540,3.94183
174.013,3.86394
174.485,3.78237
174.958,3.69689
175.430,3.60728
175.666,3.56085
175.903,3.51333
176.139,3.46465
176.375,3.41484
176.611,3.36382
176.848,3.31162
177.084,3.25818
177.320,3.20353
177.642,3.12700
177.965,3.04817
178.287,2.96708
178.609,2.88387
178.931,2.79860
179.253,2.71142
179.414,2.66721
179.575,2.62267
179.737,2.57784
179.898,2.53283
180.134,2.46655
180.370,2.40036
180.606,2.33458
180.843,2.26980
181.079,2.20662
181.315,2.14590
181.551,2.08863
181.669,2.06171
181.788,2.03619
181.981,1.99800
182.174,1.96528
182.367,1.93943
182.561,1.92216
182.754,1.91552
182.851,1.91697
182.947,1.92208
183.044,1.93131
183.141,1.94515
183.237,1.96417
183.334,1.98895
183.398,2.00905
183.463,2.03221
183.527,2.05871
183.592,2.08880
183.656,2.12284
183.721,2.16101
183.785,2.20371
183.849,2.25131
183.890,2.28376
183.930,2.31839
183.970,2.35531
184.011,2.39463
184.051,2.43649
184.091,2.48101
184.131,2.52834
184.172,2.57849
184.207,2.62453
184.241,2.67301
184.276,2.72404
184.311,2.77774
184.339,2.82317
184.368,2.87049
184.396,2.91979
184.424,2.97093
184.452,3.02438
184.480,3.08003
184.509,3.13797
184.537,3.19807
184.574,3.28235
184.612,3.37125
184.649,3.46504
184.687,3.56397
184.725,3.66833
184.762,3.77842
184.800,3.89456
184.837,4.01708
184.867,4.11828
184.897,4.22348
184.926,4.33322
184.956,4.44771
184.985,4.56758
185.015,4.69225
185.044,4.82236
185.074,4.95815
185.103,5.10041
185.133,5.24843
185.162,5.40355
185.192,5.56502
185.221,5.73428
185.251,5.91054
185.280,6.09475
185.310,6.28731
185.340,6.48933
185.369,6.69990
185.399,6.92094
185.428,7.15146
185.458,7.39357
185.487,7.64620
185.517,7.91078
185.546,8.18796
185.569,8.41224
185.592,8.64384
185.615,8.88408
185.638,9.13333
185.660,9.39198
185.683,9.66046
185.706,9.93921
185.729,10.2287
185.752,10.5307
185.774,10.8432
185.797,11.1680
185.820,11.5056
185.843,11.8567
185.866,12.2219
185.888,12.6019
185.911,12.9974
185.934,13.4111
185.957,13.8402
185.980,14.2872
186.003,14.7532
186.025,15.2412
186.048,15.7481
186.071,16.2771
186.094,16.8294
186.117,17.4087
186.140,18.0115
186.162,18.6416
186.185,19.3007
186.208,19.9934
186.231,20.7154
186.254,21.4718
186.276,22.2645
186.306,23.3513
186.336,24.5044
186.365,25.7330
186.395,27.0434
186.424,28.4476
186.454,29.9438
186.483,31.5455
186.513,33.2622
186.542,35.1113
186.572,37.0925
186.601,39.2331
186.631,41.5340
186.660,44.0287
186.690,46.7204
186.720,49.6505
186.749,52.8256
186.779,56.2980
186.808,60.0799
186.838,64.2241
186.867,68.7795
186.882,71.2377
186.897,73.8221
186.912,76.5419
186.926,79.3872
186.941,82.4076
186.956,85.5741
186.971,88.9431
186.985,92.4833
187.000,96.2591
187.015,100.265
187.030,104.520
187.044,109.015
187.059,113.835
187.074,118.941
187.089,124.432
187.103,130.266
187.118,136.559
187.133,143.312
187.148,150.570
187.162,158.327
187.177,166.743
187.192,175.762
187.207,185.573
187.221,196.115
187.236,207.608
187.251,220.072
187.266,233.600
187.281,248.192
187.295,264.155
187.310,281.394
187.325,300.270
187.340,320.664
187.354,343.001
187.369,367.304
187.384,393.737
187.399,422.271
187.413,453.475
187.428,487.110
187.443,523.825
187.458,563.317
187.472,606.319
187.487,652.771
187.502,702.868
187.517,756.422
187.532,814.339
187.546,876.440
187.561,942.876
187.576,1013.29
187.591,1088.75
187.605,1168.87
187.620,1253.71
187.635,1342.66
187.650,1436.91
187.664,1535.11
187.679,1638.50
187.694,1745.50
187.709,1857.36
187.724,1973.09
187.753,2213.90
187.783,2465.33
187.812,2723.14
187.850,3052.85
187.887,3371.66
187.917,3607.64
187.946,3822.63
187.968,3960.78
187.989,4082.56
188.010,4185.99
188.032,4269.37
188.046,4314.48
188.061,4348.80
188.075,4372.43
188.090,4385.18
188.097,4387.45
188.121,4375.48
188.145,4334.28
188.169,4264.90
188.193,4169.44
188.213,4073.56
188.232,3963.62
188.252,3840.71
188.271,3706.52
188.290,3563.58
188.310,3413.80
188.348,3097.77
188.390,2742.59
188.432,2391.99
188.451,2236.13
188.471,2085.81
188.490,1940.33
188.509,1801.87
188.528,1669.51
188.548,1545.00
188.567,1427.29
188.586,1317.69
188.605,1215.08
188.625,1120.39
188.644,1032.48
188.663,951.980
188.673,913.860
188.682,877.759
188.692,843.233
188.702,810.234
188.711,778.395
188.721,748.323
188.730,719.633
188.740,692.275
188.754,654.662
188.768,619.620
188.782,586.998
188.796,556.645
188.810,528.414
188.824,502.164
188.838,477.760
188.852,455.070
188.866,433.972
188.880,414.348
188.894,396.086
188.908,379.085
188.922,363.246
188.936,348.478
188.950,334.698
188.964,321.826
188.983,305.440
189.003,290.547
189.022,276.839
189.041,264.323
189.060,252.748
189.080,242.128
189.099,232.259
189.118,223.160
189.137,214.663
189.157,206.793
189.176,199.411
189.195,192.543
189.214,186.074
189.234,180.031
189.253,174.318
189.272,168.963
189.291,163.882
189.311,159.105
189.330,154.560
189.349,150.274
189.368,146.187
189.388,142.324
189.407,138.631
189.426,135.135
189.465,128.613
189.484,125.569
189.503,122.680
189.522,119.907
189.542,117.274
189.561,114.745
189.580,112.344
189.606,109.229
189.633,106.317
189.659,103.578
189.685,101.024
189.711,98.6301
189.738,96.4076
189.764,94.3348
189.790,92.4229
189.816,90.6527
189.843,89.0333
189.869,87.5478
189.895,86.2027
189.921,84.9826
189.948,83.8912
190.000,82.0554
190.000,77.4679
200.000,75.7200
212.500,73.6064
225.000,71.6801
237.500,69.9149
250.000,68.2898
262.500,66.7873
275.000,65.3927
287.500,64.0937
300.000,62.8800
312.500,61.7317
325.000,60.6530
350.000,58.6785
375.000,56.9122
400.000,55.3200
425.000,53.8519
450.000,52.5121
475.000,51.2830
500.000,50.1500
525.000,49.0903
550.000,48.1059
575.000,47.1882
600.000,46.3300
625.000,45.5194
650.000,44.7572
700.000,43.3600
750.000,42.0986
800.000,40.9600
850.000,39.9204
900.000,38.9700
950.000,38.1010
1000.00,37.2990
1062.50,36.4160
1125.00,35.6080
1187.50,34.8646
1250.00,34.1778
1312.50,33.5404
1375.00,32.9469
1437.50,32.3922
1500.00,31.8724
1600.00,31.1042
1700.00,30.4041
1775.00,29.9177
1850.00,29.4608
1925.00,29.0304
2000.00,28.6240
2125.00,27.9720
2250.00,27.3740
2375.00,26.8226
2500.00,26.3121
2625.00,25.8375
2750.00,25.3946
2875.00,24.9801
3000.00,24.5910
3125.00,24.2003
3250.00,23.8317
3500.00,23.1528
3750.00,22.5407
4000.00,21.9850
4250.00,21.4720
4500.00,21.0007
4750.00,20.5655
5000.00,20.1620
5250.00,19.8104
5500.00,19.4816
5750.00,19.1732
6000.00,18.8830
6500.00,18.3860
7000.00,17.9390
7500.00,17.5502
8000.00,17.1950
8500.00,16.8816
9000.00,16.5920
9500.00,16.3312
10000.0,16.0880
10625.0,15.8130
11250.0,15.5583
11875.0,15.3214
12500.0,15.1002
13750.0,14.6983
15000.0,14.3412
16000.0,14.0824
17000.0,13.8437
18500.0,13.5181
20000.0,13.2250
22500.0,12.8170
25000.0,12.4630
27500.0,12.1515
30000.0,11.8740
32500.0,11.6486
35000.0,11.4438
37500.0,11.2564
40000.0,11.0840
45000.0,10.7933
50000.0,10.5398
55000.0,10.3222
60000.0,10.1276
65000.0,9.95614
70000.0,9.80000
80000.0,9.53200
88256.9,9.31930
90000.0,9.30885
95000.0,9.21062
100000,9.12074
105000,9.03505
110000,8.95616
120000,8.81610
130000,8.68764
140000,8.57630
150000,8.47347
160000,8.38300
170000,8.29839
180000,8.22310
200000,8.08970
225000,7.94929
250000,7.83940
275000,7.74661
288272,7.70513
300000,7.67287
350000,7.55842
400000,7.47790
450000,7.42151
500000,7.38089
550000,7.35209
588765,7.33420
600000,7.33020
650000,7.31122
700000,7.29279
750000,7.27732
800000,7.26053
850000,7.24418
900000,7.22637
950000,7.20872
975846,7.16754
989759,7.14587
1.00000E+06,7.19216
1.07336E+06,7.06843
1.10000E+06,7.04965
1.10460E+06,7.04657
1.16093E+06,7.04840
1.16797E+06,7.05532
1.17824E+06,7.07548
1.20000E+06,7.12247
1.20419E+06,7.11102
1.23840E+06,7.03238
1.24059E+06,7.02830
1.25000E+06,7.01987
1.28467E+06,6.99236
1.29473E+06,6.99573
1.30000E+06,6.99915
1.35000E+06,7.03721
1.40000E+06,7.08478
1.50000E+06,7.05430
1.60000E+06,7.03006
1.80000E+06,6.97221
2.00000E+06,6.90709
2.20000E+06,6.83367
2.40000E+06,6.75261
2.50000E+06,6.70779
2.60000E+06,6.66580
2.70000E+06,6.61872
2.80000E+06,6.57447
2.90000E+06,6.52624
3.00000E+06,6.48092
3.12500E+06,6.41766
3.25000E+06,6.35871
3.37500E+06,6.29485
3.50000E+06,6.23572
3.56250E+06,6.20327
3.62500E+06,6.17201
3.75000E+06,6.11278
3.87500E+06,6.05093
4.00000E+06,5.99276
4.12500E+06,5.93360
4.25000E+06,5.87788
4.37500E+06,5.82223
4.50000E+06,5.76957
4.56250E+06,5.74267
4.62500E+06,5.71669
4.68750E+06,5.69156
4.75000E+06,5.66726
4.87500E+06,5.61910
5.00000E+06,5.57337
5.06250E+06,5.55092
5.12500E+06,5.52903
5.25000E+06,5.48682
5.37500E+06,5.44654
5.50000E+06,5.40806
5.56250E+06,5.38948
5.62500E+06,5.37136
5.68750E+06,5.35368
5.75000E+06,5.33641
5.81250E+06,5.31954
5.87500E+06,5.30305
5.93750E+06,5.28692
6.00000E+06,5.27113
6.06250E+06,5.25651
6.12500E+06,5.24215
6.18750E+06,5.22806
6.25000E+06,5.21422
6.31250E+06,5.20063
6.35324E+06,5.19189
6.37500E+06,5.18726
6.43750E+06,5.17412
6.50000E+06,5.16119
6.56250E+06,5.15013
6.62500E+06,5.13928
6.68750E+06,5.12862
6.75000E+06,5.11815
6.81250E+06,5.10785
6.87500E+06,5.09772
6.93750E+06,5.08775
7.00000E+06,5.07793
7.06250E+06,5.07031
7.12500E+06,5.06279
7.18750E+06,5.05537
7.25000E+06,5.04804
7.31250E+06,5.04080
7.37500E+06,5.03365
7.43750E+06,5.02659
7.50000E+06,5.01959
7.56250E+06,5.01500
7.62500E+06,5.01048
7.68750E+06,5.00601
7.75000E+06,5.00160
7.81250E+06,4.99725
7.87500E+06,4.99294
7.93750E+06,4.98868
8.00000E+06,4.98447
8.06250E+06,4.98224
8.12500E+06,4.98004
8.18750E+06,4.97785
8.25000E+06,4.97568
8.31250E+06,4.97352
8.37500E+06,4.97138
8.43750E+06,4.96924
8.50000E+06,4.96712
8.56250E+06,4.96701
8.62500E+06,4.96691
8.68750E+06,4.96680
8.75000E+06,4.96670
8.81250E+06,4.96659
8.87500E+06,4.96648
8.93750E+06,4.96637
9.00000E+06,4.96626
9.10628E+06,4.95583
9.20471E+06,4.96149
9.30314E+06,4.96712
9.40157E+06,4.97271
9.50000E+06,4.97828
9.62500E+06,4.98365
9.75000E+06,4.98896
9.87500E+06,4.99421
1.00000E+07,4.99940
1.01250E+07,5.00726
1.02500E+07,5.01505
1.03750E+07,5.02277
1.05000E+07,5.03043
1.06250E+07,5.03801
1.07500E+07,5.04552
1.08750E+07,5.05296
1.10000E+07,5.06034
1.12500E+07,5.07862
1.15000E+07,5.09664
1.17500E+07,5.11439
1.20000E+07,5.13188
1.22500E+07,5.14908
1.25000E+07,5.16604
1.27500E+07,5.18275
1.28934E+07,5.19224
1.30000E+07,5.19924
1.32500E+07,5.21366
1.35000E+07,5.22787
1.37500E+07,5.24187
1.40000E+07,5.25566
1.42500E+07,5.26593
1.45000E+07,5.27602
1.47500E+07,5.28594
1.50000E+07,5.29569
1.52500E+07,5.30111
1.55000E+07,5.30641
1.57500E+07,5.31158
1.60000E+07,5.31663
1.62257E+07,5.31642
1.66128E+07,5.31736
1.70000E+07,5.31815
1.72500E+07,5.31340
1.75000E+07,5.30866
1.77500E+07,5.30393
1.80000E+07,5.29921
1.82500E+07,5.29002
1.85000E+07,5.28092
1.87500E+07,5.27189
1.90000E+07,5.26294
1.92500E+07,5.24971
1.95000E+07,5.23663
1.97500E+07,5.22370
2.00000E+07,5.21092
